fbus;tbus;r;x;b;rateA;rateB;rateC;ratio;angle;status;angmin;angmax
9;11;0.00064;0.0305;0.0;400.0;400.0;400.0;1.10224;0.0;1;-30.0;30.0
13;12;0.00069;0.03946;0.0;250.0;250.0;250.0;0.9999;0.0;1;-30.0;30.0
21;19;0.00088;0.05709;0.0;330.0;330.0;330.0;0.9999;0.0;1;-30.0;30.0
36;35;0.0007;0.03652;0.0;250.0;250.0;250.0;0.9999;0.0;1;-30.0;30.0
37;40;0.00036;0.02519;0.0;500.0;500.0;500.0;1.0686;0.0;1;-30.0;30.0
38;41;0.00036;0.02519;0.0;500.0;500.0;500.0;1.08671;0.0;1;-30.0;30.0
55;56;0.00034;0.02097;0.0;500.0;500.0;500.0;1.0755;0.0;1;-30.0;30.0
59;61;0.00034;0.02097;0.0;500.0;500.0;500.0;1.05955;0.0;1;-30.0;30.0
70;72;0.00081;0.03;0.0;400.0;400.0;400.0;1.0876;0.0;1;-30.0;30.0
107;109;0.00075;0.02445;-0.00832;330.0;330.0;330.0;1.06467;0.0;1;-30.0;30.0
108;110;0.0004;0.0253;0.0;500.0;500.0;500.0;1.07013;0.0;1;-30.0;30.0
144;147;0.00053;0.02875;-0.016;400.0;400.0;400.0;1.07702;0.0;1;-30.0;30.0
173;174;0.00064;0.0305;0.0;400.0;400.0;400.0;1.06172;0.0;1;-30.0;30.0
182;183;0.00023;0.023;0.0;500.0;500.0;500.0;1.07426;0.0;1;-30.0;30.0
181;184;0.00023;0.023;0.0;500.0;500.0;500.0;1.07426;0.0;1;-30.0;30.0
188;187;0.00032;0.04392;0.0;330.0;330.0;330.0;0.9999;0.0;1;-30.0;30.0
191;193;0.0003;0.02732;0.0;500.0;500.0;500.0;1.10871;0.0;1;-30.0;30.0
198;200;0.00035;0.02375;0.0;500.0;500.0;500.0;1.07313;0.0;1;-30.0;30.0
212;213;0.00051;0.0275;0.0;400.0;400.0;400.0;1.10394;0.0;1;-30.0;30.0
217;215;0.00084;0.06858;0.0;250.0;250.0;250.0;0.9999;0.0;1;-30.0;30.0
220;222;0.00033;0.02711;0.0;500.0;500.0;500.0;1.08613;0.0;1;-30.0;30.0
224;222;0.00032;0.0464;0.0;330.0;330.0;330.0;0.9999;0.0;1;-30.0;30.0
231;229;0.00113;0.05647;0.0;330.0;330.0;330.0;0.9999;0.0;1;-30.0;30.0
228;230;0.00075;0.02469;-0.008;330.0;330.0;330.0;1.04544;0.0;1;-30.0;30.0
3010;183;0.00029;0.00317;0.09184;773.0;773.0;773.0;1.0;0.0;1;-30.0;30.0
3010;184;0.0003;0.00326;0.09536;771.0;771.0;771.0;1.0;0.0;1;-30.0;30.0
244;84;0.01475;0.08595;0.13036;315.0;315.0;315.0;1.0;0.0;1;-30.0;30.0
3007;92;0.01244;0.06959;0.1181;309.0;309.0;309.0;1.0;0.0;1;-30.0;30.0
3007;122;0.01207;0.06905;0.11519;312.0;312.0;312.0;1.0;0.0;1;-30.0;30.0
146;3008;0.00168;0.01604;0.51488;724.0;724.0;724.0;1.0;0.0;1;-30.0;30.0
3011;172;0.0018;0.01616;0.0484;387.0;387.0;387.0;1.0;0.0;1;-30.0;30.0
3011;173;0.0018;0.01616;0.0484;387.0;387.0;387.0;1.0;0.0;1;-30.0;30.0
3012;63;0.00223;0.02209;0.69011;737.0;737.0;737.0;1.0;0.0;1;-30.0;30.0
3012;64;0.00223;0.02209;0.69011;737.0;737.0;737.0;1.0;0.0;1;-30.0;30.0
99;3006;0.00293;0.03054;0.95472;755.0;755.0;755.0;1.0;0.0;1;-30.0;30.0
58;30;0.01174;0.07014;0.12689;319.0;319.0;319.0;1.0;0.0;1;-30.0;30.0
37;107;0.00919;0.06614;0.10451;348.0;348.0;348.0;1.0;0.0;1;-30.0;30.0
38;108;0.00822;0.05767;0.0982;344.0;344.0;344.0;1.0;0.0;1;-30.0;30.0
169;42;0.01698;0.12459;0.1957;256.0;256.0;256.0;1.0;0.0;1;-30.0;30.0
155;48;0.01298;0.06738;0.10284;298.0;298.0;298.0;1.0;0.0;1;-30.0;30.0
154;27;0.01068;0.0475;0.09495;277.0;277.0;277.0;1.0;0.0;1;-30.0;30.0
191;28;0.01436;0.10729;0.16081;298.0;298.0;298.0;1.0;0.0;1;-30.0;30.0
55;126;0.01488;0.08161;0.1148;306.0;306.0;306.0;1.0;0.0;1;-30.0;30.0
54;108;0.01116;0.07171;0.10367;330.0;330.0;330.0;1.0;0.0;1;-30.0;30.0
207;100;0.00552;0.05948;0.17077;422.0;422.0;422.0;1.0;0.0;1;-30.0;30.0
238;192;0.01118;0.06597;0.10778;317.0;317.0;317.0;1.0;0.0;1;-30.0;30.0
226;191;0.01682;0.08909;0.12993;301.0;301.0;301.0;1.0;0.0;1;-30.0;30.0
225;192;0.01384;0.08702;0.13484;327.0;327.0;327.0;1.0;0.0;1;-30.0;30.0
242;195;0.01517;0.09938;0.14492;274.0;274.0;274.0;1.0;0.0;1;-30.0;30.0
59;16;0.01347;0.07316;0.13418;305.0;305.0;305.0;1.0;0.0;1;-30.0;30.0
233;25;0.01403;0.10413;0.15949;307.0;307.0;307.0;1.0;0.0;1;-30.0;30.0
117;70;0.00374;0.0438;0.10096;439.0;439.0;439.0;1.0;0.0;1;-30.0;30.0
190;99;0.00194;0.02007;0.54307;753.0;753.0;753.0;1.0;0.0;1;-30.0;30.0
60;12;0.0015;0.01506;0.4032;742.0;742.0;742.0;1.0;0.0;1;-30.0;30.0
214;174;0.00296;0.03484;0.9296;800.0;800.0;800.0;1.0;0.0;1;-30.0;30.0
138;72;0.00169;0.01931;0.53814;789.0;789.0;789.0;1.0;0.0;1;-30.0;30.0
41;110;0.00137;0.01569;0.43744;790.0;790.0;790.0;1.0;0.0;1;-30.0;30.0
40;141;0.00234;0.02677;0.74653;790.0;790.0;790.0;1.0;0.0;1;-30.0;30.0
34;222;0.00217;0.02513;0.67098;794.0;794.0;794.0;1.0;0.0;1;-30.0;30.0
138;80;0.00152;0.01739;0.48083;790.0;790.0;790.0;1.0;0.0;1;-30.0;30.0
140;80;0.00468;0.05347;1.48883;537.0;537.0;537.0;1.0;0.0;1;-30.0;30.0
99;44;0.00355;0.03617;0.95894;747.0;747.0;747.0;1.0;0.0;1;-30.0;30.0
109;40;0.00195;0.02103;0.5679;768.0;768.0;768.0;1.0;0.0;1;-30.0;30.0
63;139;0.00144;0.01446;0.51213;742.0;742.0;742.0;1.0;0.0;1;-30.0;30.0
14;6;0.013;0.09781;0.14013;326.0;326.0;326.0;1.0;0.0;1;-30.0;30.0
43;14;0.00525;0.03847;0.06053;351.0;351.0;351.0;1.0;0.0;1;-30.0;30.0
33;6;0.00457;0.03351;0.05245;352.0;352.0;352.0;1.0;0.0;1;-30.0;30.0
24;9;0.01469;0.10915;0.16676;293.0;293.0;293.0;1.0;0.0;1;-30.0;30.0
29;16;0.01262;0.09326;0.14324;342.0;342.0;342.0;1.0;0.0;1;-30.0;30.0
37;7;0.00924;0.05052;0.07698;306.0;306.0;306.0;1.0;0.0;1;-30.0;30.0
24;3;0.01068;0.07936;0.12155;274.0;274.0;274.0;1.0;0.0;1;-30.0;30.0
37;27;0.00585;0.04027;0.07161;341.0;341.0;341.0;1.0;0.0;1;-30.0;30.0
39;26;0.00585;0.04027;0.07161;341.0;341.0;341.0;1.0;0.0;1;-30.0;30.0
15;8;0.00558;0.04147;0.0629;354.0;354.0;354.0;1.0;0.0;1;-30.0;30.0
46;14;0.00089;0.0063;0.0108;346.0;346.0;346.0;1.0;0.0;1;-30.0;30.0
31;15;0.00442;0.02374;0.04477;303.0;303.0;303.0;1.0;0.0;1;-30.0;30.0
47;7;0.00494;0.0269;0.04225;305.0;305.0;305.0;1.0;0.0;1;-30.0;30.0
26;6;0.00287;0.01671;0.02467;315.0;315.0;315.0;1.0;0.0;1;-30.0;30.0
37;1;0.0012;0.0089;0.01512;353.0;353.0;353.0;1.0;0.0;1;-30.0;30.0
39;2;0.0012;0.0089;0.01513;353.0;353.0;353.0;1.0;0.0;1;-30.0;30.0
38;32;0.00399;0.02901;0.04808;350.0;350.0;350.0;1.0;0.0;1;-30.0;30.0
34;12;0.00298;0.03445;0.94221;794.0;794.0;794.0;1.0;0.0;1;-30.0;30.0
40;34;0.00358;0.04122;1.13382;696.0;696.0;696.0;1.0;0.0;1;-30.0;30.0
20;41;0.00342;0.03928;1.08288;730.0;730.0;730.0;1.0;0.0;1;-30.0;30.0
11;22;0.00286;0.0335;0.89392;799.0;799.0;799.0;1.0;0.0;1;-30.0;30.0
11;20;0.0011;0.01259;0.3496;790.0;790.0;790.0;1.0;0.0;1;-30.0;30.0
44;41;0.00076;0.00868;0.24096;789.0;789.0;789.0;1.0;0.0;1;-30.0;30.0
79;74;0.01054;0.06151;0.09306;315.0;315.0;315.0;1.0;0.0;1;-30.0;30.0
76;71;0.00905;0.06723;0.10296;354.0;354.0;354.0;1.0;0.0;1;-30.0;30.0
83;49;0.0114;0.06587;0.09975;274.0;274.0;274.0;1.0;0.0;1;-30.0;30.0
66;49;0.0107;0.06628;0.10825;324.0;324.0;324.0;1.0;0.0;1;-30.0;30.0
74;57;0.00543;0.03733;0.06668;341.0;341.0;341.0;1.0;0.0;1;-30.0;30.0
75;59;0.00543;0.03733;0.06668;341.0;341.0;341.0;1.0;0.0;1;-30.0;30.0
75;49;0.00657;0.0481;0.0727;351.0;351.0;351.0;1.0;0.0;1;-30.0;30.0
84;67;0.00302;0.0201;0.03069;336.0;336.0;336.0;1.0;0.0;1;-30.0;30.0
67;53;0.007;0.05138;0.08084;352.0;352.0;352.0;1.0;0.0;1;-30.0;30.0
51;70;0.00329;0.02506;0.0439;358.0;358.0;358.0;1.0;0.0;1;-30.0;30.0
52;50;0.00789;0.05868;0.08985;354.0;354.0;354.0;1.0;0.0;1;-30.0;30.0
71;52;0.00558;0.04062;0.06491;350.0;350.0;350.0;1.0;0.0;1;-30.0;30.0
83;51;0.00452;0.03366;0.05156;354.0;354.0;354.0;1.0;0.0;1;-30.0;30.0
83;82;0.00134;0.00996;0.01337;354.0;354.0;354.0;1.0;0.0;1;-30.0;30.0
78;57;0.00618;0.04353;0.07649;345.0;345.0;345.0;1.0;0.0;1;-30.0;30.0
79;58;0.00618;0.04353;0.07649;345.0;345.0;345.0;1.0;0.0;1;-30.0;30.0
78;54;0.01219;0.0637;0.09333;299.0;299.0;299.0;1.0;0.0;1;-30.0;30.0
77;55;0.00246;0.01826;0.02798;354.0;354.0;354.0;1.0;0.0;1;-30.0;30.0
62;54;0.00242;0.01531;0.02249;328.0;328.0;328.0;1.0;0.0;1;-30.0;30.0
65;61;0.0017;0.01977;0.53386;796.0;796.0;796.0;1.0;0.0;1;-30.0;30.0
73;69;0.00116;0.013;0.33856;782.0;782.0;782.0;1.0;0.0;1;-30.0;30.0
56;72;0.00218;0.02536;0.68579;796.0;796.0;796.0;1.0;0.0;1;-30.0;30.0
80;73;0.00105;0.01123;0.28195;765.0;765.0;765.0;1.0;0.0;1;-30.0;30.0
64;81;0.00119;0.01428;0.36666;808.0;808.0;808.0;1.0;0.0;1;-30.0;30.0
68;60;0.00184;0.02139;0.5777;796.0;796.0;796.0;1.0;0.0;1;-30.0;30.0
113;144;0.00488;0.03362;0.05961;341.0;341.0;341.0;1.0;0.0;1;-30.0;30.0
91;124;0.01093;0.05919;0.08439;290.0;290.0;290.0;1.0;0.0;1;-30.0;30.0
124;111;0.00194;0.01415;0.0223;351.0;351.0;351.0;1.0;0.0;1;-30.0;30.0
95;150;0.00192;0.01355;0.023;345.0;345.0;345.0;1.0;0.0;1;-30.0;30.0
150;102;0.00238;0.01667;0.02846;344.0;344.0;344.0;1.0;0.0;1;-30.0;30.0
123;150;0.00279;0.02017;0.03204;349.0;349.0;349.0;1.0;0.0;1;-30.0;30.0
151;149;0.00066;0.00496;0.00758;356.0;356.0;356.0;1.0;0.0;1;-30.0;30.0
123;151;0.00537;0.04039;0.06005;356.0;356.0;356.0;1.0;0.0;1;-30.0;30.0
108;151;0.00083;0.00525;0.00868;305.0;305.0;305.0;1.0;0.0;1;-30.0;30.0
117;137;0.01589;0.0876;0.11682;307.0;307.0;307.0;1.0;0.0;1;-30.0;30.0
97;130;0.00217;0.01459;0.02575;316.0;316.0;316.0;1.0;0.0;1;-30.0;30.0
134;118;0.01773;0.11678;0.16361;273.0;273.0;273.0;1.0;0.0;1;-30.0;30.0
145;90;0.00593;0.04093;0.07215;342.0;342.0;342.0;1.0;0.0;1;-30.0;30.0
125;107;0.0039;0.02847;0.04498;351.0;351.0;351.0;1.0;0.0;1;-30.0;30.0
136;95;0.00816;0.04242;0.0612;298.0;298.0;298.0;1.0;0.0;1;-30.0;30.0
137;94;0.00816;0.04242;0.0612;298.0;298.0;298.0;1.0;0.0;1;-30.0;30.0
95;92;0.00519;0.03839;0.05875;353.0;353.0;353.0;1.0;0.0;1;-30.0;30.0
94;89;0.00213;0.01403;0.0226;334.0;334.0;334.0;1.0;0.0;1;-30.0;30.0
131;94;0.00463;0.02775;0.04612;319.0;319.0;319.0;1.0;0.0;1;-30.0;30.0
120;88;0.01122;0.07074;0.11571;290.0;290.0;290.0;1.0;0.0;1;-30.0;30.0
127;135;0.00601;0.04147;0.07364;342.0;342.0;342.0;1.0;0.0;1;-30.0;30.0
108;85;0.00207;0.01279;0.02055;316.0;316.0;316.0;1.0;0.0;1;-30.0;30.0
103;107;0.00136;0.0099;0.01586;350.0;350.0;350.0;1.0;0.0;1;-30.0;30.0
148;104;0.00058;0.00417;0.00684;348.0;348.0;348.0;1.0;0.0;1;-30.0;30.0
152;92;0.00085;0.00624;0.00954;352.0;352.0;352.0;1.0;0.0;1;-30.0;30.0
153;93;0.00085;0.00626;0.00948;352.0;352.0;352.0;1.0;0.0;1;-30.0;30.0
119;93;0.00159;0.01112;0.01913;344.0;344.0;344.0;1.0;0.0;1;-30.0;30.0
144;121;0.00314;0.02159;0.03839;341.0;341.0;341.0;1.0;0.0;1;-30.0;30.0
145;128;0.00455;0.03157;0.05531;342.0;342.0;342.0;1.0;0.0;1;-30.0;30.0
121;101;0.00145;0.01008;0.01719;343.0;343.0;343.0;1.0;0.0;1;-30.0;30.0
122;112;0.00384;0.02721;0.04517;346.0;346.0;346.0;1.0;0.0;1;-30.0;30.0
129;96;0.00777;0.04128;0.06391;302.0;302.0;302.0;1.0;0.0;1;-30.0;30.0
106;94;0.00446;0.03041;0.04867;290.0;290.0;290.0;1.0;0.0;1;-30.0;30.0
135;125;0.00589;0.03506;0.05235;318.0;318.0;318.0;1.0;0.0;1;-30.0;30.0
126;116;0.00316;0.02378;0.03527;356.0;356.0;356.0;1.0;0.0;1;-30.0;30.0
134;95;0.00184;0.0126;0.0224;340.0;340.0;340.0;1.0;0.0;1;-30.0;30.0
123;105;0.00171;0.00961;0.01424;310.0;310.0;310.0;1.0;0.0;1;-30.0;30.0
115;95;0.00341;0.02442;0.03997;348.0;348.0;348.0;1.0;0.0;1;-30.0;30.0
135;94;0.00184;0.0126;0.02239;340.0;340.0;340.0;1.0;0.0;1;-30.0;30.0
100;114;0.0057;0.04149;0.06617;350.0;350.0;350.0;1.0;0.0;1;-30.0;30.0
143;136;0.00459;0.02463;0.03616;303.0;303.0;303.0;1.0;0.0;1;-30.0;30.0
142;127;0.00215;0.01333;0.02211;325.0;325.0;325.0;1.0;0.0;1;-30.0;30.0
117;87;0.00079;0.00488;0.00726;137.0;137.0;137.0;1.0;0.0;1;-30.0;30.0
118;86;0.00079;0.00488;0.00724;137.0;137.0;137.0;1.0;0.0;1;-30.0;30.0
110;146;0.00241;0.02782;0.77066;793.0;793.0;793.0;1.0;0.0;1;-30.0;30.0
99;147;0.00213;0.02432;0.67744;789.0;789.0;789.0;1.0;0.0;1;-30.0;30.0
140;132;0.00091;0.0104;0.28989;789.0;789.0;789.0;1.0;0.0;1;-30.0;30.0
141;139;0.00312;0.03563;0.99107;789.0;789.0;789.0;1.0;0.0;1;-30.0;30.0
132;147;0.00092;0.01051;0.29293;789.0;789.0;789.0;1.0;0.0;1;-30.0;30.0
202;181;0.01039;0.08983;0.11422;356.0;356.0;356.0;1.0;0.0;1;-30.0;30.0
203;180;0.01039;0.08983;0.11422;356.0;356.0;356.0;1.0;0.0;1;-30.0;30.0
205;180;0.01455;0.0813;0.13279;309.0;309.0;309.0;1.0;0.0;1;-30.0;30.0
206;181;0.01455;0.0813;0.13279;309.0;309.0;309.0;1.0;0.0;1;-30.0;30.0
158;206;0.00519;0.03965;0.05836;358.0;358.0;358.0;1.0;0.0;1;-30.0;30.0
158;168;0.00083;0.00645;0.00951;361.0;361.0;361.0;1.0;0.0;1;-30.0;30.0
192;163;0.01105;0.08107;0.12824;352.0;352.0;352.0;1.0;0.0;1;-30.0;30.0
159;182;0.00597;0.04473;0.06735;355.0;355.0;355.0;1.0;0.0;1;-30.0;30.0
199;202;0.01736;0.10969;0.16268;290.0;290.0;290.0;1.0;0.0;1;-30.0;30.0
176;203;0.00938;0.06093;0.08934;332.0;332.0;332.0;1.0;0.0;1;-30.0;30.0
179;181;0.01246;0.09134;0.14349;349.0;349.0;349.0;1.0;0.0;1;-30.0;30.0
156;160;0.00514;0.03826;0.05933;305.0;305.0;305.0;1.0;0.0;1;-30.0;30.0
172;166;0.01062;0.0789;0.12085;354.0;354.0;354.0;1.0;0.0;1;-30.0;30.0
178;209;0.00769;0.0569;0.08673;353.0;353.0;353.0;1.0;0.0;1;-30.0;30.0
178;208;0.00225;0.01667;0.02541;286.0;286.0;286.0;1.0;0.0;1;-30.0;30.0
199;170;0.01851;0.1088;0.14435;292.0;292.0;292.0;1.0;0.0;1;-30.0;30.0
204;198;0.00236;0.01411;0.02031;229.0;229.0;229.0;1.0;0.0;1;-30.0;30.0
198;163;0.00355;0.02607;0.04096;352.0;352.0;352.0;1.0;0.0;1;-30.0;30.0
199;194;0.013;0.07589;0.11484;315.0;315.0;315.0;1.0;0.0;1;-30.0;30.0
198;177;0.00934;0.0539;0.08683;314.0;314.0;314.0;1.0;0.0;1;-30.0;30.0
170;154;0.00698;0.0374;0.05463;303.0;303.0;303.0;1.0;0.0;1;-30.0;30.0
169;155;0.00436;0.03202;0.0503;352.0;352.0;352.0;1.0;0.0;1;-30.0;30.0
191;170;0.0006;0.00351;0.00555;316.0;316.0;316.0;1.0;0.0;1;-30.0;30.0
192;169;0.0006;0.00351;0.00555;316.0;316.0;316.0;1.0;0.0;1;-30.0;30.0
179;166;0.01058;0.07762;0.12203;352.0;352.0;352.0;1.0;0.0;1;-30.0;30.0
185;172;0.00469;0.03486;0.05338;354.0;354.0;354.0;1.0;0.0;1;-30.0;30.0
173;164;0.00568;0.04012;0.07033;345.0;345.0;345.0;1.0;0.0;1;-30.0;30.0
196;164;0.00105;0.00733;0.01258;343.0;343.0;343.0;1.0;0.0;1;-30.0;30.0
197;185;0.00744;0.05397;0.09307;350.0;350.0;350.0;1.0;0.0;1;-30.0;30.0
206;157;0.00221;0.01618;0.02541;351.0;351.0;351.0;1.0;0.0;1;-30.0;30.0
207;205;0.00525;0.03837;0.06052;351.0;351.0;351.0;1.0;0.0;1;-30.0;30.0
210;202;0.00236;0.01746;0.02676;353.0;353.0;353.0;1.0;0.0;1;-30.0;30.0
183;161;0.00274;0.02778;0.69846;746.0;746.0;746.0;1.0;0.0;1;-30.0;30.0
189;162;0.00171;0.01741;0.45456;747.0;747.0;747.0;1.0;0.0;1;-30.0;30.0
187;190;0.00136;0.01599;0.41965;800.0;800.0;800.0;1.0;0.0;1;-30.0;30.0
200;175;0.00373;0.04344;1.172;661.0;661.0;661.0;1.0;0.0;1;-30.0;30.0
218;225;0.02738;0.14254;0.20047;222.0;222.0;222.0;1.0;0.0;1;-30.0;30.0
232;238;0.02709;0.15992;0.26125;199.0;199.0;199.0;1.0;0.0;1;-30.0;30.0
219;243;0.01909;0.11277;0.16673;274.0;274.0;274.0;1.0;0.0;1;-30.0;30.0
221;226;0.008;0.05936;0.10081;354.0;354.0;354.0;1.0;0.0;1;-30.0;30.0
225;211;0.00186;0.02155;0.05317;437.0;437.0;437.0;1.0;0.0;1;-30.0;30.0
237;239;0.00738;0.05486;0.09318;274.0;274.0;274.0;1.0;0.0;1;-30.0;30.0
220;236;0.00556;0.04198;0.06158;274.0;274.0;274.0;1.0;0.0;1;-30.0;30.0
233;228;0.00205;0.01421;0.02506;342.0;342.0;342.0;1.0;0.0;1;-30.0;30.0
243;212;0.00568;0.04215;0.0716;354.0;354.0;354.0;1.0;0.0;1;-30.0;30.0
235;213;0.00131;0.01547;0.41152;802.0;802.0;802.0;1.0;0.0;1;-30.0;30.0
215;222;0.00224;0.02606;0.70304;796.0;796.0;796.0;1.0;0.0;1;-30.0;30.0
229;216;0.0024;0.02795;0.75408;796.0;796.0;796.0;1.0;0.0;1;-30.0;30.0
240;234;0.0015;0.01768;0.46944;801.0;801.0;801.0;1.0;0.0;1;-30.0;30.0
215;240;0.00133;0.01553;0.41901;797.0;797.0;797.0;1.0;0.0;1;-30.0;30.0
216;241;0.00133;0.01553;0.41898;797.0;797.0;797.0;1.0;0.0;1;-30.0;30.0
486;1;0.00157;0.06612;0.0;160.0;160.0;160.0;0.99491;0.0;1;-30.0;30.0
487;2;0.00157;0.06612;0.0;160.0;160.0;160.0;0.9909;0.0;1;-30.0;30.0
310;308;0.00101;0.04727;0.0;300.0;300.0;300.0;0.91667;0.0;1;-30.0;30.0
310;41;0.00079;0.03678;0.0;426.0;426.0;426.0;0.91667;0.0;1;-30.0;30.0
313;4;0.00165;0.06736;0.0;160.0;160.0;160.0;1.04356;0.0;1;-30.0;30.0
5;3;0.00068;0.08078;0.0;160.0;160.0;160.0;0.9999;0.0;1;-30.0;30.0
314;5;0.00072;-0.01281;0.0;160.0;160.0;160.0;1.02537;0.0;1;-30.0;30.0
315;5;-0.00012;0.1674;0.0;253.0;253.0;253.0;0.94157;0.0;1;-30.0;30.0
347;6;0.00165;0.06901;0.0;160.0;160.0;160.0;1.03315;0.0;1;-30.0;30.0
348;7;0.00165;0.06901;0.0;160.0;160.0;160.0;1.03303;0.0;1;-30.0;30.0
10;8;0.00079;0.07524;0.0;160.0;160.0;160.0;0.9999;0.0;1;-30.0;30.0
425;10;0.00081;-0.00714;0.0;160.0;160.0;160.0;1.00521;0.0;1;-30.0;30.0
427;10;-0.00024;0.15701;0.0;269.0;269.0;269.0;0.94157;0.0;1;-30.0;30.0
426;8;0.00165;0.0686;0.0;160.0;160.0;160.0;1.02676;0.0;1;-30.0;30.0
426;13;0.00066;0.0269;0.0;250.0;250.0;250.0;1.10119;0.0;1;-30.0;30.0
428;13;-0.00044;0.00942;0.0;50.0;50.0;50.0;0.98438;0.0;1;-30.0;30.0
17;14;0.00059;0.07897;0.0;160.0;160.0;160.0;0.9999;0.0;1;-30.0;30.0
439;17;0.0006;-0.01352;0.0;160.0;160.0;160.0;1.07516;0.0;1;-30.0;30.0
442;17;-0.00467;0.16067;0.0;16.0;16.0;16.0;0.94157;0.0;1;-30.0;30.0
18;15;0.00062;0.08296;0.0;160.0;160.0;160.0;0.9999;0.0;1;-30.0;30.0
440;18;0.00062;-0.01547;0.0;160.0;160.0;160.0;1.07516;0.0;1;-30.0;30.0
443;18;-0.00056;0.17867;0.0;16.0;16.0;16.0;0.94157;0.0;1;-30.0;30.0
441;16;0.00165;0.06775;0.0;160.0;160.0;160.0;1.09622;0.0;1;-30.0;30.0
450;21;0.00011;-0.00462;0.0;330.0;330.0;330.0;1.09089;0.0;1;-30.0;30.0
452;21;0.00452;0.07233;0.0;63.0;63.0;63.0;0.96037;0.0;1;-30.0;30.0
459;22;0.00087;0.05244;-0.02144;330.0;330.0;330.0;1.1175;0.0;1;-30.0;30.0
479;24;0.00124;0.06839;0.0;160.0;160.0;160.0;1.02703;0.0;1;-30.0;30.0
478;25;0.00124;0.06839;0.0;160.0;160.0;160.0;1.01196;0.0;1;-30.0;30.0
484;26;0.00165;0.06901;0.0;160.0;160.0;160.0;1.04795;0.0;1;-30.0;30.0
485;27;0.00165;0.06901;0.0;160.0;160.0;160.0;1.02755;0.0;1;-30.0;30.0
491;28;0.00155;0.06612;0.0;160.0;160.0;160.0;1.08759;0.0;1;-30.0;30.0
492;29;0.00157;0.06612;0.0;160.0;160.0;160.0;1.09829;0.0;1;-30.0;30.0
498;30;0.00165;0.06901;0.0;160.0;160.0;160.0;1.09028;0.0;1;-30.0;30.0
499;31;0.00165;0.06901;0.0;160.0;160.0;160.0;1.09028;0.0;1;-30.0;30.0
500;32;0.00157;0.06798;0.0;160.0;160.0;160.0;1.01602;0.0;1;-30.0;30.0
501;33;0.00165;0.06901;0.0;160.0;160.0;160.0;1.02703;0.0;1;-30.0;30.0
509;36;0.00067;0.023;0.0;250.0;250.0;250.0;1.11802;0.0;1;-30.0;30.0
511;36;-0.00044;0.01252;0.0;50.0;50.0;50.0;0.98438;0.0;1;-30.0;30.0
571;43;0.00165;0.06818;0.0;160.0;160.0;160.0;1.13473;0.0;1;-30.0;30.0
601;44;0.00137;0.06119;-0.01504;250.0;250.0;250.0;1.05095;0.0;1;-30.0;30.0
602;45;0.00137;0.06119;-0.01504;250.0;250.0;250.0;1.05095;0.0;1;-30.0;30.0
682;46;0.00165;0.06901;0.0;160.0;160.0;160.0;1.09851;0.0;1;-30.0;30.0
737;47;0.00165;0.06901;0.0;160.0;160.0;160.0;1.08569;0.0;1;-30.0;30.0
738;48;0.00165;0.06901;0.0;160.0;160.0;160.0;1.08569;0.0;1;-30.0;30.0
756;49;0.0014;0.0668;0.0;160.0;160.0;160.0;1.0225;0.0;1;-30.0;30.0
761;50;0.00151;0.06715;0.0;160.0;160.0;160.0;1.01599;0.0;1;-30.0;30.0
785;52;0.00157;0.07808;0.0;160.0;160.0;160.0;1.00521;0.0;1;-30.0;30.0
789;53;0.00149;0.06616;0.0;160.0;160.0;160.0;1.02676;0.0;1;-30.0;30.0
846;57;0.00157;0.06775;0.0;160.0;160.0;160.0;1.0225;0.0;1;-30.0;30.0
849;62;0.00163;0.06946;0.0;160.0;160.0;160.0;1.01196;0.0;1;-30.0;30.0
851;64;0.00135;0.06052;0.0;250.0;250.0;250.0;1.04876;0.0;1;-30.0;30.0
882;65;0.00135;0.06052;0.0;250.0;250.0;250.0;1.07213;0.0;1;-30.0;30.0
903;66;0.00119;0.06558;0.0;160.0;160.0;160.0;1.04115;0.0;1;-30.0;30.0
923;69;0.0014;0.06235;0.0;250.0;250.0;250.0;1.05095;0.0;1;-30.0;30.0
927;68;0.00139;0.05984;0.0;250.0;250.0;250.0;1.06772;0.0;1;-30.0;30.0
935;71;0.00145;0.06839;0.0;160.0;160.0;160.0;1.0225;0.0;1;-30.0;30.0
955;76;0.00165;0.06775;0.0;160.0;160.0;160.0;1.01039;0.0;1;-30.0;30.0
954;77;0.00157;0.06775;0.0;160.0;160.0;160.0;1.00433;0.0;1;-30.0;30.0
967;78;0.00163;0.06783;0.0;160.0;160.0;160.0;1.00562;0.0;1;-30.0;30.0
966;79;0.00143;0.06831;0.0;160.0;160.0;160.0;1.00143;0.0;1;-30.0;30.0
976;80;0.00139;0.0608;0.0;250.0;250.0;250.0;1.05095;0.0;1;-30.0;30.0
977;81;0.0014;0.06235;0.0;250.0;250.0;250.0;1.05095;0.0;1;-30.0;30.0
1008;82;0.00163;0.06754;0.0;160.0;160.0;160.0;1.01633;0.0;1;-30.0;30.0
1042;84;0.00161;0.06762;0.0;160.0;160.0;160.0;1.02703;0.0;1;-30.0;30.0
1065;85;0.00119;0.06565;-0.003;160.0;160.0;160.0;1.02994;0.0;1;-30.0;30.0
1094;88;0.00141;0.07036;-0.00319;160.0;160.0;160.0;1.01186;0.0;1;-30.0;30.0
1111;90;0.00287;0.10711;-0.00242;100.0;100.0;100.0;1.00972;0.0;1;-30.0;30.0
1112;91;0.0014;0.06927;-0.00532;160.0;160.0;160.0;0.99664;0.0;1;-30.0;30.0
1214;98;0.00155;0.06268;-0.00992;250.0;250.0;250.0;1.03418;0.0;1;-30.0;30.0
1215;98;0.00155;0.06288;-0.00992;250.0;250.0;250.0;1.03622;0.0;1;-30.0;30.0
1307;100;0.0016;0.06694;-0.0031;160.0;160.0;160.0;1.06291;0.0;1;-30.0;30.0
1308;100;0.00153;0.0666;-0.00319;160.0;160.0;160.0;1.05385;0.0;1;-30.0;30.0
1331;101;0.00149;0.06756;-0.00252;160.0;160.0;160.0;0.99966;0.0;1;-30.0;30.0
1330;102;0.00149;0.06544;-0.00252;160.0;160.0;160.0;1.01119;0.0;1;-30.0;30.0
1408;105;0.00141;0.06975;-0.00232;160.0;160.0;160.0;1.01904;0.0;1;-30.0;30.0
1409;106;0.00157;0.0677;-0.00281;160.0;160.0;160.0;1.04338;0.0;1;-30.0;30.0
1454;111;0.00154;0.06742;-0.00658;160.0;160.0;160.0;1.02832;0.0;1;-30.0;30.0
1453;112;0.00143;0.06701;-0.0029;160.0;160.0;160.0;1.01552;0.0;1;-30.0;30.0
1470;113;0.0014;0.06831;-0.00319;160.0;160.0;160.0;1.04745;0.0;1;-30.0;30.0
1478;117;0.00162;0.06729;-0.00232;160.0;160.0;160.0;1.00901;0.0;1;-30.0;30.0
1477;118;0.00155;0.06701;-0.00319;160.0;160.0;160.0;1.00156;0.0;1;-30.0;30.0
1511;119;0.00143;0.06968;-0.00223;160.0;160.0;160.0;1.1232;0.0;1;-30.0;30.0
1510;120;0.00155;0.06763;-0.00319;160.0;160.0;160.0;1.08347;0.0;1;-30.0;30.0
1513;121;0.00148;0.06688;-0.0029;160.0;160.0;160.0;1.00622;0.0;1;-30.0;30.0
1590;122;0.00155;0.06851;-0.0029;160.0;160.0;160.0;1.00562;0.0;1;-30.0;30.0
1578;123;0.00174;0.09356;-0.00339;160.0;160.0;160.0;0.98025;0.0;1;-30.0;30.0
1580;124;0.00167;0.09275;-0.003;160.0;160.0;160.0;0.99243;0.0;1;-30.0;30.0
1617;125;0.00144;0.06708;-0.00223;160.0;160.0;160.0;1.03706;0.0;1;-30.0;30.0
1623;127;0.00148;0.06578;-0.00523;160.0;160.0;160.0;1.06211;0.0;1;-30.0;30.0
1659;128;0.00152;0.06749;-0.00348;160.0;160.0;160.0;1.05917;0.0;1;-30.0;30.0
1793;130;0.00143;0.06968;-0.0029;160.0;160.0;160.0;1.04669;0.0;1;-30.0;30.0
1857;132;0.00156;0.06252;-0.00864;250.0;250.0;250.0;1.10237;0.0;1;-30.0;30.0
1859;132;0.00156;0.06292;-0.00864;250.0;250.0;250.0;1.06627;0.0;1;-30.0;30.0
1902;134;0.00142;0.06729;-0.00223;160.0;160.0;160.0;1.00562;0.0;1;-30.0;30.0
1910;137;0.00153;0.06667;-0.00658;160.0;160.0;160.0;1.03633;0.0;1;-30.0;30.0
2014;138;0.00136;0.05992;-0.01504;250.0;250.0;250.0;1.09851;0.0;1;-30.0;30.0
2016;140;0.00139;0.0612;-0.00992;250.0;250.0;250.0;1.04984;0.0;1;-30.0;30.0
2017;141;0.00156;0.06244;-0.00992;250.0;250.0;250.0;1.07415;0.0;1;-30.0;30.0
2044;142;0.00155;0.06701;-0.003;160.0;160.0;160.0;1.06519;0.0;1;-30.0;30.0
2043;143;0.00121;0.06831;-0.003;160.0;160.0;160.0;1.05641;0.0;1;-30.0;30.0
2064;144;0.00139;0.06852;-0.00232;160.0;160.0;160.0;1.00622;0.0;1;-30.0;30.0
2063;145;0.00154;0.06811;-0.0029;160.0;160.0;160.0;1.00562;0.0;1;-30.0;30.0
2084;148;0.00119;0.06571;-0.00378;160.0;160.0;160.0;1.03799;0.0;1;-30.0;30.0
2085;149;0.00143;0.06551;-0.0029;160.0;160.0;160.0;1.01739;0.0;1;-30.0;30.0
2153;154;0.00165;0.0625;0.0;160.0;160.0;160.0;1.03303;0.0;1;-30.0;30.0
2173;157;0.00145;0.06818;0.0;160.0;160.0;160.0;1.01601;0.0;1;-30.0;30.0
2174;156;0.00165;0.06818;0.0;160.0;160.0;160.0;1.02036;0.0;1;-30.0;30.0
2178;158;0.00145;0.06818;0.0;160.0;160.0;160.0;1.02586;0.0;1;-30.0;30.0
2199;159;0.00151;0.06688;0.0;160.0;160.0;160.0;1.00666;0.0;1;-30.0;30.0
2201;161;0.00153;0.06206;0.0;250.0;250.0;250.0;1.08449;0.0;1;-30.0;30.0
2202;162;0.00152;0.06206;0.0;250.0;250.0;250.0;1.08449;0.0;1;-30.0;30.0
2207;163;0.00118;0.06517;0.0;160.0;160.0;160.0;1.06463;0.0;1;-30.0;30.0
2233;164;0.00151;0.06688;0.0;160.0;160.0;160.0;1.02678;0.0;1;-30.0;30.0
2239;166;0.00161;0.06653;0.0;160.0;160.0;160.0;1.00125;0.0;1;-30.0;30.0
2240;166;0.00161;0.06653;0.0;160.0;160.0;160.0;1.00381;0.0;1;-30.0;30.0
2304;168;0.00145;0.06818;0.0;160.0;160.0;160.0;1.04795;0.0;1;-30.0;30.0
2305;168;0.00145;0.06818;0.0;160.0;160.0;160.0;1.02678;0.0;1;-30.0;30.0
2321;169;0.00165;0.06851;0.0;160.0;160.0;160.0;1.0162;0.0;1;-30.0;30.0
2320;170;0.00165;0.06851;0.0;160.0;160.0;160.0;1.03303;0.0;1;-30.0;30.0
2319;171;0.00498;0.16449;0.0;70.0;70.0;70.0;1.00832;0.0;1;-30.0;30.0
2322;171;0.00191;0.00254;0.0;70.0;70.0;70.0;0.98083;0.0;1;-30.0;30.0
2332;173;0.00163;0.06136;0.00416;160.0;160.0;160.0;1.01226;0.0;1;-30.0;30.0
2377;176;0.00165;0.0593;0.0;160.0;160.0;160.0;1.10087;0.0;1;-30.0;30.0
2386;178;0.00118;0.06517;0.0;160.0;160.0;160.0;1.04356;0.0;1;-30.0;30.0
2387;179;0.00123;0.06619;0.0;160.0;160.0;160.0;1.04583;0.0;1;-30.0;30.0
2403;181;0.00165;0.09277;0.0;160.0;160.0;160.0;1.01196;0.0;1;-30.0;30.0
2404;182;0.00165;0.06694;0.0;160.0;160.0;160.0;1.0096;0.0;1;-30.0;30.0
2411;185;0.00029;0.06136;0.00416;160.0;160.0;160.0;1.0162;0.0;1;-30.0;30.0
2412;185;0.00165;0.0686;0.0;160.0;160.0;160.0;1.0162;0.0;1;-30.0;30.0
2443;188;0.00032;-0.00215;0.0;330.0;330.0;330.0;1.09976;0.0;1;-30.0;30.0
2445;188;-0.00023;0.09951;0.0;63.0;63.0;63.0;0.96037;0.0;1;-30.0;30.0
2448;190;0.00101;0.06188;0.0;330.0;330.0;330.0;1.09976;0.0;1;-30.0;30.0
2447;189;0.00138;0.05931;0.0;250.0;250.0;250.0;1.08449;0.0;1;-30.0;30.0
2449;191;0.00163;0.07033;0.0;160.0;160.0;160.0;1.04795;0.0;1;-30.0;30.0
2468;194;0.00165;0.0593;0.0;160.0;160.0;160.0;1.0797;0.0;1;-30.0;30.0
2469;195;0.00165;0.0593;0.0;160.0;160.0;160.0;1.09028;0.0;1;-30.0;30.0
2470;196;0.00281;0.10601;0.0;100.0;100.0;100.0;0.98445;0.0;1;-30.0;30.0
2471;197;0.00281;0.10601;0.0;100.0;100.0;100.0;0.98445;0.0;1;-30.0;30.0
2473;199;0.00165;0.0593;0.0;160.0;160.0;160.0;1.06463;0.0;1;-30.0;30.0
2472;200;0.00101;0.06188;-0.01984;330.0;330.0;330.0;1.11518;0.0;1;-30.0;30.0
2473;200;0.00153;0.06206;0.0;250.0;250.0;250.0;1.11803;0.0;1;-30.0;30.0
2486;202;0.00165;0.06653;0.0;160.0;160.0;160.0;1.05108;0.0;1;-30.0;30.0
2487;203;0.00165;0.06775;0.0;160.0;160.0;160.0;1.06912;0.0;1;-30.0;30.0
2492;204;0.00162;0.06763;0.0;160.0;160.0;160.0;1.10675;0.0;1;-30.0;30.0
2556;205;0.00165;0.06818;0.0;160.0;160.0;160.0;1.02196;0.0;1;-30.0;30.0
2557;206;0.00165;0.06818;0.0;160.0;160.0;160.0;1.03016;0.0;1;-30.0;30.0
2668;207;0.00165;0.06632;0.0;160.0;160.0;160.0;1.03871;0.0;1;-30.0;30.0
2691;209;0.00165;0.06632;0.0;160.0;160.0;160.0;1.09028;0.0;1;-30.0;30.0
2690;210;0.00165;0.06632;0.0;160.0;160.0;160.0;1.09028;0.0;1;-30.0;30.0
2712;211;0.00155;0.06585;0.0;160.0;160.0;160.0;1.09491;0.0;1;-30.0;30.0
2737;214;0.00137;0.05968;0.0;250.0;250.0;250.0;1.05095;0.0;1;-30.0;30.0
2746;217;0.00044;-0.00422;0.0;250.0;250.0;250.0;1.06773;0.0;1;-30.0;30.0
2748;217;0.00496;0.06982;0.0;643.0;643.0;643.0;0.98438;0.0;1;-30.0;30.0
2747;216;0.00129;0.06437;0.0;250.0;250.0;250.0;1.08448;0.0;1;-30.0;30.0
2751;218;0.00015;0.06524;0.0;160.0;160.0;160.0;1.08282;0.0;1;-30.0;30.0
2752;219;0.00027;0.06715;0.0;160.0;160.0;160.0;1.10197;0.0;1;-30.0;30.0
2769;220;0.00163;0.06671;0.0;160.0;160.0;160.0;1.08006;0.0;1;-30.0;30.0
2771;221;0.00163;0.06671;0.0;160.0;160.0;160.0;1.07319;0.0;1;-30.0;30.0
2770;224;0.00032;-0.00435;0.0;330.0;330.0;330.0;1.08434;0.0;1;-30.0;30.0
2772;224;-0.00022;0.1019;0.0;442.0;442.0;442.0;0.96037;0.0;1;-30.0;30.0
227;225;0.00076;0.0789;0.0;160.0;160.0;160.0;0.9999;0.0;1;-30.0;30.0
2779;227;0.00077;-0.01223;0.0;160.0;160.0;160.0;1.04452;0.0;1;-30.0;30.0
2781;227;-0.00017;0.16709;0.0;253.0;253.0;253.0;0.94157;0.0;1;-30.0;30.0
2780;226;0.00159;0.06736;0.0;160.0;160.0;160.0;1.06986;0.0;1;-30.0;30.0
2854;231;-0.00013;-0.00407;0.0;330.0;330.0;330.0;1.04345;0.0;1;-30.0;30.0
2856;231;0.00423;0.07177;0.0;626.0;626.0;626.0;0.96037;0.0;1;-30.0;30.0
2857;232;0.00161;0.06756;0.0;160.0;160.0;160.0;1.06367;0.0;1;-30.0;30.0
2858;233;0.00161;0.06756;0.0;160.0;160.0;160.0;1.06986;0.0;1;-30.0;30.0
2927;234;0.00059;0.04206;0.0;330.0;330.0;330.0;1.04858;0.0;1;-30.0;30.0
2948;237;0.00119;0.06565;0.0;160.0;160.0;160.0;1.09622;0.0;1;-30.0;30.0
2947;236;0.00151;0.06633;0.0;160.0;160.0;160.0;1.1017;0.0;1;-30.0;30.0
2968;238;0.00161;0.06736;0.0;160.0;160.0;160.0;1.09825;0.0;1;-30.0;30.0
2968;239;0.00165;0.06671;0.0;160.0;160.0;160.0;1.09825;0.0;1;-30.0;30.0
2989;240;0.00137;0.05969;0.0;250.0;250.0;250.0;1.05449;0.0;1;-30.0;30.0
2990;240;0.00137;0.05969;0.0;250.0;250.0;250.0;1.05312;0.0;1;-30.0;30.0
2994;242;0.00155;0.06798;0.0;160.0;160.0;160.0;1.02947;0.0;1;-30.0;30.0
2995;243;0.00161;0.06775;0.0;160.0;160.0;160.0;1.03303;0.0;1;-30.0;30.0
2846;434;0.07545;0.13256;0.01257;76.0;76.0;76.0;1.0;0.0;1;-30.0;30.0
2310;366;0.02372;0.06124;0.00624;102.0;102.0;102.0;1.0;0.0;1;-30.0;30.0
2347;389;0.02471;0.06281;0.00641;106.0;106.0;106.0;1.0;0.0;1;-30.0;30.0
2153;517;0.04207;0.1086;0.01107;107.0;107.0;107.0;1.0;0.0;1;-30.0;30.0
2291;267;0.06182;0.10504;0.01014;87.0;87.0;87.0;1.0;0.0;1;-30.0;30.0
2615;648;0.05926;0.10397;0.01048;89.0;89.0;89.0;1.0;0.0;1;-30.0;30.0
1486;305;0.03306;0.08099;0.01007;102.0;102.0;102.0;1.0;0.0;1;-30.0;30.0
1498;539;0.02149;0.07107;0.00724;121.0;121.0;121.0;1.0;0.0;1;-30.0;30.0
861;473;0.04727;0.08388;0.00786;90.0;90.0;90.0;1.0;0.0;1;-30.0;30.0
800;499;0.07463;0.13025;0.01244;83.0;83.0;83.0;1.0;0.0;1;-30.0;30.0
972;569;0.05223;0.09008;0.00866;83.0;83.0;83.0;1.0;0.0;1;-30.0;30.0
1031;1504;0.04545;0.07934;0.00852;69.0;69.0;69.0;1.0;0.0;1;-30.0;30.0
862;1803;0.03719;0.06033;0.00656;58.0;58.0;58.0;1.0;0.0;1;-30.0;30.0
935;1882;0.04132;0.13967;0.01241;102.0;102.0;102.0;1.0;0.0;1;-30.0;30.0
965;1588;0.02397;0.05372;0.00881;57.0;57.0;57.0;1.0;0.0;1;-30.0;30.0
1278;765;0.01653;0.02008;0.0042;75.0;75.0;75.0;1.0;0.0;1;-30.0;30.0
2661;1367;0.07025;0.12066;0.0129;67.0;67.0;67.0;1.0;0.0;1;-30.0;30.0
2940;2449;0.03719;0.09669;0.01016;108.0;108.0;108.0;1.0;0.0;1;-30.0;30.0
2872;2449;0.08207;0.20008;0.02217;104.0;104.0;104.0;1.0;0.0;1;-30.0;30.0
2877;2450;0.04463;0.11521;0.01205;107.0;107.0;107.0;1.0;0.0;1;-30.0;30.0
2819;2320;0.0681;0.17298;0.01756;106.0;106.0;106.0;1.0;0.0;1;-30.0;30.0
2817;2156;0.05678;0.14413;0.01463;106.0;106.0;106.0;1.0;0.0;1;-30.0;30.0
2840;2450;0.05628;0.18322;0.01876;120.0;120.0;120.0;1.0;0.0;1;-30.0;30.0
1914;987;0.03884;0.06446;0.00695;58.0;58.0;58.0;1.0;0.0;1;-30.0;30.0
846;555;0.04678;0.32397;0.03151;101.0;101.0;101.0;1.0;0.0;1;-30.0;30.0
1516;2302;0.0405;0.05041;0.00719;57.0;57.0;57.0;1.0;0.0;1;-30.0;30.0
649;1434;0.05702;0.11322;0.01232;78.0;78.0;78.0;1.0;0.0;1;-30.0;30.0
846;569;0.01636;0.05314;0.00619;112.0;112.0;112.0;1.0;0.0;1;-30.0;30.0
847;320;0.05661;0.1305;0.013;83.0;83.0;83.0;1.0;0.0;1;-30.0;30.0
632;1230;0.00992;0.02975;0.00356;115.0;115.0;115.0;1.0;0.0;1;-30.0;30.0
958;473;0.01397;0.04504;0.00462;119.0;119.0;119.0;1.0;0.0;1;-30.0;30.0
898;413;0.05992;0.10149;0.01089;83.0;83.0;83.0;1.0;0.0;1;-30.0;30.0
880;555;0.07438;0.13025;0.01236;83.0;83.0;83.0;1.0;0.0;1;-30.0;30.0
2807;322;0.0394;0.12917;0.01307;76.0;76.0;76.0;1.0;0.0;1;-30.0;30.0
2846;303;0.04521;0.0795;0.00754;76.0;76.0;76.0;1.0;0.0;1;-30.0;30.0
920;589;0.01719;0.0557;0.00569;119.0;119.0;119.0;1.0;0.0;1;-30.0;30.0
1031;1896;0.01405;0.04298;0.00513;69.0;69.0;69.0;1.0;0.0;1;-30.0;30.0
1994;897;0.02149;0.0405;0.00799;92.0;92.0;92.0;1.0;0.0;1;-30.0;30.0
1932;897;0.01901;0.03388;0.00697;57.0;57.0;57.0;1.0;0.0;1;-30.0;30.0
1819;904;0.05106;0.09015;0.00845;76.0;76.0;76.0;1.0;0.0;1;-30.0;30.0
956;413;0.04231;0.07529;0.00706;90.0;90.0;90.0;1.0;0.0;1;-30.0;30.0
2938;464;0.03752;0.12182;0.0124;69.0;69.0;69.0;1.0;0.0;1;-30.0;30.0
2703;417;0.07884;0.10231;0.01021;69.0;69.0;69.0;1.0;0.0;1;-30.0;30.0
847;577;0.05653;0.18587;0.01908;112.0;112.0;112.0;1.0;0.0;1;-30.0;30.0
900;548;0.02826;0.09669;0.00936;76.0;76.0;76.0;1.0;0.0;1;-30.0;30.0
802;1234;0.01901;0.05868;0.00682;114.0;114.0;114.0;1.0;0.0;1;-30.0;30.0
2845;2630;0.03074;0.09917;0.01021;69.0;69.0;69.0;1.0;0.0;1;-30.0;30.0
2842;432;0.02314;0.07529;0.00762;19.0;19.0;19.0;1.0;0.0;1;-30.0;30.0
262;260;0.03744;0.18876;0.01765;147.0;147.0;147.0;1.0;0.0;1;-30.0;30.0
526;441;0.01223;0.02868;0.00295;102.0;102.0;102.0;1.0;0.0;1;-30.0;30.0
393;266;0.01959;0.06355;0.00659;119.0;119.0;119.0;1.0;0.0;1;-30.0;30.0
725;641;0.00686;0.02207;0.00232;119.0;119.0;119.0;1.0;0.0;1;-30.0;30.0
525;725;0.00554;0.01802;0.00184;120.0;120.0;120.0;1.0;0.0;1;-30.0;30.0
725;730;0.00273;0.0095;0.001;123.0;123.0;123.0;1.0;0.0;1;-30.0;30.0
431;425;0.02355;0.06107;0.00629;107.0;107.0;107.0;1.0;0.0;1;-30.0;30.0
430;426;0.02339;0.0619;0.00629;108.0;108.0;108.0;1.0;0.0;1;-30.0;30.0
481;425;0.01545;0.04488;0.00434;113.0;113.0;113.0;1.0;0.0;1;-30.0;30.0
586;426;0.01967;0.05959;0.00587;116.0;116.0;116.0;1.0;0.0;1;-30.0;30.0
329;498;0.03182;0.05851;0.00559;90.0;90.0;90.0;1.0;0.0;1;-30.0;30.0
330;499;0.03256;0.06124;0.00549;90.0;90.0;90.0;1.0;0.0;1;-30.0;30.0
564;426;0.00251;0.00811;0.00086;119.0;119.0;119.0;1.0;0.0;1;-30.0;30.0
590;498;0.04058;0.07612;0.00678;90.0;90.0;90.0;1.0;0.0;1;-30.0;30.0
641;564;0.01398;0.04524;0.0048;119.0;119.0;119.0;1.0;0.0;1;-30.0;30.0
524;433;0.04306;0.07157;0.00754;87.0;87.0;87.0;1.0;0.0;1;-30.0;30.0
461;296;0.02736;0.05992;0.00581;90.0;90.0;90.0;1.0;0.0;1;-30.0;30.0
523;288;0.02455;0.07967;0.00818;119.0;119.0;119.0;1.0;0.0;1;-30.0;30.0
590;360;0.02165;0.0386;0.00351;90.0;90.0;90.0;1.0;0.0;1;-30.0;30.0
567;551;0.11182;0.19074;0.01909;88.0;88.0;88.0;1.0;0.0;1;-30.0;30.0
571;321;0.03083;0.10008;0.01034;119.0;119.0;119.0;1.0;0.0;1;-30.0;30.0
361;347;0.01967;0.06455;0.00652;120.0;120.0;120.0;1.0;0.0;1;-30.0;30.0
377;275;0.00653;0.02157;0.00211;120.0;120.0;120.0;1.0;0.0;1;-30.0;30.0
409;485;0.02364;0.07736;0.00789;120.0;120.0;120.0;1.0;0.0;1;-30.0;30.0
410;409;0.00248;0.00802;0.00082;119.0;119.0;119.0;1.0;0.0;1;-30.0;30.0
416;327;0.04314;0.08281;0.0075;90.0;90.0;90.0;1.0;0.0;1;-30.0;30.0
469;348;0.02281;0.07446;0.00759;120.0;120.0;120.0;1.0;0.0;1;-30.0;30.0
743;528;0.02934;0.09512;0.00992;119.0;119.0;119.0;1.0;0.0;1;-30.0;30.0
482;389;0.01372;0.04455;0.00461;119.0;119.0;119.0;1.0;0.0;1;-30.0;30.0
419;292;0.02975;0.07686;0.00795;107.0;107.0;107.0;1.0;0.0;1;-30.0;30.0
478;404;0.03149;0.10347;0.01045;120.0;120.0;120.0;1.0;0.0;1;-30.0;30.0
479;465;0.04736;0.08314;0.00789;89.0;89.0;89.0;1.0;0.0;1;-30.0;30.0
465;362;0.0243;0.07975;0.00805;120.0;120.0;120.0;1.0;0.0;1;-30.0;30.0
483;439;0.00645;0.02025;0.00223;90.0;90.0;90.0;1.0;0.0;1;-30.0;30.0
515;466;0.03702;0.12132;0.0121;120.0;120.0;120.0;1.0;0.0;1;-30.0;30.0
669;571;0.02256;0.07322;0.0075;119.0;119.0;119.0;1.0;0.0;1;-30.0;30.0
752;407;0.05926;0.10455;0.00969;89.0;89.0;89.0;1.0;0.0;1;-30.0;30.0
571;269;0.02744;0.08264;0.00995;115.0;115.0;115.0;1.0;0.0;1;-30.0;30.0
570;588;0.04893;0.15504;0.01573;118.0;118.0;118.0;1.0;0.0;1;-30.0;30.0
557;524;0.0238;0.0781;0.00789;120.0;120.0;120.0;1.0;0.0;1;-30.0;30.0
365;496;0.00711;0.02281;0.00242;119.0;119.0;119.0;1.0;0.0;1;-30.0;30.0
604;558;0.01381;0.04492;0.00795;111.0;111.0;111.0;1.0;0.0;1;-30.0;30.0
670;368;0.01736;0.04533;0.00922;90.0;90.0;90.0;1.0;0.0;1;-30.0;30.0
343;396;0.00919;0.02977;0.00316;111.0;111.0;111.0;1.0;0.0;1;-30.0;30.0
397;716;0.00631;0.02038;0.00216;111.0;111.0;111.0;1.0;0.0;1;-30.0;30.0
729;640;0.00455;0.01471;0.00154;119.0;119.0;119.0;1.0;0.0;1;-30.0;30.0
249;439;0.00628;0.02036;0.00216;119.0;119.0;119.0;1.0;0.0;1;-30.0;30.0
248;449;0.00643;0.02076;0.0022;119.0;119.0;119.0;1.0;0.0;1;-30.0;30.0
691;439;0.00356;0.01154;0.00122;119.0;119.0;119.0;1.0;0.0;1;-30.0;30.0
702;624;0.00582;0.01883;0.002;119.0;119.0;119.0;1.0;0.0;1;-30.0;30.0
701;625;0.00582;0.01883;0.002;119.0;119.0;119.0;1.0;0.0;1;-30.0;30.0
625;609;0.00555;0.01796;0.00293;111.0;111.0;111.0;1.0;0.0;1;-30.0;30.0
610;440;0.00607;0.01973;0.00291;120.0;120.0;120.0;1.0;0.0;1;-30.0;30.0
683;441;0.00382;0.02652;0.00281;137.0;137.0;137.0;1.0;0.0;1;-30.0;30.0
666;440;0.01348;0.03592;0.0151;90.0;90.0;90.0;1.0;0.0;1;-30.0;30.0
656;439;0.01121;0.03006;0.01231;90.0;90.0;90.0;1.0;0.0;1;-30.0;30.0
678;665;0.0047;0.01191;0.00126;90.0;90.0;90.0;1.0;0.0;1;-30.0;30.0
671;611;0.01017;0.02827;0.02773;90.0;90.0;90.0;1.0;0.0;1;-30.0;30.0
603;439;0.00161;0.00521;0.00055;111.0;111.0;111.0;1.0;0.0;1;-30.0;30.0
606;441;0.00212;0.00684;0.00073;111.0;111.0;111.0;1.0;0.0;1;-30.0;30.0
671;654;0.01826;0.04974;0.00528;90.0;90.0;90.0;1.0;0.0;1;-30.0;30.0
675;690;0.00916;0.02956;0.00314;111.0;111.0;111.0;1.0;0.0;1;-30.0;30.0
672;671;0.00421;0.01103;0.00117;90.0;90.0;90.0;1.0;0.0;1;-30.0;30.0
673;670;0.00421;0.01103;0.00117;90.0;90.0;90.0;1.0;0.0;1;-30.0;30.0
701;680;0.00596;0.01931;0.00205;119.0;119.0;119.0;1.0;0.0;1;-30.0;30.0
701;621;0.00118;0.0038;0.0004;119.0;119.0;119.0;1.0;0.0;1;-30.0;30.0
674;624;0.00241;0.00778;0.00083;111.0;111.0;111.0;1.0;0.0;1;-30.0;30.0
641;426;0.01404;0.04546;0.00483;119.0;119.0;119.0;1.0;0.0;1;-30.0;30.0
728;709;0.0045;0.0145;0.00154;111.0;111.0;111.0;1.0;0.0;1;-30.0;30.0
659;709;0.01103;0.02812;0.00298;90.0;90.0;90.0;1.0;0.0;1;-30.0;30.0
709;346;0.00037;0.0012;0.00013;111.0;111.0;111.0;1.0;0.0;1;-30.0;30.0
425;708;0.00855;0.02759;0.00293;111.0;111.0;111.0;1.0;0.0;1;-30.0;30.0
712;708;0.0017;0.00427;0.00045;90.0;90.0;90.0;1.0;0.0;1;-30.0;30.0
670;712;0.00843;0.02047;0.00217;90.0;90.0;90.0;1.0;0.0;1;-30.0;30.0
708;345;0.00045;0.00115;0.00012;107.0;107.0;107.0;1.0;0.0;1;-30.0;30.0
712;421;0.00026;0.00066;7.0e-5;90.0;90.0;90.0;1.0;0.0;1;-30.0;30.0
635;665;0.00616;0.02064;0.00971;111.0;111.0;111.0;1.0;0.0;1;-30.0;30.0
623;693;0.00083;0.00356;0.02543;136.0;136.0;136.0;1.0;0.0;1;-30.0;30.0
677;612;0.00034;0.00216;0.01054;109.0;109.0;109.0;1.0;0.0;1;-30.0;30.0
441;451;0.01254;0.04055;0.00431;119.0;119.0;119.0;1.0;0.0;1;-30.0;30.0
642;449;0.00439;0.01417;0.0015;119.0;119.0;119.0;1.0;0.0;1;-30.0;30.0
702;715;0.01264;0.04099;0.00435;119.0;119.0;119.0;1.0;0.0;1;-30.0;30.0
715;629;0.00047;0.0015;0.00016;119.0;119.0;119.0;1.0;0.0;1;-30.0;30.0
715;436;0.00329;0.00826;0.00088;90.0;90.0;90.0;1.0;0.0;1;-30.0;30.0
684;342;0.00363;0.01174;0.00125;119.0;119.0;119.0;1.0;0.0;1;-30.0;30.0
625;519;0.00101;0.00587;0.03106;95.0;95.0;95.0;1.0;0.0;1;-30.0;30.0
439;744;0.00493;0.01634;0.00609;111.0;111.0;111.0;1.0;0.0;1;-30.0;30.0
440;639;0.00401;0.01293;0.00137;111.0;111.0;111.0;1.0;0.0;1;-30.0;30.0
651;682;0.00031;0.00199;0.00973;98.0;98.0;98.0;1.0;0.0;1;-30.0;30.0
665;657;0.00279;0.00805;0.00815;90.0;90.0;90.0;1.0;0.0;1;-30.0;30.0
686;605;0.00316;0.01018;0.00108;111.0;111.0;111.0;1.0;0.0;1;-30.0;30.0
629;747;0.00056;0.00182;0.00019;120.0;120.0;120.0;1.0;0.0;1;-30.0;30.0
679;670;0.00404;0.01024;0.00109;90.0;90.0;90.0;1.0;0.0;1;-30.0;30.0
693;620;0.00769;0.0249;0.00264;119.0;119.0;119.0;1.0;0.0;1;-30.0;30.0
689;636;0.00154;0.00541;0.00499;111.0;111.0;111.0;1.0;0.0;1;-30.0;30.0
688;670;0.00575;0.01855;0.00197;111.0;111.0;111.0;1.0;0.0;1;-30.0;30.0
667;666;0.00167;0.00597;0.00617;111.0;111.0;111.0;1.0;0.0;1;-30.0;30.0
671;668;0.0118;0.03881;0.01131;111.0;111.0;111.0;1.0;0.0;1;-30.0;30.0
643;746;0.00358;0.01155;0.00122;119.0;119.0;119.0;1.0;0.0;1;-30.0;30.0
716;630;0.00047;0.0015;0.00016;119.0;119.0;119.0;1.0;0.0;1;-30.0;30.0
716;437;0.00391;0.00826;0.00088;90.0;90.0;90.0;1.0;0.0;1;-30.0;30.0
644;745;0.00181;0.00621;0.00438;111.0;111.0;111.0;1.0;0.0;1;-30.0;30.0
645;638;0.00169;0.00619;0.0081;111.0;111.0;111.0;1.0;0.0;1;-30.0;30.0
701;685;0.00318;0.01028;0.00109;119.0;119.0;119.0;1.0;0.0;1;-30.0;30.0
700;265;0.00995;0.03021;0.00321;116.0;116.0;116.0;1.0;0.0;1;-30.0;30.0
671;626;0.01377;0.03899;0.00414;90.0;90.0;90.0;1.0;0.0;1;-30.0;30.0
693;713;0.01243;0.03156;0.00335;90.0;90.0;90.0;1.0;0.0;1;-30.0;30.0
713;422;0.00026;0.00066;7.0e-5;90.0;90.0;90.0;1.0;0.0;1;-30.0;30.0
627;622;0.0028;0.00903;0.00096;111.0;111.0;111.0;1.0;0.0;1;-30.0;30.0
681;641;0.00701;0.0227;0.00241;119.0;119.0;119.0;1.0;0.0;1;-30.0;30.0
692;640;0.00393;0.01271;0.00135;119.0;119.0;119.0;1.0;0.0;1;-30.0;30.0
687;499;0.01963;0.06331;0.00672;111.0;111.0;111.0;1.0;0.0;1;-30.0;30.0
655;499;0.01202;0.03521;0.00986;90.0;90.0;90.0;1.0;0.0;1;-30.0;30.0
640;615;0.00882;0.02843;0.00302;119.0;119.0;119.0;1.0;0.0;1;-30.0;30.0
641;495;0.02083;0.06719;0.00713;119.0;119.0;119.0;1.0;0.0;1;-30.0;30.0
683;676;0.00064;0.0041;0.02001;109.0;109.0;109.0;1.0;0.0;1;-30.0;30.0
425;728;0.00412;0.01331;0.00141;111.0;111.0;111.0;1.0;0.0;1;-30.0;30.0
663;650;0.00041;0.00259;0.01264;98.0;98.0;98.0;1.0;0.0;1;-30.0;30.0
520;664;0.0006;0.00374;0.01827;98.0;98.0;98.0;1.0;0.0;1;-30.0;30.0
692;658;0.0042;0.01131;0.0012;90.0;90.0;90.0;1.0;0.0;1;-30.0;30.0
630;451;0.00396;0.01276;0.00135;119.0;119.0;119.0;1.0;0.0;1;-30.0;30.0
624;652;0.00028;0.00179;0.01597;137.0;137.0;137.0;1.0;0.0;1;-30.0;30.0
682;653;0.00041;0.00264;0.0236;165.0;165.0;165.0;1.0;0.0;1;-30.0;30.0
614;642;0.00049;0.00313;0.02806;137.0;137.0;137.0;1.0;0.0;1;-30.0;30.0
578;412;0.03322;0.10785;0.01114;119.0;119.0;119.0;1.0;0.0;1;-30.0;30.0
721;444;0.01169;0.03841;0.00388;120.0;120.0;120.0;1.0;0.0;1;-30.0;30.0
370;721;0.00954;0.03133;0.00316;120.0;120.0;120.0;1.0;0.0;1;-30.0;30.0
568;721;0.00017;0.00033;3.0e-5;94.0;94.0;94.0;1.0;0.0;1;-30.0;30.0
505;429;0.0686;0.12;0.01149;89.0;89.0;89.0;1.0;0.0;1;-30.0;30.0
751;573;0.04174;0.07628;0.00695;90.0;90.0;90.0;1.0;0.0;1;-30.0;30.0
646;525;0.01372;0.03719;0.00363;110.0;110.0;110.0;1.0;0.0;1;-30.0;30.0
505;320;0.01777;0.03124;0.00297;89.0;89.0;89.0;1.0;0.0;1;-30.0;30.0
572;551;0.0324;0.09587;0.00967;90.0;90.0;90.0;1.0;0.0;1;-30.0;30.0
474;295;0.01504;0.03075;0.00298;90.0;90.0;90.0;1.0;0.0;1;-30.0;30.0
513;474;0.01182;0.01967;0.00207;87.0;87.0;87.0;1.0;0.0;1;-30.0;30.0
321;280;0.00917;0.02983;0.00307;120.0;120.0;120.0;1.0;0.0;1;-30.0;30.0
521;280;0.00785;0.02545;0.00262;119.0;119.0;119.0;1.0;0.0;1;-30.0;30.0
553;552;0.00636;0.02091;0.00212;120.0;120.0;120.0;1.0;0.0;1;-30.0;30.0
647;535;0.0224;0.03926;0.00372;89.0;89.0;89.0;1.0;0.0;1;-30.0;30.0
698;536;0.07868;0.13934;0.01292;90.0;90.0;90.0;1.0;0.0;1;-30.0;30.0
661;647;0.00595;0.01157;0.0011;90.0;90.0;90.0;1.0;0.0;1;-30.0;30.0
596;250;0.04719;0.08273;0.00785;89.0;89.0;89.0;1.0;0.0;1;-30.0;30.0
526;522;0.00496;0.01421;0.00145;113.0;113.0;113.0;1.0;0.0;1;-30.0;30.0
523;479;0.05926;0.19198;0.01974;119.0;119.0;119.0;1.0;0.0;1;-30.0;30.0
634;295;0.00289;0.00926;0.00096;119.0;119.0;119.0;1.0;0.0;1;-30.0;30.0
392;395;0.00504;0.00901;0.00084;90.0;90.0;90.0;1.0;0.0;1;-30.0;30.0
478;706;0.00397;0.01298;0.00132;120.0;120.0;120.0;1.0;0.0;1;-30.0;30.0
731;706;0.01702;0.05512;0.00542;119.0;119.0;119.0;1.0;0.0;1;-30.0;30.0
706;476;8.0e-5;0.00017;2.0e-5;98.0;98.0;98.0;1.0;0.0;1;-30.0;30.0
697;694;0.01107;0.01934;0.00184;89.0;89.0;89.0;1.0;0.0;1;-30.0;30.0
586;367;0.00942;0.03041;0.00315;119.0;119.0;119.0;1.0;0.0;1;-30.0;30.0
518;433;0.06091;0.10124;0.01098;87.0;87.0;87.0;1.0;0.0;1;-30.0;30.0
705;478;0.00678;0.01446;0.00132;90.0;90.0;90.0;1.0;0.0;1;-30.0;30.0
518;705;0.00653;0.01207;0.00129;90.0;90.0;90.0;1.0;0.0;1;-30.0;30.0
705;475;0.00017;0.00025;2.0e-5;82.0;82.0;82.0;1.0;0.0;1;-30.0;30.0
479;477;0.03967;0.1286;0.01323;119.0;119.0;119.0;1.0;0.0;1;-30.0;30.0
477;419;0.02314;0.05587;0.00629;104.0;104.0;104.0;1.0;0.0;1;-30.0;30.0
698;420;0.05322;0.13512;0.01374;106.0;106.0;106.0;1.0;0.0;1;-30.0;30.0
619;420;0.03942;0.12769;0.01323;119.0;119.0;119.0;1.0;0.0;1;-30.0;30.0
394;467;0.02017;0.06405;0.00675;118.0;118.0;118.0;1.0;0.0;1;-30.0;30.0
483;269;0.03529;0.10818;0.011;90.0;90.0;90.0;1.0;0.0;1;-30.0;30.0
335;522;0.00331;0.01091;0.0011;120.0;120.0;120.0;1.0;0.0;1;-30.0;30.0
335;521;0.00347;0.01132;0.00117;120.0;120.0;120.0;1.0;0.0;1;-30.0;30.0
699;251;0.03909;0.06843;0.00649;89.0;89.0;89.0;1.0;0.0;1;-30.0;30.0
700;616;0.00574;0.01668;0.00177;113.0;113.0;113.0;1.0;0.0;1;-30.0;30.0
662;595;0.03289;0.05744;0.00521;89.0;89.0;89.0;1.0;0.0;1;-30.0;30.0
557;296;0.01165;0.04298;0.0039;90.0;90.0;90.0;1.0;0.0;1;-30.0;30.0
367;354;0.00901;0.02917;0.00302;119.0;119.0;119.0;1.0;0.0;1;-30.0;30.0
714;430;0.01522;0.08255;0.00509;133.0;133.0;133.0;1.0;0.0;1;-30.0;30.0
444;714;0.00791;0.02572;0.00265;120.0;120.0;120.0;1.0;0.0;1;-30.0;30.0
424;714;0.00339;0.00603;0.00054;90.0;90.0;90.0;1.0;0.0;1;-30.0;30.0
720;370;0.00542;0.01753;0.00181;119.0;119.0;119.0;1.0;0.0;1;-30.0;30.0
552;720;0.00631;0.0204;0.00211;119.0;119.0;119.0;1.0;0.0;1;-30.0;30.0
549;720;0.00256;0.00463;0.00041;91.0;91.0;91.0;1.0;0.0;1;-30.0;30.0
634;394;0.00694;0.02256;0.00234;90.0;90.0;90.0;1.0;0.0;1;-30.0;30.0
617;295;0.00355;0.0114;0.00118;119.0;119.0;119.0;1.0;0.0;1;-30.0;30.0
554;553;0.00636;0.02074;0.00214;120.0;120.0;120.0;1.0;0.0;1;-30.0;30.0
395;393;0.00694;0.02281;0.0023;120.0;120.0;120.0;1.0;0.0;1;-30.0;30.0
731;489;0.01975;0.06479;0.00655;120.0;120.0;120.0;1.0;0.0;1;-30.0;30.0
694;489;0.03116;0.08463;0.00843;90.0;90.0;90.0;1.0;0.0;1;-30.0;30.0
751;619;0.00537;0.01752;0.00177;120.0;120.0;120.0;1.0;0.0;1;-30.0;30.0
307;478;0.01678;0.05661;0.00575;122.0;122.0;122.0;1.0;0.0;1;-30.0;30.0
454;307;0.02686;0.0881;0.0089;120.0;120.0;120.0;1.0;0.0;1;-30.0;30.0
429;585;0.02727;0.07157;0.00743;108.0;108.0;108.0;1.0;0.0;1;-30.0;30.0
617;365;0.01372;0.04471;0.0046;120.0;120.0;120.0;1.0;0.0;1;-30.0;30.0
513;466;0.00545;0.01752;0.00183;119.0;119.0;119.0;1.0;0.0;1;-30.0;30.0
368;498;0.00607;0.01757;0.00407;90.0;90.0;90.0;1.0;0.0;1;-30.0;30.0
558;498;0.01061;0.03423;0.00363;111.0;111.0;111.0;1.0;0.0;1;-30.0;30.0
353;481;0.0057;0.01851;0.00193;119.0;119.0;119.0;1.0;0.0;1;-30.0;30.0
316;554;0.00012;0.00052;0.00318;133.0;133.0;133.0;1.0;0.0;1;-30.0;30.0
401;388;0.00223;0.00727;0.00073;120.0;120.0;120.0;1.0;0.0;1;-30.0;30.0
387;347;0.00306;0.00959;0.001;117.0;117.0;117.0;1.0;0.0;1;-30.0;30.0
398;381;0.00579;0.01661;0.00179;113.0;113.0;113.0;1.0;0.0;1;-30.0;30.0
534;347;0.01802;0.04636;0.0047;107.0;107.0;107.0;1.0;0.0;1;-30.0;30.0
633;348;0.00463;0.01488;0.00145;119.0;119.0;119.0;1.0;0.0;1;-30.0;30.0
411;347;0.00711;0.02273;0.00242;119.0;119.0;119.0;1.0;0.0;1;-30.0;30.0
380;704;0.00107;0.00281;0.00033;108.0;108.0;108.0;1.0;0.0;1;-30.0;30.0
385;704;0.00992;0.02636;0.00299;109.0;109.0;109.0;1.0;0.0;1;-30.0;30.0
704;304;0.00066;0.00174;0.00016;108.0;108.0;108.0;1.0;0.0;1;-30.0;30.0
591;385;0.00463;0.01388;0.00167;115.0;115.0;115.0;1.0;0.0;1;-30.0;30.0
382;386;0.00372;0.0119;0.00125;119.0;119.0;119.0;1.0;0.0;1;-30.0;30.0
727;384;0.00058;0.00198;0.00021;122.0;122.0;122.0;1.0;0.0;1;-30.0;30.0
382;727;0.00306;0.00992;0.00104;119.0;119.0;119.0;1.0;0.0;1;-30.0;30.0
727;750;0.0005;0.00165;0.00017;120.0;120.0;120.0;1.0;0.0;1;-30.0;30.0
737;384;0.00529;0.01645;0.00189;117.0;117.0;117.0;1.0;0.0;1;-30.0;30.0
726;408;0.00736;0.02388;0.00248;119.0;119.0;119.0;1.0;0.0;1;-30.0;30.0
374;726;0.00215;0.00645;0.00078;115.0;115.0;115.0;1.0;0.0;1;-30.0;30.0
737;726;0.00562;0.01818;0.0019;119.0;119.0;119.0;1.0;0.0;1;-30.0;30.0
718;383;0.00488;0.0124;0.00121;106.0;106.0;106.0;1.0;0.0;1;-30.0;30.0
718;485;0.00595;0.01793;0.00216;115.0;115.0;115.0;1.0;0.0;1;-30.0;30.0
545;718;0.00033;0.00099;0.0001;115.0;115.0;115.0;1.0;0.0;1;-30.0;30.0
738;591;0.00405;0.01298;0.00134;119.0;119.0;119.0;1.0;0.0;1;-30.0;30.0
737;546;0.00752;0.02264;0.0027;115.0;115.0;115.0;1.0;0.0;1;-30.0;30.0
485;287;0.01388;0.03628;0.00396;108.0;108.0;108.0;1.0;0.0;1;-30.0;30.0
388;287;0.01661;0.04702;0.00505;112.0;112.0;112.0;1.0;0.0;1;-30.0;30.0
402;383;0.00504;0.01612;0.0017;119.0;119.0;119.0;1.0;0.0;1;-30.0;30.0
418;348;0.01058;0.02802;0.00316;108.0;108.0;108.0;1.0;0.0;1;-30.0;30.0
711;383;0.00264;0.0086;0.0009;120.0;120.0;120.0;1.0;0.0;1;-30.0;30.0
408;711;8.0e-5;0.00033;4.0e-5;134.0;134.0;134.0;1.0;0.0;1;-30.0;30.0
711;403;0.00024;0.00769;0.00078;140.0;140.0;140.0;1.0;0.0;1;-30.0;30.0
418;380;0.00339;0.01124;0.00111;120.0;120.0;120.0;1.0;0.0;1;-30.0;30.0
386;374;0.00223;0.00678;0.00082;116.0;116.0;116.0;1.0;0.0;1;-30.0;30.0
579;327;0.01066;0.03231;0.00383;116.0;116.0;116.0;1.0;0.0;1;-30.0;30.0
546;579;0.01579;0.04785;0.00568;116.0;116.0;116.0;1.0;0.0;1;-30.0;30.0
387;381;0.0057;0.01372;0.00155;104.0;104.0;104.0;1.0;0.0;1;-30.0;30.0
278;737;0.00132;0.0043;0.00045;11.0;11.0;11.0;1.0;0.0;1;-30.0;30.0
359;347;0.01876;0.05198;0.00571;111.0;111.0;111.0;1.0;0.0;1;-30.0;30.0
484;359;0.01711;0.04669;0.00509;110.0;110.0;110.0;1.0;0.0;1;-30.0;30.0
484;435;0.00339;0.01017;0.00123;115.0;115.0;115.0;1.0;0.0;1;-30.0;30.0
279;738;0.00132;0.0043;0.00045;11.0;11.0;11.0;1.0;0.0;1;-30.0;30.0
275;348;0.01446;0.04802;0.00469;121.0;121.0;121.0;1.0;0.0;1;-30.0;30.0
411;399;0.00769;0.02471;0.00261;119.0;119.0;119.0;1.0;0.0;1;-30.0;30.0
387;399;0.00504;0.0162;0.0017;119.0;119.0;119.0;1.0;0.0;1;-30.0;30.0
527;435;0.00479;0.01446;0.00175;115.0;115.0;115.0;1.0;0.0;1;-30.0;30.0
576;485;0.00785;0.02537;0.00267;119.0;119.0;119.0;1.0;0.0;1;-30.0;30.0
576;401;0.00909;0.03058;0.00315;120.0;120.0;120.0;1.0;0.0;1;-30.0;30.0
484;398;0.01281;0.04116;0.00434;119.0;119.0;119.0;1.0;0.0;1;-30.0;30.0
379;484;0.00612;0.01975;0.00208;119.0;119.0;119.0;1.0;0.0;1;-30.0;30.0
369;484;0.01198;0.0386;0.00406;119.0;119.0;119.0;1.0;0.0;1;-30.0;30.0
369;379;0.00562;0.0181;0.00191;119.0;119.0;119.0;1.0;0.0;1;-30.0;30.0
738;482;0.0238;0.07215;0.00855;116.0;116.0;116.0;1.0;0.0;1;-30.0;30.0
633;388;0.00388;0.01256;0.00132;119.0;119.0;119.0;1.0;0.0;1;-30.0;30.0
737;534;0.00496;0.01496;0.00177;115.0;115.0;115.0;1.0;0.0;1;-30.0;30.0
375;738;0.00504;0.01521;0.00181;115.0;115.0;115.0;1.0;0.0;1;-30.0;30.0
598;660;0.01628;0.05397;0.00529;121.0;121.0;121.0;1.0;0.0;1;-30.0;30.0
717;326;0.02521;0.08223;0.00841;120.0;120.0;120.0;1.0;0.0;1;-30.0;30.0
543;717;0.00149;0.00471;0.00049;118.0;118.0;118.0;1.0;0.0;1;-30.0;30.0
717;529;0.01702;0.03058;0.00276;90.0;90.0;90.0;1.0;0.0;1;-30.0;30.0
512;501;0.00843;0.0214;0.00218;106.0;106.0;106.0;1.0;0.0;1;-30.0;30.0
593;571;0.0195;0.03545;0.00353;91.0;91.0;91.0;1.0;0.0;1;-30.0;30.0
753;263;0.01361;0.02471;0.00246;91.0;91.0;91.0;1.0;0.0;1;-30.0;30.0
754;445;0.02264;0.03769;0.00397;87.0;87.0;87.0;1.0;0.0;1;-30.0;30.0
736;410;0.01413;0.04653;0.0047;120.0;120.0;120.0;1.0;0.0;1;-30.0;30.0
356;285;0.0044;0.03039;0.00342;171.0;171.0;171.0;1.0;0.0;1;-30.0;30.0
740;574;0.01653;0.05388;0.0055;120.0;120.0;120.0;1.0;0.0;1;-30.0;30.0
736;550;0.01785;0.03273;0.00346;91.0;91.0;91.0;1.0;0.0;1;-30.0;30.0
550;517;0.03033;0.07331;0.00825;104.0;104.0;104.0;1.0;0.0;1;-30.0;30.0
490;517;0.00719;0.01256;0.0012;89.0;89.0;89.0;1.0;0.0;1;-30.0;30.0
735;373;0.01711;0.04364;0.00444;107.0;107.0;107.0;1.0;0.0;1;-30.0;30.0
547;373;0.03124;0.07942;0.00808;106.0;106.0;106.0;1.0;0.0;1;-30.0;30.0
601;559;0.01;0.02628;0.00267;108.0;108.0;108.0;1.0;0.0;1;-30.0;30.0
559;547;0.02802;0.06182;0.00747;99.0;99.0;99.0;1.0;0.0;1;-30.0;30.0
468;361;0.00413;0.01347;0.00139;120.0;120.0;120.0;1.0;0.0;1;-30.0;30.0
472;598;0.02595;0.08512;0.0086;120.0;120.0;120.0;1.0;0.0;1;-30.0;30.0
560;468;0.04041;0.13264;0.01339;120.0;120.0;120.0;1.0;0.0;1;-30.0;30.0
618;561;0.00256;0.00843;0.00087;120.0;120.0;120.0;1.0;0.0;1;-30.0;30.0
350;574;0.01413;0.03727;0.004;90.0;90.0;90.0;1.0;0.0;1;-30.0;30.0
544;597;0.00711;0.01248;0.00119;89.0;89.0;89.0;1.0;0.0;1;-30.0;30.0
599;544;0.00579;0.01174;0.00114;90.0;90.0;90.0;1.0;0.0;1;-30.0;30.0
600;598;0.0105;0.02447;0.00217;90.0;90.0;90.0;1.0;0.0;1;-30.0;30.0
570;406;0.05455;0.09471;0.00914;89.0;89.0;89.0;1.0;0.0;1;-30.0;30.0
531;469;0.06058;0.10603;0.01006;89.0;89.0;89.0;1.0;0.0;1;-30.0;30.0
543;537;0.00273;0.00785;0.00079;113.0;113.0;113.0;1.0;0.0;1;-30.0;30.0
597;270;0.01198;0.03893;0.00402;120.0;120.0;120.0;1.0;0.0;1;-30.0;30.0
723;501;0.01074;0.03479;0.00359;119.0;119.0;119.0;1.0;0.0;1;-30.0;30.0
723;270;0.00983;0.03198;0.0033;120.0;120.0;120.0;1.0;0.0;1;-30.0;30.0
581;723;0.00785;0.0257;0.00248;120.0;120.0;120.0;1.0;0.0;1;-30.0;30.0
631;602;0.01298;0.04215;0.00436;119.0;119.0;119.0;1.0;0.0;1;-30.0;30.0
298;601;0.00471;0.01529;0.00159;90.0;90.0;90.0;1.0;0.0;1;-30.0;30.0
299;602;0.00744;0.01554;0.00151;90.0;90.0;90.0;1.0;0.0;1;-30.0;30.0
300;601;0.00843;0.01744;0.00169;90.0;90.0;90.0;1.0;0.0;1;-30.0;30.0
301;602;0.00826;0.01719;0.00166;90.0;90.0;90.0;1.0;0.0;1;-30.0;30.0
601;306;0.00314;0.00942;0.00096;115.0;115.0;115.0;1.0;0.0;1;-30.0;30.0
541;487;0.00355;0.02421;0.00271;170.0;170.0;170.0;1.0;0.0;1;-30.0;30.0
486;281;0.01372;0.04446;0.00461;119.0;119.0;119.0;1.0;0.0;1;-30.0;30.0
542;332;0.00164;0.01112;0.00134;170.0;170.0;170.0;1.0;0.0;1;-30.0;30.0
487;252;0.01967;0.0638;0.0066;119.0;119.0;119.0;1.0;0.0;1;-30.0;30.0
283;472;0.00355;0.01157;0.00121;120.0;120.0;120.0;1.0;0.0;1;-30.0;30.0
497;453;0.02868;0.09314;0.00962;120.0;120.0;120.0;1.0;0.0;1;-30.0;30.0
281;253;0.00686;0.02215;0.00229;119.0;119.0;119.0;1.0;0.0;1;-30.0;30.0
512;252;0.02231;0.07248;0.0075;120.0;120.0;120.0;1.0;0.0;1;-30.0;30.0
748;531;0.01471;0.04769;0.00493;119.0;119.0;119.0;1.0;0.0;1;-30.0;30.0
748;548;0.0195;0.06331;0.00654;119.0;119.0;119.0;1.0;0.0;1;-30.0;30.0
742;253;0.02058;0.06694;0.00691;120.0;120.0;120.0;1.0;0.0;1;-30.0;30.0
446;344;0.00851;0.02793;0.00285;120.0;120.0;120.0;1.0;0.0;1;-30.0;30.0
503;500;0.00488;0.01587;0.00164;120.0;120.0;120.0;1.0;0.0;1;-30.0;30.0
570;277;0.00843;0.02769;0.00279;120.0;120.0;120.0;1.0;0.0;1;-30.0;30.0
503;486;0.03529;0.13702;0.01374;130.0;130.0;130.0;1.0;0.0;1;-30.0;30.0
378;599;0.0243;0.07893;0.00815;120.0;120.0;120.0;1.0;0.0;1;-30.0;30.0
487;332;0.00182;0.01273;0.00142;172.0;172.0;172.0;1.0;0.0;1;-30.0;30.0
486;333;0.00174;0.01207;0.00134;171.0;171.0;171.0;1.0;0.0;1;-30.0;30.0
284;308;0.00788;0.05315;0.00589;169.0;169.0;169.0;1.0;0.0;1;-30.0;30.0
541;309;0.00107;0.00719;0.00094;169.0;169.0;169.0;1.0;0.0;1;-30.0;30.0
355;333;0.00256;0.02273;0.00199;193.0;193.0;193.0;1.0;0.0;1;-30.0;30.0
487;325;0.0195;0.06314;0.00654;119.0;119.0;119.0;1.0;0.0;1;-30.0;30.0
276;618;0.0357;0.11719;0.01184;120.0;120.0;120.0;1.0;0.0;1;-30.0;30.0
268;349;0.0443;0.09347;0.00876;90.0;90.0;90.0;1.0;0.0;1;-30.0;30.0
648;602;0.01893;0.06248;0.01932;120.0;120.0;120.0;1.0;0.0;1;-30.0;30.0
415;407;0.01099;0.02322;0.00218;90.0;90.0;90.0;1.0;0.0;1;-30.0;30.0
735;740;0.01215;0.03934;0.00405;119.0;119.0;119.0;1.0;0.0;1;-30.0;30.0
282;453;0.02909;0.09438;0.00976;119.0;119.0;119.0;1.0;0.0;1;-30.0;30.0
264;592;0.03183;0.05769;0.00576;91.0;91.0;91.0;1.0;0.0;1;-30.0;30.0
589;497;0.01983;0.06438;0.00665;119.0;119.0;119.0;1.0;0.0;1;-30.0;30.0
734;649;0.02421;0.07934;0.00803;120.0;120.0;120.0;1.0;0.0;1;-30.0;30.0
734;349;0.02223;0.07281;0.00735;120.0;120.0;120.0;1.0;0.0;1;-30.0;30.0
500;660;0.01289;0.04289;0.0042;121.0;121.0;121.0;1.0;0.0;1;-30.0;30.0
360;344;0.03273;0.0719;0.00681;83.0;83.0;83.0;1.0;0.0;1;-30.0;30.0
494;506;0.00835;0.0262;0.00292;90.0;90.0;90.0;1.0;0.0;1;-30.0;30.0
492;488;0.0076;0.02545;0.00249;121.0;121.0;121.0;1.0;0.0;1;-30.0;30.0
493;455;0.01182;0.03;0.00305;106.0;106.0;106.0;1.0;0.0;1;-30.0;30.0
510;456;0.0162;0.05405;0.00527;121.0;121.0;121.0;1.0;0.0;1;-30.0;30.0
507;336;0.01992;0.06438;0.00667;119.0;119.0;119.0;1.0;0.0;1;-30.0;30.0
710;371;0.01066;0.01868;0.00186;89.0;89.0;89.0;1.0;0.0;1;-30.0;30.0
710;336;0.01587;0.05388;0.00533;122.0;122.0;122.0;1.0;0.0;1;-30.0;30.0
710;565;0.01074;0.03496;0.00361;120.0;120.0;120.0;1.0;0.0;1;-30.0;30.0
390;372;0.02702;0.08744;0.00905;119.0;119.0;119.0;1.0;0.0;1;-30.0;30.0
331;289;0.01909;0.06273;0.00634;120.0;120.0;120.0;1.0;0.0;1;-30.0;30.0
471;331;0.01975;0.06496;0.00656;120.0;120.0;120.0;1.0;0.0;1;-30.0;30.0
575;509;0.02504;0.08223;0.00831;120.0;120.0;120.0;1.0;0.0;1;-30.0;30.0
272;575;0.0076;0.02298;0.00272;116.0;116.0;116.0;1.0;0.0;1;-30.0;30.0
493;319;0.02314;0.07413;0.00785;119.0;119.0;119.0;1.0;0.0;1;-30.0;30.0
532;462;0.03884;0.1276;0.01288;120.0;120.0;120.0;1.0;0.0;1;-30.0;30.0
722;488;0.01835;0.06025;0.00608;120.0;120.0;120.0;1.0;0.0;1;-30.0;30.0
722;516;0.03033;0.09967;0.01006;120.0;120.0;120.0;1.0;0.0;1;-30.0;30.0
580;722;0.00182;0.00603;0.00059;121.0;121.0;121.0;1.0;0.0;1;-30.0;30.0
566;372;0.00975;0.0295;0.00355;116.0;116.0;116.0;1.0;0.0;1;-30.0;30.0
752;371;0.03678;0.0638;0.00623;89.0;89.0;89.0;1.0;0.0;1;-30.0;30.0
594;302;0.0214;0.07157;0.00699;121.0;121.0;121.0;1.0;0.0;1;-30.0;30.0
514;491;0.00198;0.0062;0.00069;117.0;117.0;117.0;1.0;0.0;1;-30.0;30.0
530;491;0.00562;0.01711;0.0018;90.0;90.0;90.0;1.0;0.0;1;-30.0;30.0
337;493;0.00306;0.01;0.00103;120.0;120.0;120.0;1.0;0.0;1;-30.0;30.0
492;458;0.00959;0.03099;0.0032;119.0;119.0;119.0;1.0;0.0;1;-30.0;30.0
509;457;0.01066;0.03463;0.00358;120.0;120.0;120.0;1.0;0.0;1;-30.0;30.0
504;448;0.0043;0.01298;0.00157;115.0;115.0;115.0;1.0;0.0;1;-30.0;30.0
461;288;0.08909;0.17595;0.01535;90.0;90.0;90.0;1.0;0.0;1;-30.0;30.0
749;302;0.03124;0.10421;0.01018;121.0;121.0;121.0;1.0;0.0;1;-30.0;30.0
530;506;0.00479;0.01603;0.00156;121.0;121.0;121.0;1.0;0.0;1;-30.0;30.0
463;703;0.00917;0.03;0.00303;120.0;120.0;120.0;1.0;0.0;1;-30.0;30.0
703;289;0.00678;0.02215;0.00224;120.0;120.0;120.0;1.0;0.0;1;-30.0;30.0
286;703;1.0e-5;8.0e-5;0.0;133.0;133.0;133.0;1.0;0.0;1;-30.0;30.0
372;366;0.01661;0.04298;0.00429;107.0;107.0;107.0;1.0;0.0;1;-30.0;30.0
510;447;0.01132;0.03777;0.00369;121.0;121.0;121.0;1.0;0.0;1;-30.0;30.0
509;493;0.01289;0.04116;0.00443;119.0;119.0;119.0;1.0;0.0;1;-30.0;30.0
533;509;0.04397;0.14529;0.01447;120.0;120.0;120.0;1.0;0.0;1;-30.0;30.0
510;491;0.02455;0.0743;0.00772;116.0;116.0;116.0;1.0;0.0;1;-30.0;30.0
594;417;0.02165;0.0724;0.00706;121.0;121.0;121.0;1.0;0.0;1;-30.0;30.0
669;338;0.04405;0.13372;0.01585;116.0;116.0;116.0;1.0;0.0;1;-30.0;30.0
434;471;0.01826;0.03157;0.00307;89.0;89.0;89.0;1.0;0.0;1;-30.0;30.0
588;319;0.0205;0.06694;0.00684;120.0;120.0;120.0;1.0;0.0;1;-30.0;30.0
749;272;0.03339;0.10124;0.01199;116.0;116.0;116.0;1.0;0.0;1;-30.0;30.0
514;504;0.00273;0.00818;0.00099;115.0;115.0;115.0;1.0;0.0;1;-30.0;30.0
259;254;0.00694;0.02256;0.00231;120.0;120.0;120.0;1.0;0.0;1;-30.0;30.0
274;460;0.05992;0.11628;0.01298;90.0;90.0;90.0;1.0;0.0;1;-30.0;30.0
274;245;0.10041;0.17736;0.01665;89.0;89.0;89.0;1.0;0.0;1;-30.0;30.0
317;260;0.00554;0.01802;0.00167;120.0;120.0;120.0;1.0;0.0;1;-30.0;30.0
339;274;0.05198;0.09;0.00889;69.0;69.0;69.0;1.0;0.0;1;-30.0;30.0
351;261;0.02893;0.08719;0.0105;115.0;115.0;115.0;1.0;0.0;1;-30.0;30.0
637;351;0.03033;0.09124;0.01099;115.0;115.0;115.0;1.0;0.0;1;-30.0;30.0
707;323;0.00635;0.01952;0.00235;116.0;116.0;116.0;1.0;0.0;1;-30.0;30.0
707;314;0.03736;0.06314;0.00687;88.0;88.0;88.0;1.0;0.0;1;-30.0;30.0
707;324;0.00026;0.0004;5.0e-5;84.0;84.0;84.0;1.0;0.0;1;-30.0;30.0
733;405;0.02694;0.0819;0.0097;116.0;116.0;116.0;1.0;0.0;1;-30.0;30.0
465;400;0.02;0.0338;0.00368;88.0;88.0;88.0;1.0;0.0;1;-30.0;30.0
273;363;0.02702;0.08215;0.00973;116.0;116.0;116.0;1.0;0.0;1;-30.0;30.0
470;312;0.04992;0.08967;0.00898;90.0;90.0;90.0;1.0;0.0;1;-30.0;30.0
587;313;0.00785;0.02388;0.00284;116.0;116.0;116.0;1.0;0.0;1;-30.0;30.0
583;246;0.01102;0.03212;0.00397;114.0;114.0;114.0;1.0;0.0;1;-30.0;30.0
724;260;0.01549;0.03483;0.00343;90.0;90.0;90.0;1.0;0.0;1;-30.0;30.0
293;724;0.02848;0.05104;0.00475;90.0;90.0;90.0;1.0;0.0;1;-30.0;30.0
607;724;0.0002;0.00067;7.0e-5;121.0;121.0;121.0;1.0;0.0;1;-30.0;30.0
508;294;0.0081;0.01413;0.00135;89.0;89.0;89.0;1.0;0.0;1;-30.0;30.0
297;247;0.07934;0.13074;0.01414;87.0;87.0;87.0;1.0;0.0;1;-30.0;30.0
352;404;0.00397;0.01215;0.00138;116.0;116.0;116.0;1.0;0.0;1;-30.0;30.0
314;311;0.02207;0.04273;0.00416;90.0;90.0;90.0;1.0;0.0;1;-30.0;30.0
562;508;0.03653;0.06372;0.00608;89.0;89.0;89.0;1.0;0.0;1;-30.0;30.0
261;254;0.00264;0.00851;0.00088;119.0;119.0;119.0;1.0;0.0;1;-30.0;30.0
732;696;0.0395;0.06909;0.00656;89.0;89.0;89.0;1.0;0.0;1;-30.0;30.0
696;376;0.03537;0.10331;0.00917;114.0;114.0;114.0;1.0;0.0;1;-30.0;30.0
584;540;0.01975;0.03736;0.00401;90.0;90.0;90.0;1.0;0.0;1;-30.0;30.0
695;313;0.03165;0.09537;0.01148;115.0;115.0;115.0;1.0;0.0;1;-30.0;30.0
502;464;0.04066;0.07066;0.00682;69.0;69.0;69.0;1.0;0.0;1;-30.0;30.0
587;246;0.0414;0.1257;0.01489;116.0;116.0;116.0;1.0;0.0;1;-30.0;30.0
480;438;0.0157;0.04736;0.0057;115.0;115.0;115.0;1.0;0.0;1;-30.0;30.0
364;261;0.02802;0.08446;0.01016;115.0;115.0;115.0;1.0;0.0;1;-30.0;30.0
258;257;0.00347;0.01033;0.00125;115.0;115.0;115.0;1.0;0.0;1;-30.0;30.0
328;318;0.02678;0.0805;0.0097;115.0;115.0;115.0;1.0;0.0;1;-30.0;30.0
567;245;0.0386;0.08364;0.00735;90.0;90.0;90.0;1.0;0.0;1;-30.0;30.0
261;256;0.01157;0.03587;0.00404;117.0;117.0;117.0;1.0;0.0;1;-30.0;30.0
341;318;0.01909;0.06198;0.00644;119.0;119.0;119.0;1.0;0.0;1;-30.0;30.0
470;341;0.06769;0.11901;0.01104;89.0;89.0;89.0;1.0;0.0;1;-30.0;30.0
556;340;0.06107;0.10165;0.01102;87.0;87.0;87.0;1.0;0.0;1;-30.0;30.0
405;400;0.00612;0.0124;0.00117;90.0;90.0;90.0;1.0;0.0;1;-30.0;30.0
628;328;0.05099;0.16893;0.0166;121.0;121.0;121.0;1.0;0.0;1;-30.0;30.0
502;363;0.03124;0.09496;0.01125;116.0;116.0;116.0;1.0;0.0;1;-30.0;30.0
696;291;0.02917;0.07438;0.00774;91.0;91.0;91.0;1.0;0.0;1;-30.0;30.0
317;258;0.00711;0.02256;0.00224;118.0;118.0;118.0;1.0;0.0;1;-30.0;30.0
563;297;0.0576;0.10058;0.0096;89.0;89.0;89.0;1.0;0.0;1;-30.0;30.0
438;364;0.02165;0.04008;0.00386;92.0;92.0;92.0;1.0;0.0;1;-30.0;30.0
322;695;0.01868;0.06198;0.00608;121.0;121.0;121.0;1.0;0.0;1;-30.0;30.0
323;480;0.02678;0.08058;0.0097;115.0;115.0;115.0;1.0;0.0;1;-30.0;30.0
340;540;0.0043;0.01388;0.00144;119.0;119.0;119.0;1.0;0.0;1;-30.0;30.0
423;254;0.03942;0.12033;0.01413;116.0;116.0;116.0;1.0;0.0;1;-30.0;30.0
608;254;0.00818;0.02545;0.00289;117.0;117.0;117.0;1.0;0.0;1;-30.0;30.0
391;339;0.04339;0.07157;0.00774;69.0;69.0;69.0;1.0;0.0;1;-30.0;30.0
391;423;0.01826;0.05537;0.00656;116.0;116.0;116.0;1.0;0.0;1;-30.0;30.0
628;322;0.03446;0.11364;0.01127;120.0;120.0;120.0;1.0;0.0;1;-30.0;30.0
290;696;0.02959;0.09727;0.00971;120.0;120.0;120.0;1.0;0.0;1;-30.0;30.0
459;376;0.02868;0.08818;0.00783;116.0;116.0;116.0;1.0;0.0;1;-30.0;30.0
459;260;0.02545;0.08099;0.00735;118.0;118.0;118.0;1.0;0.0;1;-30.0;30.0
257;459;0.01091;0.04223;0.00465;130.0;130.0;130.0;1.0;0.0;1;-30.0;30.0
255;460;0.01818;0.06595;0.00707;126.0;126.0;126.0;1.0;0.0;1;-30.0;30.0
460;256;0.01926;0.05876;0.00555;116.0;116.0;116.0;1.0;0.0;1;-30.0;30.0
314;273;0.02793;0.08496;0.01006;116.0;116.0;116.0;1.0;0.0;1;-30.0;30.0
637;352;0.02364;0.07149;0.00851;116.0;116.0;116.0;1.0;0.0;1;-30.0;30.0
255;259;0.00223;0.00752;0.00076;122.0;122.0;122.0;1.0;0.0;1;-30.0;30.0
584;582;0.02957;0.08621;0.01064;114.0;114.0;114.0;1.0;0.0;1;-30.0;30.0
719;308;0.00098;0.00423;0.02594;95.0;95.0;95.0;1.0;0.0;1;-30.0;30.0
719;357;0.01639;0.0344;0.02258;77.0;77.0;77.0;1.0;0.0;1;-30.0;30.0
719;334;0.00017;0.00074;0.00757;95.0;95.0;95.0;1.0;0.0;1;-30.0;30.0
358;487;0.01545;0.03008;0.00257;77.0;77.0;77.0;1.0;0.0;1;-30.0;30.0
271;309;0.00165;0.00744;0.10672;95.0;95.0;95.0;1.0;0.0;1;-30.0;30.0
739;357;0.00298;0.0105;0.06292;95.0;95.0;95.0;1.0;0.0;1;-30.0;30.0
774;1050;0.03628;0.09421;0.00974;107.0;107.0;107.0;1.0;0.0;1;-30.0;30.0
991;798;0.03041;0.09893;0.01014;120.0;120.0;120.0;1.0;0.0;1;-30.0;30.0
960;758;0.02678;0.08653;0.00885;119.0;119.0;119.0;1.0;0.0;1;-30.0;30.0
1046;775;0.02256;0.07289;0.00746;119.0;119.0;119.0;1.0;0.0;1;-30.0;30.0
914;766;0.08678;0.14975;0.01423;76.0;76.0;76.0;1.0;0.0;1;-30.0;30.0
981;922;0.07207;0.1381;0.01321;90.0;90.0;90.0;1.0;0.0;1;-30.0;30.0
931;923;0.05;0.10909;0.0107;90.0;90.0;90.0;1.0;0.0;1;-30.0;30.0
806;803;0.01124;0.02777;0.00276;90.0;90.0;90.0;1.0;0.0;1;-30.0;30.0
923;921;0.01636;0.05306;0.00542;119.0;119.0;119.0;1.0;0.0;1;-30.0;30.0
916;789;0.04116;0.13289;0.01359;119.0;119.0;119.0;1.0;0.0;1;-30.0;30.0
930;922;0.02306;0.07157;0.00818;117.0;117.0;117.0;1.0;0.0;1;-30.0;30.0
930;923;0.02306;0.07157;0.00818;117.0;117.0;117.0;1.0;0.0;1;-30.0;30.0
946;865;0.02017;0.06529;0.0067;119.0;119.0;119.0;1.0;0.0;1;-30.0;30.0
993;773;0.04893;0.12777;0.01321;108.0;108.0;108.0;1.0;0.0;1;-30.0;30.0
796;762;0.03198;0.10347;0.01058;69.0;69.0;69.0;1.0;0.0;1;-30.0;30.0
884;1026;0.03917;0.12669;0.01296;119.0;119.0;119.0;1.0;0.0;1;-30.0;30.0
990;796;0.03851;0.12463;0.01275;69.0;69.0;69.0;1.0;0.0;1;-30.0;30.0
1045;819;0.0614;0.1986;0.02032;119.0;119.0;119.0;1.0;0.0;1;-30.0;30.0
941;940;0.00372;0.00884;0.00067;103.0;103.0;103.0;1.0;0.0;1;-30.0;30.0
941;793;0.04843;0.08438;0.00809;89.0;89.0;89.0;1.0;0.0;1;-30.0;30.0
986;755;0.01207;0.03893;0.00402;119.0;119.0;119.0;1.0;0.0;1;-30.0;30.0
972;793;0.0376;0.06554;0.00624;89.0;89.0;89.0;1.0;0.0;1;-30.0;30.0
941;843;0.01075;0.0282;0.00291;108.0;108.0;108.0;1.0;0.0;1;-30.0;30.0
911;843;0.0127;0.03297;0.00341;107.0;107.0;107.0;1.0;0.0;1;-30.0;30.0
943;911;0.03485;0.07019;0.00683;95.0;95.0;95.0;1.0;0.0;1;-30.0;30.0
760;943;0.01421;0.04603;0.00471;119.0;119.0;119.0;1.0;0.0;1;-30.0;30.0
891;756;0.00562;0.00992;0.00092;76.0;76.0;76.0;1.0;0.0;1;-30.0;30.0
891;886;0.00446;0.00793;0.00075;76.0;76.0;76.0;1.0;0.0;1;-30.0;30.0
890;886;0.00256;0.00826;0.00085;119.0;119.0;119.0;1.0;0.0;1;-30.0;30.0
1032;890;0.01306;0.02165;0.00208;87.0;87.0;87.0;1.0;0.0;1;-30.0;30.0
1032;755;0.01174;0.02025;0.00195;88.0;88.0;88.0;1.0;0.0;1;-30.0;30.0
779;755;0.02562;0.08281;0.00847;119.0;119.0;119.0;1.0;0.0;1;-30.0;30.0
779;776;0.02934;0.09479;0.0097;119.0;119.0;119.0;1.0;0.0;1;-30.0;30.0
984;882;0.01372;0.05686;0.00567;134.0;134.0;134.0;1.0;0.0;1;-30.0;30.0
986;984;0.00298;0.00959;0.00099;119.0;119.0;119.0;1.0;0.0;1;-30.0;30.0
986;758;0.01884;0.06099;0.00624;119.0;119.0;119.0;1.0;0.0;1;-30.0;30.0
1003;758;0.02512;0.08107;0.0083;119.0;119.0;119.0;1.0;0.0;1;-30.0;30.0
1003;763;0.00413;0.01322;0.00136;119.0;119.0;119.0;1.0;0.0;1;-30.0;30.0
883;868;0.02314;0.06628;0.00678;113.0;113.0;113.0;1.0;0.0;1;-30.0;30.0
868;763;0.00777;0.02512;0.00257;119.0;119.0;119.0;1.0;0.0;1;-30.0;30.0
916;763;0.00355;0.01157;0.0012;120.0;120.0;120.0;1.0;0.0;1;-30.0;30.0
877;882;0.01083;0.01917;0.0018;90.0;90.0;90.0;1.0;0.0;1;-30.0;30.0
892;877;0.00455;0.00802;0.00075;89.0;89.0;89.0;1.0;0.0;1;-30.0;30.0
876;875;0.00124;0.00397;0.00044;119.0;119.0;119.0;1.0;0.0;1;-30.0;30.0
888;875;0.00314;0.01025;0.00105;120.0;120.0;120.0;1.0;0.0;1;-30.0;30.0
883;871;0.03322;0.10752;0.011;119.0;119.0;119.0;1.0;0.0;1;-30.0;30.0
887;869;0.01364;0.04413;0.00452;119.0;119.0;119.0;1.0;0.0;1;-30.0;30.0
882;878;0.01339;0.02686;0.00257;95.0;95.0;95.0;1.0;0.0;1;-30.0;30.0
885;878;0.00463;0.01579;0.00161;120.0;120.0;120.0;1.0;0.0;1;-30.0;30.0
887;885;0.01264;0.04091;0.00418;119.0;119.0;119.0;1.0;0.0;1;-30.0;30.0
883;867;0.01967;0.06364;0.00651;119.0;119.0;119.0;1.0;0.0;1;-30.0;30.0
867;833;0.02826;0.0914;0.00934;119.0;119.0;119.0;1.0;0.0;1;-30.0;30.0
956;833;0.02182;0.07066;0.00723;119.0;119.0;119.0;1.0;0.0;1;-30.0;30.0
898;772;0.05835;0.09876;0.0106;88.0;88.0;88.0;1.0;0.0;1;-30.0;30.0
772;770;0.0057;0.0186;0.00189;120.0;120.0;120.0;1.0;0.0;1;-30.0;30.0
880;771;0.03322;0.10736;0.01099;119.0;119.0;119.0;1.0;0.0;1;-30.0;30.0
932;882;0.06372;0.20612;0.02108;119.0;119.0;119.0;1.0;0.0;1;-30.0;30.0
892;756;0.01372;0.04438;0.00454;119.0;119.0;119.0;1.0;0.0;1;-30.0;30.0
889;882;0.0038;0.0286;0.00273;178.0;178.0;178.0;1.0;0.0;1;-30.0;30.0
888;883;0.00231;0.02413;0.00373;183.0;183.0;183.0;1.0;0.0;1;-30.0;30.0
889;756;0.00413;0.03066;0.00293;137.0;137.0;137.0;1.0;0.0;1;-30.0;30.0
870;755;0.00397;0.01298;0.00133;120.0;120.0;120.0;1.0;0.0;1;-30.0;30.0
1027;770;0.03231;0.10438;0.01068;119.0;119.0;119.0;1.0;0.0;1;-30.0;30.0
1027;1026;0.04041;0.13058;0.01336;119.0;119.0;119.0;1.0;0.0;1;-30.0;30.0
870;756;0.00397;0.01281;0.00131;119.0;119.0;119.0;1.0;0.0;1;-30.0;30.0
871;869;0.01306;0.04207;0.00431;119.0;119.0;119.0;1.0;0.0;1;-30.0;30.0
918;775;0.03033;0.0981;0.01004;119.0;119.0;119.0;1.0;0.0;1;-30.0;30.0
1026;932;0.03793;0.12298;0.01258;119.0;119.0;119.0;1.0;0.0;1;-30.0;30.0
883;878;0.00959;0.03116;0.00318;120.0;120.0;120.0;1.0;0.0;1;-30.0;30.0
880;816;0.02636;0.08521;0.00871;119.0;119.0;119.0;1.0;0.0;1;-30.0;30.0
825;816;0.01917;0.06231;0.00637;120.0;120.0;120.0;1.0;0.0;1;-30.0;30.0
1027;825;0.03066;0.09909;0.01014;119.0;119.0;119.0;1.0;0.0;1;-30.0;30.0
816;771;0.03107;0.10041;0.01029;119.0;119.0;119.0;1.0;0.0;1;-30.0;30.0
941;829;0.01917;0.06198;0.00634;119.0;119.0;119.0;1.0;0.0;1;-30.0;30.0
760;756;0.02917;0.08074;0.00832;111.0;111.0;111.0;1.0;0.0;1;-30.0;30.0
942;943;0.00521;0.01694;0.00173;120.0;120.0;120.0;1.0;0.0;1;-30.0;30.0
918;942;0.01107;0.03579;0.00366;119.0;119.0;119.0;1.0;0.0;1;-30.0;30.0
804;882;0.02033;0.06562;0.00671;119.0;119.0;119.0;1.0;0.0;1;-30.0;30.0
774;940;0.00496;0.01339;0.00138;109.0;109.0;109.0;1.0;0.0;1;-30.0;30.0
876;892;0.00107;0.00802;0.00018;137.0;137.0;137.0;1.0;0.0;1;-30.0;30.0
835;775;0.00149;0.00446;0.0;115.0;115.0;115.0;1.0;0.0;1;-30.0;30.0
960;789;0.03116;0.05504;0.00515;89.0;89.0;89.0;1.0;0.0;1;-30.0;30.0
910;820;0.00512;0.0124;0.00123;69.0;69.0;69.0;1.0;0.0;1;-30.0;30.0
961;790;0.03215;0.05504;0.00515;76.0;76.0;76.0;1.0;0.0;1;-30.0;30.0
961;860;0.01901;0.05116;0.00528;109.0;109.0;109.0;1.0;0.0;1;-30.0;30.0
903;860;0.04579;0.12752;0.01314;111.0;111.0;111.0;1.0;0.0;1;-30.0;30.0
1014;902;0.02463;0.04488;0.00423;90.0;90.0;90.0;1.0;0.0;1;-30.0;30.0
1014;766;0.05818;0.10041;0.00954;89.0;89.0;89.0;1.0;0.0;1;-30.0;30.0
1047;902;0.01017;0.03298;0.00336;119.0;119.0;119.0;1.0;0.0;1;-30.0;30.0
1048;1041;0.00347;0.00901;0.00094;107.0;107.0;107.0;1.0;0.0;1;-30.0;30.0
1048;1047;0.00678;0.0219;0.00222;119.0;119.0;119.0;1.0;0.0;1;-30.0;30.0
1041;903;0.01496;0.04661;0.00475;76.0;76.0;76.0;1.0;0.0;1;-30.0;30.0
1042;1018;0.06347;0.1138;0.0107;90.0;90.0;90.0;1.0;0.0;1;-30.0;30.0
910;866;0.04455;0.14413;0.01475;69.0;69.0;69.0;1.0;0.0;1;-30.0;30.0
1045;903;0.06909;0.12273;0.01151;69.0;69.0;69.0;1.0;0.0;1;-30.0;30.0
789;1034;0.01738;0.03069;0.00288;69.0;69.0;69.0;1.0;0.0;1;-30.0;30.0
790;782;0.01669;0.02975;0.00279;90.0;90.0;90.0;1.0;0.0;1;-30.0;30.0
951;910;0.04463;0.07884;0.00738;69.0;69.0;69.0;1.0;0.0;1;-30.0;30.0
951;773;0.03843;0.10074;0.01041;108.0;108.0;108.0;1.0;0.0;1;-30.0;30.0
946;950;0.03769;0.1219;0.01247;119.0;119.0;119.0;1.0;0.0;1;-30.0;30.0
895;790;0.0557;0.0995;0.00934;76.0;76.0;76.0;1.0;0.0;1;-30.0;30.0
1029;895;0.04099;0.07364;0.00692;90.0;90.0;90.0;1.0;0.0;1;-30.0;30.0
790;784;0.00793;0.01893;0.00187;69.0;69.0;69.0;1.0;0.0;1;-30.0;30.0
789;787;0.00851;0.02785;0.00285;69.0;69.0;69.0;1.0;0.0;1;-30.0;30.0
792;787;0.00942;0.0305;0.00312;119.0;119.0;119.0;1.0;0.0;1;-30.0;30.0
792;784;0.00785;0.01835;0.0018;90.0;90.0;90.0;1.0;0.0;1;-30.0;30.0
1022;1017;0.02777;0.08975;0.00918;10.0;10.0;10.0;1.0;0.0;1;-30.0;30.0
820;826;0.01083;0.03789;0.00385;107.0;107.0;107.0;1.0;0.0;1;-30.0;30.0
826;991;0.02378;0.07688;0.00787;119.0;119.0;119.0;1.0;0.0;1;-30.0;30.0
767;766;0.00835;0.02702;0.00277;119.0;119.0;119.0;1.0;0.0;1;-30.0;30.0
1015;767;0.01843;0.0595;0.00608;119.0;119.0;119.0;1.0;0.0;1;-30.0;30.0
1029;884;0.02066;0.06686;0.00684;119.0;119.0;119.0;1.0;0.0;1;-30.0;30.0
809;1041;0.04876;0.15769;0.01613;76.0;76.0;76.0;1.0;0.0;1;-30.0;30.0
808;809;0.0105;0.03306;0.00338;118.0;118.0;118.0;1.0;0.0;1;-30.0;30.0
944;808;0.02661;0.08603;0.0088;119.0;119.0;119.0;1.0;0.0;1;-30.0;30.0
1021;944;0.01752;0.05678;0.00581;119.0;119.0;119.0;1.0;0.0;1;-30.0;30.0
1042;1021;0.03752;0.1214;0.01242;119.0;119.0;119.0;1.0;0.0;1;-30.0;30.0
1037;1042;0.04169;0.07362;0.0069;26.0;26.0;26.0;1.0;0.0;1;-30.0;30.0
827;1037;0.027;0.04768;0.00446;10.0;10.0;10.0;1.0;0.0;1;-30.0;30.0
949;950;0.0238;0.0538;0.0055;90.0;90.0;90.0;1.0;0.0;1;-30.0;30.0
945;949;0.01802;0.03182;0.00298;89.0;89.0;89.0;1.0;0.0;1;-30.0;30.0
952;945;0.00165;0.00537;0.00055;90.0;90.0;90.0;1.0;0.0;1;-30.0;30.0
951;952;0.01083;0.01917;0.0018;76.0;76.0;76.0;1.0;0.0;1;-30.0;30.0
899;950;0.01678;0.02959;0.00277;34.0;34.0;34.0;1.0;0.0;1;-30.0;30.0
899;951;0.01455;0.0257;0.00241;34.0;34.0;34.0;1.0;0.0;1;-30.0;30.0
1017;866;0.08306;0.14868;0.01396;90.0;90.0;90.0;1.0;0.0;1;-30.0;30.0
1018;1017;0.01413;0.02694;0.00257;90.0;90.0;90.0;1.0;0.0;1;-30.0;30.0
991;1015;0.02638;0.08531;0.00873;119.0;119.0;119.0;1.0;0.0;1;-30.0;30.0
782;1034;0.00021;0.00038;4.0e-5;69.0;69.0;69.0;1.0;0.0;1;-30.0;30.0
781;1034;0.01843;0.03331;0.00326;69.0;69.0;69.0;1.0;0.0;1;-30.0;30.0
1035;781;0.00026;0.00045;4.0e-5;69.0;69.0;69.0;1.0;0.0;1;-30.0;30.0
1035;782;0.0001;0.00017;2.0e-5;69.0;69.0;69.0;1.0;0.0;1;-30.0;30.0
1035;783;0.00148;0.00262;0.00024;69.0;69.0;69.0;1.0;0.0;1;-30.0;30.0
844;1037;3.0e-5;0.0001;1.0e-5;16.0;16.0;16.0;1.0;0.0;1;-30.0;30.0
815;761;0.03124;0.10107;0.01034;119.0;119.0;119.0;1.0;0.0;1;-30.0;30.0
992;874;0.03488;0.11281;0.01154;119.0;119.0;119.0;1.0;0.0;1;-30.0;30.0
874;872;0.00207;0.00661;0.00068;119.0;119.0;119.0;1.0;0.0;1;-30.0;30.0
982;872;0.01992;0.03711;0.00351;92.0;92.0;92.0;1.0;0.0;1;-30.0;30.0
1009;971;0.01719;0.0557;0.0057;119.0;119.0;119.0;1.0;0.0;1;-30.0;30.0
1008;914;0.01207;0.02074;0.00198;88.0;88.0;88.0;1.0;0.0;1;-30.0;30.0
981;1039;0.02938;0.06012;0.00579;96.0;96.0;96.0;1.0;0.0;1;-30.0;30.0
1008;1039;0.02938;0.06012;0.00579;96.0;96.0;96.0;1.0;0.0;1;-30.0;30.0
1013;1039;0.00133;0.00431;0.00044;109.0;109.0;109.0;1.0;0.0;1;-30.0;30.0
1009;805;0.04521;0.07926;0.0064;89.0;89.0;89.0;1.0;0.0;1;-30.0;30.0
805;799;0.01306;0.02455;0.00198;92.0;92.0;92.0;1.0;0.0;1;-30.0;30.0
931;799;0.04455;0.08926;0.00679;95.0;95.0;95.0;1.0;0.0;1;-30.0;30.0
798;971;0.02207;0.07124;0.00729;119.0;119.0;119.0;1.0;0.0;1;-30.0;30.0
894;893;0.00876;0.01455;0.00152;87.0;87.0;87.0;1.0;0.0;1;-30.0;30.0
1012;1008;0.01248;0.03438;0.00347;109.0;109.0;109.0;1.0;0.0;1;-30.0;30.0
919;828;0.0162;0.05223;0.00535;119.0;119.0;119.0;1.0;0.0;1;-30.0;30.0
828;785;0.01595;0.03174;0.00302;95.0;95.0;95.0;1.0;0.0;1;-30.0;30.0
894;785;0.01083;0.01909;0.00166;89.0;89.0;89.0;1.0;0.0;1;-30.0;30.0
894;786;0.01124;0.01975;0.00173;89.0;89.0;89.0;1.0;0.0;1;-30.0;30.0
976;973;0.02264;0.07314;0.00748;119.0;119.0;119.0;1.0;0.0;1;-30.0;30.0
1009;762;0.1362;0.23512;0.02235;89.0;89.0;89.0;1.0;0.0;1;-30.0;30.0
975;762;0.00612;0.01992;0.00204;120.0;120.0;120.0;1.0;0.0;1;-30.0;30.0
980;762;0.00463;0.01479;0.0016;119.0;119.0;119.0;1.0;0.0;1;-30.0;30.0
980;974;0.00744;0.02405;0.00247;119.0;119.0;119.0;1.0;0.0;1;-30.0;30.0
974;964;0.00322;0.0105;0.00109;120.0;120.0;120.0;1.0;0.0;1;-30.0;30.0
1040;976;0.02108;0.06817;0.00697;119.0;119.0;119.0;1.0;0.0;1;-30.0;30.0
977;831;0.00967;0.03149;0.00322;120.0;120.0;120.0;1.0;0.0;1;-30.0;30.0
912;831;0.04545;0.08091;0.00757;90.0;90.0;90.0;1.0;0.0;1;-30.0;30.0
912;786;0.02628;0.04694;0.0044;90.0;90.0;90.0;1.0;0.0;1;-30.0;30.0
948;894;0.01091;0.01926;0.0018;89.0;89.0;89.0;1.0;0.0;1;-30.0;30.0
934;806;0.03521;0.07645;0.00743;99.0;99.0;99.0;1.0;0.0;1;-30.0;30.0
999;935;0.0224;0.0724;0.00741;119.0;119.0;119.0;1.0;0.0;1;-30.0;30.0
935;904;0.02132;0.06595;0.00671;117.0;117.0;117.0;1.0;0.0;1;-30.0;30.0
904;786;0.07694;0.13256;0.01263;88.0;88.0;88.0;1.0;0.0;1;-30.0;30.0
988;762;0.03182;0.07959;0.00806;106.0;106.0;106.0;1.0;0.0;1;-30.0;30.0
988;965;0.00917;0.02289;0.00232;105.0;105.0;105.0;1.0;0.0;1;-30.0;30.0
1010;761;0.02355;0.07562;0.00782;119.0;119.0;119.0;1.0;0.0;1;-30.0;30.0
1010;855;0.02223;0.0714;0.00738;119.0;119.0;119.0;1.0;0.0;1;-30.0;30.0
852;759;0.02207;0.05917;0.00611;109.0;109.0;109.0;1.0;0.0;1;-30.0;30.0
989;759;0.02537;0.06736;0.00695;109.0;109.0;109.0;1.0;0.0;1;-30.0;30.0
873;989;0.01405;0.03645;0.00377;107.0;107.0;107.0;1.0;0.0;1;-30.0;30.0
854;807;0.02074;0.06702;0.00686;119.0;119.0;119.0;1.0;0.0;1;-30.0;30.0
801;807;0.00967;0.0262;0.00263;109.0;109.0;109.0;1.0;0.0;1;-30.0;30.0
913;801;0.0062;0.02;0.00204;109.0;109.0;109.0;1.0;0.0;1;-30.0;30.0
1016;785;0.01579;0.05107;0.00523;119.0;119.0;119.0;1.0;0.0;1;-30.0;30.0
979;959;0.00174;0.00562;0.00058;119.0;119.0;119.0;1.0;0.0;1;-30.0;30.0
1023;994;0.02058;0.03628;0.00339;89.0;89.0;89.0;1.0;0.0;1;-30.0;30.0
1043;1023;0.02802;0.0905;0.00924;109.0;109.0;109.0;1.0;0.0;1;-30.0;30.0
1043;989;0.00868;0.01537;0.00143;90.0;90.0;90.0;1.0;0.0;1;-30.0;30.0
977;761;0.03306;0.10686;0.01094;119.0;119.0;119.0;1.0;0.0;1;-30.0;30.0
1009;819;0.03298;0.10669;0.01091;119.0;119.0;119.0;1.0;0.0;1;-30.0;30.0
919;1012;0.02066;0.06678;0.00683;109.0;109.0;109.0;1.0;0.0;1;-30.0;30.0
1016;814;0.01479;0.04769;0.00488;119.0;119.0;119.0;1.0;0.0;1;-30.0;30.0
1019;814;0.00744;0.01314;0.00123;89.0;89.0;89.0;1.0;0.0;1;-30.0;30.0
1019;805;0.00826;0.01463;0.00137;90.0;90.0;90.0;1.0;0.0;1;-30.0;30.0
1005;989;0.00256;0.00818;0.00083;119.0;119.0;119.0;1.0;0.0;1;-30.0;30.0
893;786;0.00529;0.01686;0.00173;118.0;118.0;118.0;1.0;0.0;1;-30.0;30.0
977;865;0.03893;0.12595;0.01288;119.0;119.0;119.0;1.0;0.0;1;-30.0;30.0
925;948;0.02157;0.04744;0.00462;99.0;99.0;99.0;1.0;0.0;1;-30.0;30.0
925;934;0.02967;0.06636;0.00649;100.0;100.0;100.0;1.0;0.0;1;-30.0;30.0
865;815;0.00983;0.03182;0.00325;119.0;119.0;119.0;1.0;0.0;1;-30.0;30.0
977;959;0.02438;0.07802;0.00807;119.0;119.0;119.0;1.0;0.0;1;-30.0;30.0
964;959;0.01777;0.05736;0.00587;119.0;119.0;119.0;1.0;0.0;1;-30.0;30.0
999;806;0.00818;0.02645;0.00271;119.0;119.0;119.0;1.0;0.0;1;-30.0;30.0
852;780;0.0124;0.05413;0.00675;138.0;138.0;138.0;1.0;0.0;1;-30.0;30.0
1005;990;0.00636;0.02058;0.0021;119.0;119.0;119.0;1.0;0.0;1;-30.0;30.0
780;759;0.01793;0.05802;0.00593;119.0;119.0;119.0;1.0;0.0;1;-30.0;30.0
850;854;0.00149;0.00264;0.00025;90.0;90.0;90.0;1.0;0.0;1;-30.0;30.0
853;850;0.00058;0.0019;0.00019;120.0;120.0;120.0;1.0;0.0;1;-30.0;30.0
1046;1009;0.02868;0.09281;0.00949;109.0;109.0;109.0;1.0;0.0;1;-30.0;30.0
757;931;0.0157;0.05074;0.00519;119.0;119.0;119.0;1.0;0.0;1;-30.0;30.0
842;925;0.02132;0.06893;0.00705;119.0;119.0;119.0;1.0;0.0;1;-30.0;30.0
998;975;0.00818;0.02653;0.00271;119.0;119.0;119.0;1.0;0.0;1;-30.0;30.0
857;853;0.01149;0.02967;0.00301;107.0;107.0;107.0;1.0;0.0;1;-30.0;30.0
802;913;0.0062;0.02;0.00204;119.0;119.0;119.0;1.0;0.0;1;-30.0;30.0
921;842;0.0181;0.05851;0.00599;119.0;119.0;119.0;1.0;0.0;1;-30.0;30.0
851;857;0.0057;0.01603;0.00165;112.0;112.0;112.0;1.0;0.0;1;-30.0;30.0
993;873;0.01917;0.04983;0.00516;108.0;108.0;108.0;1.0;0.0;1;-30.0;30.0
992;976;0.02306;0.07463;0.00764;119.0;119.0;119.0;1.0;0.0;1;-30.0;30.0
982;798;0.00016;0.0005;5.0e-5;117.0;117.0;117.0;1.0;0.0;1;-30.0;30.0
765;913;0.03025;0.05931;0.00567;94.0;94.0;94.0;1.0;0.0;1;-30.0;30.0
851;817;0.01359;0.04394;0.0045;119.0;119.0;119.0;1.0;0.0;1;-30.0;30.0
1008;810;0.00107;0.00626;0.00059;120.0;120.0;120.0;1.0;0.0;1;-30.0;30.0
812;1036;0.00223;0.00678;0.0;116.0;116.0;116.0;1.0;0.0;1;-30.0;30.0
811;1036;0.00207;0.00612;0.0;114.0;114.0;114.0;1.0;0.0;1;-30.0;30.0
1009;811;0.00174;0.00564;0.00058;119.0;119.0;119.0;1.0;0.0;1;-30.0;30.0
907;934;0.04561;0.13862;0.01402;109.0;109.0;109.0;1.0;0.0;1;-30.0;30.0
904;908;0.01031;0.02002;0.00191;94.0;94.0;94.0;1.0;0.0;1;-30.0;30.0
907;908;0.00349;0.01126;0.00115;119.0;119.0;119.0;1.0;0.0;1;-30.0;30.0
823;854;0.00876;0.02636;0.0;115.0;115.0;115.0;1.0;0.0;1;-30.0;30.0
998;973;0.00372;0.0119;0.00121;119.0;119.0;119.0;1.0;0.0;1;-30.0;30.0
856;853;0.00033;0.00116;0.0;124.0;124.0;124.0;1.0;0.0;1;-30.0;30.0
963;913;0.00025;0.00066;0.0;108.0;108.0;108.0;1.0;0.0;1;-30.0;30.0
881;865;0.00041;0.00126;0.0;116.0;116.0;116.0;1.0;0.0;1;-30.0;30.0
813;810;0.00099;0.00298;0.0;115.0;115.0;115.0;1.0;0.0;1;-30.0;30.0
979;1040;0.0064;0.02069;0.00212;119.0;119.0;119.0;1.0;0.0;1;-30.0;30.0
1050;966;0.0519;0.1314;0.01312;106.0;106.0;106.0;1.0;0.0;1;-30.0;30.0
969;967;0.01521;0.02562;0.00245;87.0;87.0;87.0;1.0;0.0;1;-30.0;30.0
969;968;0.00851;0.01438;0.00155;88.0;88.0;88.0;1.0;0.0;1;-30.0;30.0
968;939;0.02702;0.0876;0.009;119.0;119.0;119.0;1.0;0.0;1;-30.0;30.0
938;864;0.01851;0.06;0.00614;119.0;119.0;119.0;1.0;0.0;1;-30.0;30.0
864;847;0.01372;0.04446;0.00454;119.0;119.0;119.0;1.0;0.0;1;-30.0;30.0
966;957;0.02289;0.0519;0.00506;90.0;90.0;90.0;1.0;0.0;1;-30.0;30.0
970;957;0.02521;0.05744;0.00561;90.0;90.0;90.0;1.0;0.0;1;-30.0;30.0
970;962;0.00579;0.00992;0.00105;88.0;88.0;88.0;1.0;0.0;1;-30.0;30.0
824;794;0.01777;0.05736;0.00587;119.0;119.0;119.0;1.0;0.0;1;-30.0;30.0
847;794;0.02058;0.06612;0.00686;119.0;119.0;119.0;1.0;0.0;1;-30.0;30.0
966;788;0.00901;0.03107;0.00298;123.0;123.0;123.0;1.0;0.0;1;-30.0;30.0
947;788;0.02397;0.08322;0.00799;123.0;123.0;123.0;1.0;0.0;1;-30.0;30.0
958;947;0.02322;0.07521;0.0077;119.0;119.0;119.0;1.0;0.0;1;-30.0;30.0
1033;985;0.00884;0.01488;0.0015;87.0;87.0;87.0;1.0;0.0;1;-30.0;30.0
1000;966;0.05331;0.13339;0.01064;106.0;106.0;106.0;1.0;0.0;1;-30.0;30.0
967;818;0.04066;0.11116;0.01147;110.0;110.0;110.0;1.0;0.0;1;-30.0;30.0
1007;818;0.02777;0.07769;0.00801;111.0;111.0;111.0;1.0;0.0;1;-30.0;30.0
1007;1001;0.00289;0.00777;0.0008;109.0;109.0;109.0;1.0;0.0;1;-30.0;30.0
768;1001;0.04;0.06182;0.00676;84.0;84.0;84.0;1.0;0.0;1;-30.0;30.0
996;769;0.03826;0.06562;0.01263;88.0;88.0;88.0;1.0;0.0;1;-30.0;30.0
996;858;0.02893;0.04975;0.00953;88.0;88.0;88.0;1.0;0.0;1;-30.0;30.0
859;858;0.00413;0.00711;0.00137;88.0;88.0;88.0;1.0;0.0;1;-30.0;30.0
1001;922;0.06909;0.1238;0.01008;90.0;90.0;90.0;1.0;0.0;1;-30.0;30.0
1000;845;0.03992;0.06793;0.00543;88.0;88.0;88.0;1.0;0.0;1;-30.0;30.0
929;845;0.01281;0.02182;0.00175;88.0;88.0;88.0;1.0;0.0;1;-30.0;30.0
929;923;0.01322;0.0343;0.00329;90.0;90.0;90.0;1.0;0.0;1;-30.0;30.0
922;879;0.03132;0.1014;0.01038;119.0;119.0;119.0;1.0;0.0;1;-30.0;30.0
927;926;0.00033;0.00058;0.0242;89.0;89.0;89.0;1.0;0.0;1;-30.0;30.0
794;764;0.01628;0.05273;0.00541;119.0;119.0;119.0;1.0;0.0;1;-30.0;30.0
1024;846;0.03471;0.11256;0.01158;119.0;119.0;119.0;1.0;0.0;1;-30.0;30.0
1024;901;0.01512;0.05132;0.00251;122.0;122.0;122.0;1.0;0.0;1;-30.0;30.0
901;800;0.0295;0.05182;0.00488;89.0;89.0;89.0;1.0;0.0;1;-30.0;30.0
1011;768;0.01025;0.0181;0.0017;89.0;89.0;89.0;1.0;0.0;1;-30.0;30.0
1030;1011;0.03124;0.05512;0.00516;89.0;89.0;89.0;1.0;0.0;1;-30.0;30.0
1030;849;0.02446;0.04322;0.00405;90.0;90.0;90.0;1.0;0.0;1;-30.0;30.0
906;849;0.05736;0.10083;0.00949;89.0;89.0;89.0;1.0;0.0;1;-30.0;30.0
920;905;0.01364;0.07041;0.00728;137.0;137.0;137.0;1.0;0.0;1;-30.0;30.0
834;849;0.00306;0.00983;0.00101;119.0;119.0;119.0;1.0;0.0;1;-30.0;30.0
838;837;0.00446;0.01455;0.00148;120.0;120.0;120.0;1.0;0.0;1;-30.0;30.0
954;837;0.01405;0.04537;0.00465;119.0;119.0;119.0;1.0;0.0;1;-30.0;30.0
839;849;0.0076;0.02455;0.00252;119.0;119.0;119.0;1.0;0.0;1;-30.0;30.0
863;839;0.00446;0.01388;0.00143;117.0;117.0;117.0;1.0;0.0;1;-30.0;30.0
848;863;0.0057;0.01851;0.00189;119.0;119.0;119.0;1.0;0.0;1;-30.0;30.0
954;905;0.02198;0.06843;0.00702;117.0;117.0;117.0;1.0;0.0;1;-30.0;30.0
1028;955;0.0162;0.02843;0.00269;89.0;89.0;89.0;1.0;0.0;1;-30.0;30.0
1028;822;0.03917;0.06603;0.00396;88.0;88.0;88.0;1.0;0.0;1;-30.0;30.0
821;822;0.00959;0.02017;0.00196;90.0;90.0;90.0;1.0;0.0;1;-30.0;30.0
955;909;0.00967;0.03157;0.00322;120.0;120.0;120.0;1.0;0.0;1;-30.0;30.0
909;791;0.04777;0.09058;0.00862;90.0;90.0;90.0;1.0;0.0;1;-30.0;30.0
983;791;0.02273;0.04661;0.0045;90.0;90.0;90.0;1.0;0.0;1;-30.0;30.0
983;777;0.02463;0.05959;0.00496;90.0;90.0;90.0;1.0;0.0;1;-30.0;30.0
778;777;0.0057;0.01851;0.00189;90.0;90.0;90.0;1.0;0.0;1;-30.0;30.0
1050;879;0.04719;0.08521;0.00803;90.0;90.0;90.0;1.0;0.0;1;-30.0;30.0
957;953;0.00777;0.01686;0.00165;90.0;90.0;90.0;1.0;0.0;1;-30.0;30.0
978;967;0.01686;0.02983;0.00281;90.0;90.0;90.0;1.0;0.0;1;-30.0;30.0
978;953;0.00355;0.00628;0.00542;90.0;90.0;90.0;1.0;0.0;1;-30.0;30.0
1049;768;0.00587;0.01033;0.00097;89.0;89.0;89.0;1.0;0.0;1;-30.0;30.0
1049;995;0.0038;0.0124;0.00127;120.0;120.0;120.0;1.0;0.0;1;-30.0;30.0
995;933;0.00405;0.01298;0.00133;119.0;119.0;119.0;1.0;0.0;1;-30.0;30.0
958;795;0.00355;0.01157;0.00119;120.0;120.0;120.0;1.0;0.0;1;-30.0;30.0
1006;778;0.01777;0.0576;0.00589;90.0;90.0;90.0;1.0;0.0;1;-30.0;30.0
803;1006;0.01777;0.0576;0.00589;90.0;90.0;90.0;1.0;0.0;1;-30.0;30.0
937;777;0.02174;0.03835;0.00359;89.0;89.0;89.0;1.0;0.0;1;-30.0;30.0
937;1038;0.01719;0.05562;0.00568;119.0;119.0;119.0;1.0;0.0;1;-30.0;30.0
1038;862;0.01719;0.05562;0.00568;119.0;119.0;119.0;1.0;0.0;1;-30.0;30.0
900;764;0.02074;0.06727;0.00688;119.0;119.0;119.0;1.0;0.0;1;-30.0;30.0
861;859;0.00157;0.00306;0.00029;90.0;90.0;90.0;1.0;0.0;1;-30.0;30.0
985;967;0.03826;0.06752;0.00633;89.0;89.0;89.0;1.0;0.0;1;-30.0;30.0
1000;917;0.02488;0.07223;0.00824;113.0;113.0;113.0;1.0;0.0;1;-30.0;30.0
937;841;0.01521;0.04901;0.00502;119.0;119.0;119.0;1.0;0.0;1;-30.0;30.0
1033;997;0.00041;0.0119;0.00122;137.0;137.0;137.0;1.0;0.0;1;-30.0;30.0
933;997;0.00281;0.00901;0.00092;119.0;119.0;119.0;1.0;0.0;1;-30.0;30.0
955;830;0.02289;0.07413;0.00758;119.0;119.0;119.0;1.0;0.0;1;-30.0;30.0
938;939;0.01934;0.06264;0.00641;119.0;119.0;119.0;1.0;0.0;1;-30.0;30.0
838;834;0.00455;0.01471;0.0015;119.0;119.0;119.0;1.0;0.0;1;-30.0;30.0
821;987;0.03488;0.06488;0.00614;90.0;90.0;90.0;1.0;0.0;1;-30.0;30.0
962;824;0.02099;0.06785;0.00694;119.0;119.0;119.0;1.0;0.0;1;-30.0;30.0
830;848;0.01083;0.03512;0.00359;119.0;119.0;119.0;1.0;0.0;1;-30.0;30.0
797;1038;0.01917;0.05959;0.0061;117.0;117.0;117.0;1.0;0.0;1;-30.0;30.0
1007;936;0.004;0.01038;0.00107;107.0;107.0;107.0;1.0;0.0;1;-30.0;30.0
840;849;0.0023;0.00744;0.00076;119.0;119.0;119.0;1.0;0.0;1;-30.0;30.0
836;840;0.00144;0.00464;0.00047;119.0;119.0;119.0;1.0;0.0;1;-30.0;30.0
849;836;0.00184;0.00597;0.00061;119.0;119.0;119.0;1.0;0.0;1;-30.0;30.0
924;922;0.01074;0.03473;0.00355;119.0;119.0;119.0;1.0;0.0;1;-30.0;30.0
928;924;0.00223;0.00722;0.00074;119.0;119.0;119.0;1.0;0.0;1;-30.0;30.0
922;928;0.00328;0.0106;0.00108;119.0;119.0;119.0;1.0;0.0;1;-30.0;30.0
1025;966;0.0124;0.03603;0.0;113.0;113.0;113.0;1.0;0.0;1;-30.0;30.0
1044;1000;0.01818;0.05463;0.0;115.0;115.0;115.0;1.0;0.0;1;-30.0;30.0
1004;1000;0.00331;0.00992;0.0;115.0;115.0;115.0;1.0;0.0;1;-30.0;30.0
1002;1000;0.00058;0.00165;0.0;112.0;112.0;112.0;1.0;0.0;1;-30.0;30.0
896;905;0.00661;0.0181;0.0;110.0;110.0;110.0;1.0;0.0;1;-30.0;30.0
896;905;0.00661;0.01835;0.0;111.0;111.0;111.0;1.0;0.0;1;-30.0;30.0
915;954;0.00207;0.00628;0.0;116.0;116.0;116.0;1.0;0.0;1;-30.0;30.0
915;954;0.00207;0.00628;0.0;116.0;116.0;116.0;1.0;0.0;1;-30.0;30.0
1020;954;0.00496;0.01545;0.0;117.0;117.0;117.0;1.0;0.0;1;-30.0;30.0
1020;954;0.00496;0.01545;0.0;117.0;117.0;117.0;1.0;0.0;1;-30.0;30.0
832;846;0.00025;0.00066;0.0;108.0;108.0;108.0;1.0;0.0;1;-30.0;30.0
2084;1498;0.02628;0.08298;0.00905;114.0;114.0;114.0;1.0;0.0;1;-30.0;30.0
1497;1498;0.00298;0.00967;0.001;114.0;114.0;114.0;1.0;0.0;1;-30.0;30.0
1197;1718;0.03612;0.05041;0.00829;57.0;57.0;57.0;1.0;0.0;1;-30.0;30.0
1196;1197;0.0;8.0e-5;1.0e-5;29.0;29.0;29.0;1.0;0.0;1;-30.0;30.0
1230;1199;0.0162;0.04917;0.00584;114.0;114.0;114.0;1.0;0.0;1;-30.0;30.0
1229;1230;0.00017;0.00025;4.0e-5;77.0;77.0;77.0;1.0;0.0;1;-30.0;30.0
1234;1587;0.01653;0.05041;0.00589;114.0;114.0;114.0;1.0;0.0;1;-30.0;30.0
1233;1234;0.0005;0.00149;0.00017;114.0;114.0;114.0;1.0;0.0;1;-30.0;30.0
1363;1111;0.03868;0.10116;0.0108;99.0;99.0;99.0;1.0;0.0;1;-30.0;30.0
1828;1575;0.00537;0.01736;0.00181;114.0;114.0;114.0;1.0;0.0;1;-30.0;30.0
1112;1828;0.03909;0.09719;0.01033;99.0;99.0;99.0;1.0;0.0;1;-30.0;30.0
1827;1828;8.0e-5;0.00017;2.0e-5;97.0;97.0;97.0;1.0;0.0;1;-30.0;30.0
1554;1470;0.01595;0.04132;0.00403;99.0;99.0;99.0;1.0;0.0;1;-30.0;30.0
1943;1554;0.03174;0.08347;0.00816;99.0;99.0;99.0;1.0;0.0;1;-30.0;30.0
1552;1554;0.0005;0.00107;0.00014;29.0;29.0;29.0;1.0;0.0;1;-30.0;30.0
1555;1469;0.01595;0.0414;0.00404;99.0;99.0;99.0;1.0;0.0;1;-30.0;30.0
1944;1555;0.03174;0.08347;0.00816;99.0;99.0;99.0;1.0;0.0;1;-30.0;30.0
1553;1555;0.0005;0.00116;0.00014;29.0;29.0;29.0;1.0;0.0;1;-30.0;30.0
2110;1858;0.04826;0.12198;0.0129;99.0;99.0;99.0;1.0;0.0;1;-30.0;30.0
1857;1526;0.04017;0.10537;0.01188;99.0;99.0;99.0;1.0;0.0;1;-30.0;30.0
1227;1095;0.01165;0.03653;0.00401;114.0;114.0;114.0;1.0;0.0;1;-30.0;30.0
1226;1094;0.01165;0.03653;0.00401;114.0;114.0;114.0;1.0;0.0;1;-30.0;30.0
1438;1860;0.00273;0.00876;0.0009;114.0;114.0;114.0;1.0;0.0;1;-30.0;30.0
1578;1438;0.0076;0.02355;0.00263;114.0;114.0;114.0;1.0;0.0;1;-30.0;30.0
1437;1438;0.00033;0.00041;9.0e-5;76.0;76.0;76.0;1.0;0.0;1;-30.0;30.0
1109;1641;0.01818;0.04521;0.0048;102.0;102.0;102.0;1.0;0.0;1;-30.0;30.0
2085;1109;0.02603;0.06471;0.00687;102.0;102.0;102.0;1.0;0.0;1;-30.0;30.0
1489;1642;0.01736;0.04893;0.00504;102.0;102.0;102.0;1.0;0.0;1;-30.0;30.0
1784;1427;0.00686;0.02215;0.00232;114.0;114.0;114.0;1.0;0.0;1;-30.0;30.0
1269;1784;0.0043;0.01347;0.00147;114.0;114.0;114.0;1.0;0.0;1;-30.0;30.0
1578;1269;0.00579;0.01785;0.00204;114.0;114.0;114.0;1.0;0.0;1;-30.0;30.0
1783;1784;0.00603;0.01744;0.0023;113.0;113.0;113.0;1.0;0.0;1;-30.0;30.0
1269;1268;0.00231;0.00273;0.00058;74.0;74.0;74.0;1.0;0.0;1;-30.0;30.0
1937;1188;0.00504;0.01562;0.00173;114.0;114.0;114.0;1.0;0.0;1;-30.0;30.0
1580;1937;0.01025;0.03198;0.00354;114.0;114.0;114.0;1.0;0.0;1;-30.0;30.0
1937;1935;0.00521;0.00884;0.00089;72.0;72.0;72.0;1.0;0.0;1;-30.0;30.0
1938;1189;0.00504;0.01562;0.00173;114.0;114.0;114.0;1.0;0.0;1;-30.0;30.0
1580;1938;0.01025;0.03198;0.00354;114.0;114.0;114.0;1.0;0.0;1;-30.0;30.0
1938;1936;0.00521;0.00884;0.00089;72.0;72.0;72.0;1.0;0.0;1;-30.0;30.0
2110;1591;0.04017;0.06455;0.0076;77.0;77.0;77.0;1.0;0.0;1;-30.0;30.0
1902;1532;0.02256;0.05818;0.00621;102.0;102.0;102.0;1.0;0.0;1;-30.0;30.0
1901;2077;0.01876;0.04876;0.00519;102.0;102.0;102.0;1.0;0.0;1;-30.0;30.0
1546;1401;0.01463;0.04661;0.00496;114.0;114.0;114.0;1.0;0.0;1;-30.0;30.0
1818;1546;0.00628;0.02;0.00213;114.0;114.0;114.0;1.0;0.0;1;-30.0;30.0
1546;1544;0.00438;0.0086;0.00086;72.0;72.0;72.0;1.0;0.0;1;-30.0;30.0
1547;1142;0.00628;0.01983;0.00216;114.0;114.0;114.0;1.0;0.0;1;-30.0;30.0
1992;1547;0.00504;0.01537;0.00179;114.0;114.0;114.0;1.0;0.0;1;-30.0;30.0
1547;1545;0.00438;0.0086;0.00086;72.0;72.0;72.0;1.0;0.0;1;-30.0;30.0
1580;1051;0.01248;0.04595;0.00524;114.0;114.0;114.0;1.0;0.0;1;-30.0;30.0
1579;1052;0.01289;0.04669;0.00515;114.0;114.0;114.0;1.0;0.0;1;-30.0;30.0
1650;1220;0.00223;0.00826;0.00099;114.0;114.0;114.0;1.0;0.0;1;-30.0;30.0
1205;1221;0.00413;0.01587;0.00183;114.0;114.0;114.0;1.0;0.0;1;-30.0;30.0
1580;1205;0.00488;0.01678;0.00193;114.0;114.0;114.0;1.0;0.0;1;-30.0;30.0
1205;1204;0.00124;0.00421;0.00059;114.0;114.0;114.0;1.0;0.0;1;-30.0;30.0
1626;1454;0.00554;0.01702;0.00195;114.0;114.0;114.0;1.0;0.0;1;-30.0;30.0
1690;1564;0.04157;0.0581;0.01085;57.0;57.0;57.0;1.0;0.0;1;-30.0;30.0
1720;2005;0.00397;0.01124;0.00151;112.0;112.0;112.0;1.0;0.0;1;-30.0;30.0
1895;2089;0.01587;0.04496;0.00605;112.0;112.0;112.0;1.0;0.0;1;-30.0;30.0
1223;1895;0.02157;0.06124;0.00825;112.0;112.0;112.0;1.0;0.0;1;-30.0;30.0
1894;1895;0.0024;0.00686;0.00091;112.0;112.0;112.0;1.0;0.0;1;-30.0;30.0
1667;1997;0.0024;0.00744;0.00084;114.0;114.0;114.0;1.0;0.0;1;-30.0;30.0
1616;1518;0.0105;0.02983;0.00402;112.0;112.0;112.0;1.0;0.0;1;-30.0;30.0
1444;1677;0.02496;0.03802;0.00491;78.0;78.0;78.0;1.0;0.0;1;-30.0;30.0
1283;1203;0.01083;0.02364;0.00345;97.0;97.0;97.0;1.0;0.0;1;-30.0;30.0
1972;1728;0.00835;0.02339;0.0032;97.0;97.0;97.0;1.0;0.0;1;-30.0;30.0
1336;1659;0.02826;0.0924;0.00933;114.0;114.0;114.0;1.0;0.0;1;-30.0;30.0
1723;1659;0.03488;0.0881;0.01298;106.0;106.0;106.0;1.0;0.0;1;-30.0;30.0
1816;1538;0.00818;0.01364;0.00324;87.0;87.0;87.0;1.0;0.0;1;-30.0;30.0
1977;1175;0.02099;0.05934;0.00803;75.0;75.0;75.0;1.0;0.0;1;-30.0;30.0
1976;1559;0.03826;0.04818;0.00455;57.0;57.0;57.0;1.0;0.0;1;-30.0;30.0
1563;1470;0.02926;0.0514;0.00489;77.0;77.0;77.0;1.0;0.0;1;-30.0;30.0
2111;1217;0.01959;0.04818;0.00609;77.0;77.0;77.0;1.0;0.0;1;-30.0;30.0
1710;1492;0.02182;0.06149;0.00827;77.0;77.0;77.0;1.0;0.0;1;-30.0;30.0
1792;1492;0.03628;0.06727;0.00769;57.0;57.0;57.0;1.0;0.0;1;-30.0;30.0
2029;1227;0.01992;0.06157;0.00695;114.0;114.0;114.0;1.0;0.0;1;-30.0;30.0
1432;1226;0.00777;0.02397;0.00275;117.0;117.0;117.0;1.0;0.0;1;-30.0;30.0
1059;2030;0.0476;0.05091;0.00542;52.0;52.0;52.0;1.0;0.0;1;-30.0;30.0
1226;1916;0.05256;0.13264;0.01406;102.0;102.0;102.0;1.0;0.0;1;-30.0;30.0
2108;1153;0.03264;0.08;0.00928;102.0;102.0;102.0;1.0;0.0;1;-30.0;30.0
1089;1436;0.02372;0.03132;0.00624;78.0;78.0;78.0;1.0;0.0;1;-30.0;30.0
1396;1940;0.00835;0.02669;0.0028;119.0;119.0;119.0;1.0;0.0;1;-30.0;30.0
1228;1396;0.01992;0.06488;0.00659;114.0;114.0;114.0;1.0;0.0;1;-30.0;30.0
1395;1396;0.00099;0.00298;0.00039;114.0;114.0;114.0;1.0;0.0;1;-30.0;30.0
1916;1445;0.01355;0.03835;0.00516;112.0;112.0;112.0;1.0;0.0;1;-30.0;30.0
1429;1183;0.00537;0.01686;0.00187;114.0;114.0;114.0;1.0;0.0;1;-30.0;30.0
1714;1873;0.02025;0.06612;0.00668;114.0;114.0;114.0;1.0;0.0;1;-30.0;30.0
1964;2031;0.03727;0.12074;0.01246;114.0;114.0;114.0;1.0;0.0;1;-30.0;30.0
1965;1173;0.01876;0.05926;0.00642;114.0;114.0;114.0;1.0;0.0;1;-30.0;30.0
1778;1617;0.01587;0.05182;0.00527;114.0;114.0;114.0;1.0;0.0;1;-30.0;30.0
1430;1094;0.00678;0.02132;0.00234;114.0;114.0;114.0;1.0;0.0;1;-30.0;30.0
1422;1095;0.01529;0.04917;0.00517;114.0;114.0;114.0;1.0;0.0;1;-30.0;30.0
2090;1094;0.00686;0.02207;0.00229;114.0;114.0;114.0;1.0;0.0;1;-30.0;30.0
2091;1095;0.00686;0.02215;0.0023;114.0;114.0;114.0;1.0;0.0;1;-30.0;30.0
1975;2015;0.05306;0.2314;0.02446;114.0;114.0;114.0;1.0;0.0;1;-30.0;30.0
1293;2014;0.04909;0.21488;0.02272;114.0;114.0;114.0;1.0;0.0;1;-30.0;30.0
1768;1656;0.03438;0.11107;0.01156;114.0;114.0;114.0;1.0;0.0;1;-30.0;30.0
1342;1318;0.0005;0.00091;8.0e-5;78.0;78.0;78.0;1.0;0.0;1;-30.0;30.0
1346;1342;0.00413;0.00669;0.00073;78.0;78.0;78.0;1.0;0.0;1;-30.0;30.0
2084;1346;0.00413;0.00711;0.0007;78.0;78.0;78.0;1.0;0.0;1;-30.0;30.0
1340;1342;0.00116;0.00207;0.0002;57.0;57.0;57.0;1.0;0.0;1;-30.0;30.0
1344;1346;8.0e-5;0.00025;3.0e-5;117.0;117.0;117.0;1.0;0.0;1;-30.0;30.0
1198;1066;0.01736;0.04694;0.00667;102.0;102.0;102.0;1.0;0.0;1;-30.0;30.0
1485;1488;0.00661;0.01504;0.00192;76.0;76.0;76.0;1.0;0.0;1;-30.0;30.0
1592;1352;0.02661;0.03248;0.00676;75.0;75.0;75.0;1.0;0.0;1;-30.0;30.0
2084;1425;0.03165;0.05521;0.01258;89.0;89.0;89.0;1.0;0.0;1;-30.0;30.0
2085;1351;0.04545;0.05331;0.01145;74.0;74.0;74.0;1.0;0.0;1;-30.0;30.0
1465;1065;0.00298;0.00909;0.00104;114.0;114.0;114.0;1.0;0.0;1;-30.0;30.0
1736;1485;0.01347;0.04388;0.00447;114.0;114.0;114.0;1.0;0.0;1;-30.0;30.0
1114;1455;0.00818;0.02537;0.00287;114.0;114.0;114.0;1.0;0.0;1;-30.0;30.0
1504;1426;0.02041;0.03645;0.00807;90.0;90.0;90.0;1.0;0.0;1;-30.0;30.0
1838;1347;8.0e-5;0.00083;1.0e-5;78.0;78.0;78.0;1.0;0.0;1;-30.0;30.0
2085;1838;0.00653;0.01116;0.0011;78.0;78.0;78.0;1.0;0.0;1;-30.0;30.0
1838;1837;0.00017;0.00025;3.0e-5;78.0;78.0;78.0;1.0;0.0;1;-30.0;30.0
1345;1348;0.00256;0.00438;0.00044;78.0;78.0;78.0;1.0;0.0;1;-30.0;30.0
2084;1345;0.00405;0.00694;0.00069;77.0;77.0;77.0;1.0;0.0;1;-30.0;30.0
1343;1345;0.00074;0.00223;0.00029;76.0;76.0;76.0;1.0;0.0;1;-30.0;30.0
1341;1066;0.01091;0.02066;0.00319;78.0;78.0;78.0;1.0;0.0;1;-30.0;30.0
1317;1341;0.00041;0.00074;7.0e-5;78.0;78.0;78.0;1.0;0.0;1;-30.0;30.0
1339;1341;0.00124;0.00207;0.00021;57.0;57.0;57.0;1.0;0.0;1;-30.0;30.0
2143;1065;0.00455;0.00802;0.00081;78.0;78.0;78.0;1.0;0.0;1;-30.0;30.0
2144;1066;0.00455;0.00802;0.00081;78.0;78.0;78.0;1.0;0.0;1;-30.0;30.0
1904;1065;0.00413;0.01058;0.0018;107.0;107.0;107.0;1.0;0.0;1;-30.0;30.0
1455;1966;0.00678;0.01149;0.00116;29.0;29.0;29.0;1.0;0.0;1;-30.0;30.0
1456;1967;0.00678;0.01149;0.00116;57.0;57.0;57.0;1.0;0.0;1;-30.0;30.0
1801;1645;0.03702;0.0595;0.00702;78.0;78.0;78.0;1.0;0.0;1;-30.0;30.0
1777;1646;0.01488;0.02661;0.00302;78.0;78.0;78.0;1.0;0.0;1;-30.0;30.0
2142;1519;0.01909;0.05413;0.00729;112.0;112.0;112.0;1.0;0.0;1;-30.0;30.0
2084;1350;0.00702;0.01529;0.0018;78.0;78.0;78.0;1.0;0.0;1;-30.0;30.0
1349;1065;0.01083;0.03074;0.00411;112.0;112.0;112.0;1.0;0.0;1;-30.0;30.0
1851;1066;0.0086;0.02438;0.00328;112.0;112.0;112.0;1.0;0.0;1;-30.0;30.0
1915;1503;0.02835;0.05174;0.01048;91.0;91.0;91.0;1.0;0.0;1;-30.0;30.0
2141;1915;0.0086;0.02438;0.00328;112.0;112.0;112.0;1.0;0.0;1;-30.0;30.0
1914;1897;0.0157;0.04471;0.00602;112.0;112.0;112.0;1.0;0.0;1;-30.0;30.0
1946;1711;0.01479;0.02455;0.00298;57.0;57.0;57.0;1.0;0.0;1;-30.0;30.0
2101;1486;0.00388;0.00653;0.00153;87.0;87.0;87.0;1.0;0.0;1;-30.0;30.0
1591;1536;0.0119;0.03397;0.00451;112.0;112.0;112.0;1.0;0.0;1;-30.0;30.0
1537;1108;0.00884;0.02504;0.00337;112.0;112.0;112.0;1.0;0.0;1;-30.0;30.0
1945;1216;0.02678;0.05975;0.00764;57.0;57.0;57.0;1.0;0.0;1;-30.0;30.0
1791;1735;0.03198;0.10364;0.01064;114.0;114.0;114.0;1.0;0.0;1;-30.0;30.0
1486;1433;0.03612;0.1176;0.01195;114.0;114.0;114.0;1.0;0.0;1;-30.0;30.0
2084;1864;0.02388;0.07802;0.00788;114.0;114.0;114.0;1.0;0.0;1;-30.0;30.0
2100;1466;0.02289;0.03901;0.00908;88.0;88.0;88.0;1.0;0.0;1;-30.0;30.0
1164;1456;0.0;8.0e-5;1.0e-5;102.0;102.0;102.0;1.0;0.0;1;-30.0;30.0
2084;1164;0.01083;0.03132;0.00333;102.0;102.0;102.0;1.0;0.0;1;-30.0;30.0
1163;1164;0.0095;0.03116;0.00315;114.0;114.0;114.0;1.0;0.0;1;-30.0;30.0
2084;1113;0.0043;0.01322;0.00152;114.0;114.0;114.0;1.0;0.0;1;-30.0;30.0
1490;2085;0.04058;0.10669;0.01117;102.0;102.0;102.0;1.0;0.0;1;-30.0;30.0
2085;1802;0.01752;0.03033;0.00327;78.0;78.0;78.0;1.0;0.0;1;-30.0;30.0
1867;1852;0.00314;0.00884;0.00119;112.0;112.0;112.0;1.0;0.0;1;-30.0;30.0
1865;1867;0.0;8.0e-5;1.0e-5;114.0;114.0;114.0;1.0;0.0;1;-30.0;30.0
1866;1867;0.0;8.0e-5;1.0e-5;114.0;114.0;114.0;1.0;0.0;1;-30.0;30.0
1456;1903;0.00554;0.01339;0.00257;104.0;104.0;104.0;1.0;0.0;1;-30.0;30.0
1676;1777;0.00215;0.00603;0.00063;78.0;78.0;78.0;1.0;0.0;1;-30.0;30.0
1487;1455;0.0181;0.0419;0.00515;102.0;102.0;102.0;1.0;0.0;1;-30.0;30.0
1170;1065;0.00545;0.01785;0.0018;114.0;114.0;114.0;1.0;0.0;1;-30.0;30.0
1171;1066;0.00545;0.01785;0.0018;114.0;114.0;114.0;1.0;0.0;1;-30.0;30.0
1471;1147;0.01901;0.06017;0.00654;114.0;114.0;114.0;1.0;0.0;1;-30.0;30.0
2124;1146;0.00504;0.01438;0.00192;112.0;112.0;112.0;1.0;0.0;1;-30.0;30.0
1472;1062;0.01421;0.02306;0.00276;86.0;86.0;86.0;1.0;0.0;1;-30.0;30.0
1148;1921;0.02157;0.06926;0.00705;114.0;114.0;114.0;1.0;0.0;1;-30.0;30.0
1510;1442;0.01545;0.05058;0.00511;114.0;114.0;114.0;1.0;0.0;1;-30.0;30.0
2045;1510;0.01223;0.02818;0.00432;102.0;102.0;102.0;1.0;0.0;1;-30.0;30.0
1260;1149;0.00231;0.00653;0.00069;112.0;112.0;112.0;1.0;0.0;1;-30.0;30.0
1890;1237;0.02529;0.04041;0.00662;85.0;85.0;85.0;1.0;0.0;1;-30.0;30.0
2093;1655;0.00149;0.00488;0.0005;114.0;114.0;114.0;1.0;0.0;1;-30.0;30.0
2038;2093;0.01322;0.02975;0.00356;90.0;90.0;90.0;1.0;0.0;1;-30.0;30.0
1921;2037;0.00818;0.02364;0.0031;113.0;113.0;113.0;1.0;0.0;1;-30.0;30.0
2150;1951;0.00901;0.01421;0.0017;85.0;85.0;85.0;1.0;0.0;1;-30.0;30.0
1637;1539;0.00331;0.00744;0.00096;100.0;100.0;100.0;1.0;0.0;1;-30.0;30.0
1653;1057;0.00471;0.01331;0.00179;112.0;112.0;112.0;1.0;0.0;1;-30.0;30.0
1261;1639;0.00298;0.00612;0.00103;96.0;96.0;96.0;1.0;0.0;1;-30.0;30.0
1941;1511;0.01587;0.04314;0.00429;110.0;110.0;110.0;1.0;0.0;1;-30.0;30.0
1973;1920;0.02612;0.03058;0.00657;74.0;74.0;74.0;1.0;0.0;1;-30.0;30.0
2046;1058;0.00413;0.01165;0.00158;112.0;112.0;112.0;1.0;0.0;1;-30.0;30.0
1238;1511;0.00851;0.0257;0.00309;114.0;114.0;114.0;1.0;0.0;1;-30.0;30.0
1722;1921;0.00281;0.00893;0.00097;114.0;114.0;114.0;1.0;0.0;1;-30.0;30.0
1441;1793;0.01033;0.03165;0.00366;114.0;114.0;114.0;1.0;0.0;1;-30.0;30.0
2109;1227;0.02058;0.05215;0.006;106.0;106.0;106.0;1.0;0.0;1;-30.0;30.0
1461;1228;0.00463;0.00777;0.00186;87.0;87.0;87.0;1.0;0.0;1;-30.0;30.0
2040;1794;0.01917;0.0624;0.00638;114.0;114.0;114.0;1.0;0.0;1;-30.0;30.0
1064;2040;0.01802;0.02116;0.00455;74.0;74.0;74.0;1.0;0.0;1;-30.0;30.0
2039;2040;0.00669;0.00785;0.00168;29.0;29.0;29.0;1.0;0.0;1;-30.0;30.0
2106;1446;0.01702;0.04901;0.00645;113.0;113.0;113.0;1.0;0.0;1;-30.0;30.0
1979;2106;0.04091;0.05083;0.01042;76.0;76.0;76.0;1.0;0.0;1;-30.0;30.0
1834;1510;0.00661;0.02;0.0024;114.0;114.0;114.0;1.0;0.0;1;-30.0;30.0
2150;1510;0.02512;0.07182;0.00953;112.0;112.0;112.0;1.0;0.0;1;-30.0;30.0
2067;2038;0.01438;0.04694;0.00475;114.0;114.0;114.0;1.0;0.0;1;-30.0;30.0
1835;2151;0.02876;0.08876;0.01014;114.0;114.0;114.0;1.0;0.0;1;-30.0;30.0
1510;1240;0.00264;0.00744;0.00101;112.0;112.0;112.0;1.0;0.0;1;-30.0;30.0
1891;2151;0.01959;0.02942;0.00541;83.0;83.0;83.0;1.0;0.0;1;-30.0;30.0
1472;1942;0.00372;0.00992;0.00096;109.0;109.0;109.0;1.0;0.0;1;-30.0;30.0
2107;1793;0.02421;0.07669;0.00831;114.0;114.0;114.0;1.0;0.0;1;-30.0;30.0
1226;1793;0.00769;0.02504;0.00253;114.0;114.0;114.0;1.0;0.0;1;-30.0;30.0
1227;1794;0.00769;0.02504;0.00253;114.0;114.0;114.0;1.0;0.0;1;-30.0;30.0
1471;1793;0.01926;0.06298;0.00636;114.0;114.0;114.0;1.0;0.0;1;-30.0;30.0
1655;1335;0.00603;0.01686;0.00167;111.0;111.0;111.0;1.0;0.0;1;-30.0;30.0
1239;1654;0.00405;0.01083;0.00137;109.0;109.0;109.0;1.0;0.0;1;-30.0;30.0
2057;1952;0.02033;0.0624;0.00719;114.0;114.0;114.0;1.0;0.0;1;-30.0;30.0
1638;1833;0.00512;0.01529;0.00187;114.0;114.0;114.0;1.0;0.0;1;-30.0;30.0
2056;1836;0.01562;0.05107;0.00516;114.0;114.0;114.0;1.0;0.0;1;-30.0;30.0
1462;2125;0.01736;0.02322;0.00464;78.0;78.0;78.0;1.0;0.0;1;-30.0;30.0
1640;1511;0.00289;0.00934;0.00099;114.0;114.0;114.0;1.0;0.0;1;-30.0;30.0
1920;1510;0.02207;0.07215;0.00729;114.0;114.0;114.0;1.0;0.0;1;-30.0;30.0
1978;1089;0.01636;0.02025;0.00421;76.0;76.0;76.0;1.0;0.0;1;-30.0;30.0
1228;1612;0.00884;0.02802;0.00301;114.0;114.0;114.0;1.0;0.0;1;-30.0;30.0
1613;1182;0.00479;0.01471;0.00168;114.0;114.0;114.0;1.0;0.0;1;-30.0;30.0
1511;1202;0.01793;0.04463;0.00544;105.0;105.0;105.0;1.0;0.0;1;-30.0;30.0
1158;1219;0.01347;0.04264;0.00462;114.0;114.0;114.0;1.0;0.0;1;-30.0;30.0
1156;1158;0.00463;0.01331;0.00176;113.0;113.0;113.0;1.0;0.0;1;-30.0;30.0
1180;1158;8.0e-5;0.00017;3.0e-5;98.0;98.0;98.0;1.0;0.0;1;-30.0;30.0
1868;1562;0.04025;0.07132;0.00662;72.0;72.0;72.0;1.0;0.0;1;-30.0;30.0
1763;1868;0.02702;0.05752;0.00544;72.0;72.0;72.0;1.0;0.0;1;-30.0;30.0
1822;1763;0.00066;0.00107;0.00018;72.0;72.0;72.0;1.0;0.0;1;-30.0;30.0
1761;1763;0.00017;0.00041;5.0e-5;104.0;104.0;104.0;1.0;0.0;1;-30.0;30.0
1709;1282;0.00215;0.00612;0.00083;112.0;112.0;112.0;1.0;0.0;1;-30.0;30.0
1982;1590;0.01306;0.04157;0.00445;114.0;114.0;114.0;1.0;0.0;1;-30.0;30.0
2092;1132;0.01;0.02306;0.00305;97.0;97.0;97.0;1.0;0.0;1;-30.0;30.0
2113;2092;0.00587;0.01835;0.00202;116.0;116.0;116.0;1.0;0.0;1;-30.0;30.0
2136;2092;8.0e-5;0.00033;4.0e-5;116.0;116.0;116.0;1.0;0.0;1;-30.0;30.0
1076;2136;0.00033;0.00099;0.00013;114.0;114.0;114.0;1.0;0.0;1;-30.0;30.0
2134;2136;0.00446;0.01273;0.00172;112.0;112.0;112.0;1.0;0.0;1;-30.0;30.0
1067;1332;0.01397;0.04405;0.00478;114.0;114.0;114.0;1.0;0.0;1;-30.0;30.0
1815;1512;0.02281;0.06;0.00958;108.0;108.0;108.0;1.0;0.0;1;-30.0;30.0
1660;1769;0.00669;0.0162;0.00254;97.0;97.0;97.0;1.0;0.0;1;-30.0;30.0
1165;1868;0.02256;0.04314;0.004;75.0;75.0;75.0;1.0;0.0;1;-30.0;30.0
1660;1415;0.00446;0.01215;0.00124;110.0;110.0;110.0;1.0;0.0;1;-30.0;30.0
1416;1132;0.0057;0.01636;0.00222;113.0;113.0;113.0;1.0;0.0;1;-30.0;30.0
2076;1659;0.01364;0.03446;0.00363;97.0;97.0;97.0;1.0;0.0;1;-30.0;30.0
1421;1659;0.01769;0.04438;0.00468;97.0;97.0;97.0;1.0;0.0;1;-30.0;30.0
1813;1421;0.00488;0.01306;0.0016;97.0;97.0;97.0;1.0;0.0;1;-30.0;30.0
1421;1419;0.00091;0.00215;0.00023;97.0;97.0;97.0;1.0;0.0;1;-30.0;30.0
1660;1407;0.01669;0.04364;0.00566;97.0;97.0;97.0;1.0;0.0;1;-30.0;30.0
1315;1391;0.00289;0.00802;0.0008;111.0;111.0;111.0;1.0;0.0;1;-30.0;30.0
1406;1315;0.00595;0.00992;0.00237;87.0;87.0;87.0;1.0;0.0;1;-30.0;30.0
1315;1313;0.0024;0.00455;0.00075;72.0;72.0;72.0;1.0;0.0;1;-30.0;30.0
1635;1858;0.00893;0.02926;0.00295;114.0;114.0;114.0;1.0;0.0;1;-30.0;30.0
1678;1635;0.00496;0.01612;0.00164;114.0;114.0;114.0;1.0;0.0;1;-30.0;30.0
1633;1635;0.00231;0.00388;0.00039;72.0;72.0;72.0;1.0;0.0;1;-30.0;30.0
1299;1857;0.00083;0.00256;0.00027;114.0;114.0;114.0;1.0;0.0;1;-30.0;30.0
1078;1299;0.00793;0.02595;0.00262;114.0;114.0;114.0;1.0;0.0;1;-30.0;30.0
1297;1299;0.00025;0.00058;8.0e-5;102.0;102.0;102.0;1.0;0.0;1;-30.0;30.0
1644;1858;0.00802;0.02471;0.0025;97.0;97.0;97.0;1.0;0.0;1;-30.0;30.0
1643;1857;0.0081;0.0257;0.00258;97.0;97.0;97.0;1.0;0.0;1;-30.0;30.0
1859;1987;0.01446;0.04132;0.0055;112.0;112.0;112.0;1.0;0.0;1;-30.0;30.0
1898;1944;0.01008;0.03182;0.00345;114.0;114.0;114.0;1.0;0.0;1;-30.0;30.0
1411;1453;0.00372;0.01207;0.00122;114.0;114.0;114.0;1.0;0.0;1;-30.0;30.0
1607;1704;0.00223;0.0062;0.00084;111.0;111.0;111.0;1.0;0.0;1;-30.0;30.0
2035;2018;0.00959;0.03107;0.00317;114.0;114.0;114.0;1.0;0.0;1;-30.0;30.0
1663;1847;0.00099;0.00298;0.00036;114.0;114.0;114.0;1.0;0.0;1;-30.0;30.0
1869;1663;0.00579;0.01868;0.0019;114.0;114.0;114.0;1.0;0.0;1;-30.0;30.0
1661;1663;0.00083;0.00231;0.0003;111.0;111.0;111.0;1.0;0.0;1;-30.0;30.0
2062;1868;0.0119;0.03686;0.00418;114.0;114.0;114.0;1.0;0.0;1;-30.0;30.0
1362;1161;0.00421;0.01355;0.0014;114.0;114.0;114.0;1.0;0.0;1;-30.0;30.0
1962;1508;0.00521;0.01496;0.00198;113.0;113.0;113.0;1.0;0.0;1;-30.0;30.0
2098;1702;0.00479;0.01471;0.00176;114.0;114.0;114.0;1.0;0.0;1;-30.0;30.0
1208;2098;0.00174;0.00579;0.00065;114.0;114.0;114.0;1.0;0.0;1;-30.0;30.0
2096;2098;8.0e-5;0.00017;2.0e-5;98.0;98.0;98.0;1.0;0.0;1;-30.0;30.0
1208;1840;0.00124;0.00421;0.00042;114.0;114.0;114.0;1.0;0.0;1;-30.0;30.0
1662;1847;0.00149;0.0043;0.00058;113.0;113.0;113.0;1.0;0.0;1;-30.0;30.0
1154;1596;0.00678;0.02215;0.00225;114.0;114.0;114.0;1.0;0.0;1;-30.0;30.0
1300;1647;0.0081;0.02066;0.00231;97.0;97.0;97.0;1.0;0.0;1;-30.0;30.0
1858;1300;0.0005;0.00157;0.00016;97.0;97.0;97.0;1.0;0.0;1;-30.0;30.0
1300;1298;0.00091;0.00264;0.00036;57.0;57.0;57.0;1.0;0.0;1;-30.0;30.0
1355;1188;0.00174;0.00496;0.00065;57.0;57.0;57.0;1.0;0.0;1;-30.0;30.0
2063;1548;0.01298;0.04074;0.0045;114.0;114.0;114.0;1.0;0.0;1;-30.0;30.0
1789;1963;0.0038;0.01231;0.00124;114.0;114.0;114.0;1.0;0.0;1;-30.0;30.0
1636;1789;0.00669;0.02198;0.00222;116.0;116.0;116.0;1.0;0.0;1;-30.0;30.0
1079;1636;0.00446;0.01463;0.00148;114.0;114.0;114.0;1.0;0.0;1;-30.0;30.0
1789;1787;0.00116;0.00256;0.00025;72.0;72.0;72.0;1.0;0.0;1;-30.0;30.0
1634;1636;0.00231;0.00388;0.00039;72.0;72.0;72.0;1.0;0.0;1;-30.0;30.0
1962;1364;0.00446;0.01455;0.00149;114.0;114.0;114.0;1.0;0.0;1;-30.0;30.0
1453;2053;0.00331;0.01066;0.0011;114.0;114.0;114.0;1.0;0.0;1;-30.0;30.0
1453;1247;0.0014;0.00455;0.00046;114.0;114.0;114.0;1.0;0.0;1;-30.0;30.0
1705;1218;0.0024;0.00678;0.00091;112.0;112.0;112.0;1.0;0.0;1;-30.0;30.0
2063;1698;0.0038;0.01083;0.00145;112.0;112.0;112.0;1.0;0.0;1;-30.0;30.0
1848;2064;0.01835;0.05744;0.00634;114.0;114.0;114.0;1.0;0.0;1;-30.0;30.0
1316;1193;0.00099;0.00273;0.00037;111.0;111.0;111.0;1.0;0.0;1;-30.0;30.0
1740;1316;0.00149;0.0043;0.00057;113.0;113.0;113.0;1.0;0.0;1;-30.0;30.0
1316;1314;0.00132;0.00364;0.00049;111.0;111.0;111.0;1.0;0.0;1;-30.0;30.0
1417;1131;0.00273;0.00785;0.00102;113.0;113.0;113.0;1.0;0.0;1;-30.0;30.0
2133;1417;0.00223;0.00736;0.00075;116.0;116.0;116.0;1.0;0.0;1;-30.0;30.0
2130;2133;8.0e-5;0.00017;2.0e-5;98.0;98.0;98.0;1.0;0.0;1;-30.0;30.0
2132;2133;0.0;0.00083;1.0e-5;114.0;114.0;114.0;1.0;0.0;1;-30.0;30.0
1475;1331;0.00107;0.00339;0.00038;114.0;114.0;114.0;1.0;0.0;1;-30.0;30.0
2060;1475;0.00455;0.01355;0.00164;114.0;114.0;114.0;1.0;0.0;1;-30.0;30.0
1475;1473;0.00116;0.0014;0.0003;72.0;72.0;72.0;1.0;0.0;1;-30.0;30.0
1135;1331;0.00107;0.00339;0.00038;114.0;114.0;114.0;1.0;0.0;1;-30.0;30.0
2105;1135;0.00388;0.01207;0.00134;114.0;114.0;114.0;1.0;0.0;1;-30.0;30.0
1133;1135;0.00066;0.00182;0.00024;111.0;111.0;111.0;1.0;0.0;1;-30.0;30.0
1496;1331;0.00934;0.0257;0.00253;97.0;97.0;97.0;1.0;0.0;1;-30.0;30.0
1943;1496;0.0057;0.01479;0.0015;97.0;97.0;97.0;1.0;0.0;1;-30.0;30.0
1496;1493;0.00554;0.00959;0.00095;72.0;72.0;72.0;1.0;0.0;1;-30.0;30.0
1543;1331;0.01504;0.04033;0.00401;97.0;97.0;97.0;1.0;0.0;1;-30.0;30.0
1944;1543;8.0e-5;0.00025;2.0e-5;114.0;114.0;114.0;1.0;0.0;1;-30.0;30.0
1542;1543;0.00017;0.00041;6.0e-5;104.0;104.0;104.0;1.0;0.0;1;-30.0;30.0
1589;1513;0.0005;0.00149;0.00017;114.0;114.0;114.0;1.0;0.0;1;-30.0;30.0
1589;1513;0.0005;0.00149;0.00017;114.0;114.0;114.0;1.0;0.0;1;-30.0;30.0
1359;1330;0.01256;0.03975;0.0044;114.0;114.0;114.0;1.0;0.0;1;-30.0;30.0
1361;1359;0.00025;0.00083;9.0e-5;116.0;116.0;116.0;1.0;0.0;1;-30.0;30.0
1589;1361;0.00058;0.00174;0.00019;114.0;114.0;114.0;1.0;0.0;1;-30.0;30.0
1356;1359;0.00041;0.00132;0.00013;114.0;114.0;114.0;1.0;0.0;1;-30.0;30.0
1880;1332;0.00876;0.02744;0.00304;114.0;114.0;114.0;1.0;0.0;1;-30.0;30.0
1358;1880;0.00364;0.01149;0.00127;116.0;116.0;116.0;1.0;0.0;1;-30.0;30.0
1590;1358;0.00099;0.00339;0.00038;114.0;114.0;114.0;1.0;0.0;1;-30.0;30.0
1879;1880;0.00207;0.00603;0.00079;113.0;113.0;113.0;1.0;0.0;1;-30.0;30.0
1246;2095;0.00149;0.00496;0.0005;84.0;84.0;84.0;1.0;0.0;1;-30.0;30.0
1648;1246;0.00496;0.01306;0.00151;97.0;97.0;97.0;1.0;0.0;1;-30.0;30.0
1245;1246;0.00066;0.00198;0.00026;114.0;114.0;114.0;1.0;0.0;1;-30.0;30.0
2064;1739;0.0043;0.01364;0.00146;114.0;114.0;114.0;1.0;0.0;1;-30.0;30.0
1370;1749;0.01198;0.03702;0.00418;114.0;114.0;114.0;1.0;0.0;1;-30.0;30.0
1610;1188;0.00455;0.01405;0.0016;114.0;114.0;114.0;1.0;0.0;1;-30.0;30.0
2035;2019;0.00421;0.00917;0.00216;99.0;99.0;99.0;1.0;0.0;1;-30.0;30.0
1839;1142;0.00579;0.01529;0.0016;97.0;97.0;97.0;1.0;0.0;1;-30.0;30.0
1567;1142;0.00132;0.00231;0.00023;57.0;57.0;57.0;1.0;0.0;1;-30.0;30.0
1568;1143;0.00132;0.00231;0.00023;57.0;57.0;57.0;1.0;0.0;1;-30.0;30.0
2065;1883;0.00289;0.00719;0.00076;97.0;97.0;97.0;1.0;0.0;1;-30.0;30.0
2066;1884;0.00289;0.00719;0.00076;97.0;97.0;97.0;1.0;0.0;1;-30.0;30.0
1850;1330;0.00372;0.00917;0.00098;97.0;97.0;97.0;1.0;0.0;1;-30.0;30.0
2066;1850;0.00463;0.01463;0.00159;114.0;114.0;114.0;1.0;0.0;1;-30.0;30.0
1849;1850;0.00264;0.00579;0.00136;99.0;99.0;99.0;1.0;0.0;1;-30.0;30.0
2065;1330;0.00835;0.02388;0.00256;97.0;97.0;97.0;1.0;0.0;1;-30.0;30.0
1476;1330;0.00157;0.00488;0.00055;114.0;114.0;114.0;1.0;0.0;1;-30.0;30.0
1697;1476;0.00744;0.02281;0.00261;116.0;116.0;116.0;1.0;0.0;1;-30.0;30.0
2074;1697;0.00099;0.00331;0.00035;114.0;114.0;114.0;1.0;0.0;1;-30.0;30.0
1476;1474;0.00074;0.00132;0.00031;90.0;90.0;90.0;1.0;0.0;1;-30.0;30.0
1695;1697;0.00025;0.0005;5.0e-5;72.0;72.0;72.0;1.0;0.0;1;-30.0;30.0
1605;1330;0.00752;0.02339;0.0026;114.0;114.0;114.0;1.0;0.0;1;-30.0;30.0
2008;1641;0.01008;0.02496;0.00265;97.0;97.0;97.0;1.0;0.0;1;-30.0;30.0
2048;2008;0.0119;0.03008;0.0032;97.0;97.0;97.0;1.0;0.0;1;-30.0;30.0
2006;2008;0.00438;0.00545;0.00081;75.0;75.0;75.0;1.0;0.0;1;-30.0;30.0
2009;1642;0.01008;0.02496;0.00265;97.0;97.0;97.0;1.0;0.0;1;-30.0;30.0
1826;2009;0.00826;0.02132;0.00242;97.0;97.0;97.0;1.0;0.0;1;-30.0;30.0
2007;2009;0.00413;0.00479;0.00072;73.0;73.0;73.0;1.0;0.0;1;-30.0;30.0
2065;1929;0.0024;0.00694;0.0009;113.0;113.0;113.0;1.0;0.0;1;-30.0;30.0
1453;1220;0.00314;0.01355;0.00135;114.0;114.0;114.0;1.0;0.0;1;-30.0;30.0
1641;1365;0.00306;0.00355;0.00076;72.0;72.0;72.0;1.0;0.0;1;-30.0;30.0
1521;1604;0.00314;0.00959;0.00112;114.0;114.0;114.0;1.0;0.0;1;-30.0;30.0
1642;1366;0.00314;0.00364;0.00078;72.0;72.0;72.0;1.0;0.0;1;-30.0;30.0
1242;1856;0.00107;0.00298;0.0004;111.0;111.0;111.0;1.0;0.0;1;-30.0;30.0
1943;1242;0.00182;0.00529;0.00071;113.0;113.0;113.0;1.0;0.0;1;-30.0;30.0
1242;1241;0.00058;0.00157;0.00021;110.0;110.0;110.0;1.0;0.0;1;-30.0;30.0
1608;1853;0.00314;0.02124;0.00243;114.0;114.0;114.0;1.0;0.0;1;-30.0;30.0
1189;1502;0.00496;0.01628;0.00164;114.0;114.0;114.0;1.0;0.0;1;-30.0;30.0
2065;1596;0.00405;0.01264;0.0014;114.0;114.0;114.0;1.0;0.0;1;-30.0;30.0
1098;1643;0.00198;0.00612;0.00068;114.0;114.0;114.0;1.0;0.0;1;-30.0;30.0
2095;1098;0.00496;0.01545;0.00171;114.0;114.0;114.0;1.0;0.0;1;-30.0;30.0
1098;1096;0.00107;0.0019;0.00019;72.0;72.0;72.0;1.0;0.0;1;-30.0;30.0
1460;1644;0.00231;0.00752;0.00079;114.0;114.0;114.0;1.0;0.0;1;-30.0;30.0
1846;1460;0.0057;0.01818;0.00196;114.0;114.0;114.0;1.0;0.0;1;-30.0;30.0
1459;1460;8.0e-5;0.00017;2.0e-5;97.0;97.0;97.0;1.0;0.0;1;-30.0;30.0
1454;2025;0.0019;0.00455;0.00091;103.0;103.0;103.0;1.0;0.0;1;-30.0;30.0
2026;1453;0.0014;0.00471;0.00048;114.0;114.0;114.0;1.0;0.0;1;-30.0;30.0
1143;2026;0.0081;0.02298;0.00239;97.0;97.0;97.0;1.0;0.0;1;-30.0;30.0
2024;2026;0.0005;0.0014;0.00017;111.0;111.0;111.0;1.0;0.0;1;-30.0;30.0
1321;1332;0.00752;0.02347;0.00235;97.0;97.0;97.0;1.0;0.0;1;-30.0;30.0
1494;1321;0.00033;0.00116;0.00012;114.0;114.0;114.0;1.0;0.0;1;-30.0;30.0
1319;1321;0.0024;0.00727;0.00087;114.0;114.0;114.0;1.0;0.0;1;-30.0;30.0
2036;2122;0.0081;0.02496;0.00284;114.0;114.0;114.0;1.0;0.0;1;-30.0;30.0
1775;1060;0.00364;0.01149;0.00123;114.0;114.0;114.0;1.0;0.0;1;-30.0;30.0
1105;1775;0.00157;0.00463;0.00057;114.0;114.0;114.0;1.0;0.0;1;-30.0;30.0
1775;1773;0.00231;0.00694;0.00072;97.0;97.0;97.0;1.0;0.0;1;-30.0;30.0
2002;1232;0.0019;0.0057;0.00061;97.0;97.0;97.0;1.0;0.0;1;-30.0;30.0
1099;2003;0.0057;0.01744;0.00187;97.0;97.0;97.0;1.0;0.0;1;-30.0;30.0
2095;1099;0.00496;0.01545;0.00171;114.0;114.0;114.0;1.0;0.0;1;-30.0;30.0
1099;1097;0.00107;0.0019;0.00019;72.0;72.0;72.0;1.0;0.0;1;-30.0;30.0
1454;1996;0.00521;0.01603;0.00183;114.0;114.0;114.0;1.0;0.0;1;-30.0;30.0
1673;1512;0.01339;0.04223;0.00461;114.0;114.0;114.0;1.0;0.0;1;-30.0;30.0
2022;1673;0.00785;0.02529;0.00263;114.0;114.0;114.0;1.0;0.0;1;-30.0;30.0
1673;1671;0.00388;0.01281;0.00126;114.0;114.0;114.0;1.0;0.0;1;-30.0;30.0
1672;1263;0.00876;0.0281;0.00298;114.0;114.0;114.0;1.0;0.0;1;-30.0;30.0
1585;1672;0.01116;0.03504;0.00382;116.0;116.0;116.0;1.0;0.0;1;-30.0;30.0
1512;1585;0.00231;0.00719;0.00079;114.0;114.0;114.0;1.0;0.0;1;-30.0;30.0
1672;1670;0.0038;0.0124;0.00126;114.0;114.0;114.0;1.0;0.0;1;-30.0;30.0
1585;1583;0.00322;0.00554;0.00054;72.0;72.0;72.0;1.0;0.0;1;-30.0;30.0
2002;1643;0.00545;0.01702;0.00187;114.0;114.0;114.0;1.0;0.0;1;-30.0;30.0
2121;2066;0.00488;0.01207;0.00144;97.0;97.0;97.0;1.0;0.0;1;-30.0;30.0
1369;2120;0.00273;0.00785;0.00081;97.0;97.0;97.0;1.0;0.0;1;-30.0;30.0
1600;1811;0.00289;0.00868;0.00103;114.0;114.0;114.0;1.0;0.0;1;-30.0;30.0
2036;1600;0.00595;0.01942;0.00199;114.0;114.0;114.0;1.0;0.0;1;-30.0;30.0
1600;1598;0.00529;0.00909;0.0009;72.0;72.0;72.0;1.0;0.0;1;-30.0;30.0
1253;1454;0.0014;0.00455;0.00046;114.0;114.0;114.0;1.0;0.0;1;-30.0;30.0
1274;1253;0.00512;0.01554;0.00186;114.0;114.0;114.0;1.0;0.0;1;-30.0;30.0
1252;1253;0.00033;0.00107;0.00011;114.0;114.0;114.0;1.0;0.0;1;-30.0;30.0
1958;1877;0.00678;0.02025;0.00244;105.0;105.0;105.0;1.0;0.0;1;-30.0;30.0
2123;1878;0.00802;0.02554;0.00272;114.0;114.0;114.0;1.0;0.0;1;-30.0;30.0
1976;1821;0.00727;0.00975;0.00189;72.0;72.0;72.0;1.0;0.0;1;-30.0;30.0
2064;1131;0.01785;0.05826;0.00589;114.0;114.0;114.0;1.0;0.0;1;-30.0;30.0
2065;1254;0.00314;0.00785;0.00086;97.0;97.0;97.0;1.0;0.0;1;-30.0;30.0
1696;1255;0.00579;0.01595;0.00189;97.0;97.0;97.0;1.0;0.0;1;-30.0;30.0
1520;1696;0.00207;0.0062;0.00077;114.0;114.0;114.0;1.0;0.0;1;-30.0;30.0
1694;1696;0.00025;0.0005;5.0e-5;72.0;72.0;72.0;1.0;0.0;1;-30.0;30.0
2018;1738;0.00744;0.02289;0.00262;114.0;114.0;114.0;1.0;0.0;1;-30.0;30.0
1737;1513;0.01207;0.03926;0.00399;114.0;114.0;114.0;1.0;0.0;1;-30.0;30.0
1876;1513;0.0005;0.0038;0.00038;152.0;152.0;152.0;1.0;0.0;1;-30.0;30.0
1930;1876;0.0081;0.05248;0.00524;116.0;116.0;116.0;1.0;0.0;1;-30.0;30.0
2066;1930;0.00769;0.02413;0.00266;114.0;114.0;114.0;1.0;0.0;1;-30.0;30.0
1874;1876;0.00058;0.00174;0.00023;114.0;114.0;114.0;1.0;0.0;1;-30.0;30.0
1928;1930;0.00223;0.00719;0.00075;114.0;114.0;114.0;1.0;0.0;1;-30.0;30.0
1812;1095;0.00281;0.00851;0.00098;114.0;114.0;114.0;1.0;0.0;1;-30.0;30.0
1599;1094;0.00347;0.0114;0.00115;114.0;114.0;114.0;1.0;0.0;1;-30.0;30.0
1262;1599;0.00529;0.01719;0.00176;114.0;114.0;114.0;1.0;0.0;1;-30.0;30.0
1599;1597;0.00529;0.00909;0.0009;72.0;72.0;72.0;1.0;0.0;1;-30.0;30.0
1551;1807;0.01926;0.06198;0.00647;114.0;114.0;114.0;1.0;0.0;1;-30.0;30.0
2062;1551;0.01041;0.03388;0.00346;114.0;114.0;114.0;1.0;0.0;1;-30.0;30.0
1550;1551;0.00165;0.00537;0.00054;114.0;114.0;114.0;1.0;0.0;1;-30.0;30.0
1933;1847;0.00471;0.0138;0.00176;114.0;114.0;114.0;1.0;0.0;1;-30.0;30.0
1360;1590;0.00074;0.00231;0.00023;114.0;114.0;114.0;1.0;0.0;1;-30.0;30.0
2128;1360;0.01107;0.03612;0.00365;114.0;114.0;114.0;1.0;0.0;1;-30.0;30.0
1357;1360;0.00091;0.00306;0.0003;114.0;114.0;114.0;1.0;0.0;1;-30.0;30.0
1590;1716;0.00752;0.02446;0.00247;114.0;114.0;114.0;1.0;0.0;1;-30.0;30.0
1762;1977;0.0124;0.02793;0.00267;72.0;72.0;72.0;1.0;0.0;1;-30.0;30.0
2017;1443;0.01711;0.05562;0.0056;99.0;99.0;99.0;1.0;0.0;1;-30.0;30.0
1195;1160;0.01512;0.04223;0.00403;99.0;99.0;99.0;1.0;0.0;1;-30.0;30.0
1619;1159;0.01529;0.03198;0.00589;97.0;97.0;97.0;1.0;0.0;1;-30.0;30.0
1658;1400;0.00934;0.02917;0.00321;114.0;114.0;114.0;1.0;0.0;1;-30.0;30.0
1667;1658;0.00215;0.00636;0.0008;114.0;114.0;114.0;1.0;0.0;1;-30.0;30.0
1658;1657;0.0;8.0e-5;1.0e-5;114.0;114.0;114.0;1.0;0.0;1;-30.0;30.0
1631;1400;0.00504;0.01661;0.00167;114.0;114.0;114.0;1.0;0.0;1;-30.0;30.0
1956;1578;0.00579;0.01446;0.00162;99.0;99.0;99.0;1.0;0.0;1;-30.0;30.0
1444;1578;0.03413;0.08545;0.00909;99.0;99.0;99.0;1.0;0.0;1;-30.0;30.0
1444;2138;0.0062;0.01562;0.00277;106.0;106.0;106.0;1.0;0.0;1;-30.0;30.0
1617;2137;0.00124;0.00355;0.00045;113.0;113.0;113.0;1.0;0.0;1;-30.0;30.0
1909;1955;0.00769;0.01934;0.00211;99.0;99.0;99.0;1.0;0.0;1;-30.0;30.0
1907;1909;0.01248;0.03545;0.00474;112.0;112.0;112.0;1.0;0.0;1;-30.0;30.0
1443;1071;0.00488;0.01231;0.00189;99.0;99.0;99.0;1.0;0.0;1;-30.0;30.0
1212;1541;0.0062;0.01934;0.00214;114.0;114.0;114.0;1.0;0.0;1;-30.0;30.0
1443;1264;0.00405;0.01331;0.00135;114.0;114.0;114.0;1.0;0.0;1;-30.0;30.0
1265;1908;0.01025;0.02926;0.0039;112.0;112.0;112.0;1.0;0.0;1;-30.0;30.0
1440;1400;0.00959;0.03107;0.00321;114.0;114.0;114.0;1.0;0.0;1;-30.0;30.0
1684;1400;0.0014;0.0043;0.00047;114.0;114.0;114.0;1.0;0.0;1;-30.0;30.0
1191;1431;0.00777;0.02372;0.00273;114.0;114.0;114.0;1.0;0.0;1;-30.0;30.0
1993;1524;0.00818;0.02496;0.00292;114.0;114.0;114.0;1.0;0.0;1;-30.0;30.0
2126;2118;0.00149;0.00446;0.00057;114.0;114.0;114.0;1.0;0.0;1;-30.0;30.0
1706;1616;0.00628;0.01959;0.00217;114.0;114.0;114.0;1.0;0.0;1;-30.0;30.0
1707;1617;0.0062;0.01942;0.00215;114.0;114.0;114.0;1.0;0.0;1;-30.0;30.0
1616;2119;0.00083;0.00248;0.00027;114.0;114.0;114.0;1.0;0.0;1;-30.0;30.0
1072;2127;0.00074;0.00223;0.0003;114.0;114.0;114.0;1.0;0.0;1;-30.0;30.0
2139;1617;0.00198;0.00529;0.00071;99.0;99.0;99.0;1.0;0.0;1;-30.0;30.0
1892;1887;0.00347;0.00975;0.00132;112.0;112.0;112.0;1.0;0.0;1;-30.0;30.0
2021;1159;0.00512;0.01463;0.00197;112.0;112.0;112.0;1.0;0.0;1;-30.0;30.0
1893;2021;0.00132;0.0038;0.00051;113.0;113.0;113.0;1.0;0.0;1;-30.0;30.0
2020;2021;0.00025;0.00033;4.0e-5;78.0;78.0;78.0;1.0;0.0;1;-30.0;30.0
1923;1401;0.00479;0.01471;0.00169;114.0;114.0;114.0;1.0;0.0;1;-30.0;30.0
1423;1398;0.00884;0.02769;0.00305;114.0;114.0;114.0;1.0;0.0;1;-30.0;30.0
1939;1401;0.00504;0.01554;0.00179;114.0;114.0;114.0;1.0;0.0;1;-30.0;30.0
1926;1399;0.00355;0.00884;0.00094;99.0;99.0;99.0;1.0;0.0;1;-30.0;30.0
2029;1926;0.01603;0.04124;0.00435;99.0;99.0;99.0;1.0;0.0;1;-30.0;30.0
1926;1924;0.01264;0.01488;0.00319;74.0;74.0;74.0;1.0;0.0;1;-30.0;30.0
1927;1398;0.0043;0.01066;0.00113;99.0;99.0;99.0;1.0;0.0;1;-30.0;30.0
1900;1927;0.01727;0.04893;0.00506;99.0;99.0;99.0;1.0;0.0;1;-30.0;30.0
1927;1925;0.01281;0.01496;0.00322;74.0;74.0;74.0;1.0;0.0;1;-30.0;30.0
2030;1900;0.00893;0.02777;0.0031;114.0;114.0;114.0;1.0;0.0;1;-30.0;30.0
1248;1900;0.00901;0.02769;0.00317;114.0;114.0;114.0;1.0;0.0;1;-30.0;30.0
1901;1159;0.01083;0.02711;0.00287;99.0;99.0;99.0;1.0;0.0;1;-30.0;30.0
1902;1160;0.01083;0.02711;0.00287;99.0;99.0;99.0;1.0;0.0;1;-30.0;30.0
2081;1901;0.0043;0.0124;0.00164;113.0;113.0;113.0;1.0;0.0;1;-30.0;30.0
2082;1900;0.0043;0.0124;0.00164;113.0;113.0;113.0;1.0;0.0;1;-30.0;30.0
1732;1713;0.00504;0.01256;0.00135;99.0;99.0;99.0;1.0;0.0;1;-30.0;30.0
1902;1732;0.01099;0.02835;0.00304;99.0;99.0;99.0;1.0;0.0;1;-30.0;30.0
1731;1732;0.0043;0.01231;0.00162;113.0;113.0;113.0;1.0;0.0;1;-30.0;30.0
1901;1712;0.01603;0.04107;0.0044;99.0;99.0;99.0;1.0;0.0;1;-30.0;30.0
1900;2071;0.0062;0.02025;0.00208;114.0;114.0;114.0;1.0;0.0;1;-30.0;30.0
1443;1129;0.00455;0.01289;0.00174;112.0;112.0;112.0;1.0;0.0;1;-30.0;30.0
1999;1087;0.00421;0.01322;0.00146;114.0;114.0;114.0;1.0;0.0;1;-30.0;30.0
1953;1087;0.00347;0.01116;0.00119;114.0;114.0;114.0;1.0;0.0;1;-30.0;30.0
1950;1287;0.00471;0.01339;0.0018;112.0;112.0;112.0;1.0;0.0;1;-30.0;30.0
1579;1950;0.00355;0.01091;0.00126;114.0;114.0;114.0;1.0;0.0;1;-30.0;30.0
1950;1948;0.00157;0.00496;0.00056;114.0;114.0;114.0;1.0;0.0;1;-30.0;30.0
1754;1088;0.00264;0.00818;0.00091;114.0;114.0;114.0;1.0;0.0;1;-30.0;30.0
1579;1754;0.00612;0.01917;0.00209;114.0;114.0;114.0;1.0;0.0;1;-30.0;30.0
1754;1753;0.00207;0.00347;0.00083;87.0;87.0;87.0;1.0;0.0;1;-30.0;30.0
1593;1579;0.0024;0.00719;0.00085;114.0;114.0;114.0;1.0;0.0;1;-30.0;30.0
1213;1667;0.0024;0.00777;0.00081;114.0;114.0;114.0;1.0;0.0;1;-30.0;30.0
1286;1772;0.00372;0.00843;0.00145;101.0;101.0;101.0;1.0;0.0;1;-30.0;30.0
1745;1666;0.00628;0.02025;0.00211;114.0;114.0;114.0;1.0;0.0;1;-30.0;30.0
1484;1439;8.0e-5;0.00025;2.0e-5;114.0;114.0;114.0;1.0;0.0;1;-30.0;30.0
1693;1484;0.0076;0.01983;0.00206;99.0;99.0;99.0;1.0;0.0;1;-30.0;30.0
1666;1693;0.00314;0.00843;0.00085;99.0;99.0;99.0;1.0;0.0;1;-30.0;30.0
1483;1484;0.00455;0.00818;0.00096;77.0;77.0;77.0;1.0;0.0;1;-30.0;30.0
1692;1693;0.0005;0.0014;0.00013;99.0;99.0;99.0;1.0;0.0;1;-30.0;30.0
1458;1439;0.00256;0.00636;0.001;99.0;99.0;99.0;1.0;0.0;1;-30.0;30.0
1651;1409;0.00165;0.00463;0.00063;111.0;111.0;111.0;1.0;0.0;1;-30.0;30.0
1405;1440;0.00322;0.00926;0.00122;113.0;113.0;113.0;1.0;0.0;1;-30.0;30.0
1186;1405;0.00306;0.00893;0.00111;114.0;114.0;114.0;1.0;0.0;1;-30.0;30.0
1404;1405;0.0;8.0e-5;1.0e-5;114.0;114.0;114.0;1.0;0.0;1;-30.0;30.0
1409;1771;0.0014;0.00405;0.00053;113.0;113.0;113.0;1.0;0.0;1;-30.0;30.0
2058;1594;0.01074;0.03273;0.00383;114.0;114.0;114.0;1.0;0.0;1;-30.0;30.0
1439;1685;0.00826;0.02686;0.00276;114.0;114.0;114.0;1.0;0.0;1;-30.0;30.0
1625;2017;0.01471;0.03025;0.00563;96.0;96.0;96.0;1.0;0.0;1;-30.0;30.0
1444;1625;0.00992;0.01661;0.00395;87.0;87.0;87.0;1.0;0.0;1;-30.0;30.0
1625;1624;0.00223;0.00562;0.0006;99.0;99.0;99.0;1.0;0.0;1;-30.0;30.0
1085;1401;0.00603;0.02083;0.00212;114.0;114.0;114.0;1.0;0.0;1;-30.0;30.0
1086;1167;0.00306;0.01074;0.00115;114.0;114.0;114.0;1.0;0.0;1;-30.0;30.0
1397;1166;0.00653;0.02099;0.00221;114.0;114.0;114.0;1.0;0.0;1;-30.0;30.0
1525;1397;0.0024;0.00694;0.00092;113.0;113.0;113.0;1.0;0.0;1;-30.0;30.0
1393;1397;0.00868;0.02669;0.00307;114.0;114.0;114.0;1.0;0.0;1;-30.0;30.0
1394;1397;0.00835;0.0257;0.00294;114.0;114.0;114.0;1.0;0.0;1;-30.0;30.0
1414;1712;0.00471;0.01149;0.00179;99.0;99.0;99.0;1.0;0.0;1;-30.0;30.0
2080;1414;0.02405;0.04025;0.00957;87.0;87.0;87.0;1.0;0.0;1;-30.0;30.0
1413;1414;0.00347;0.01025;0.00125;114.0;114.0;114.0;1.0;0.0;1;-30.0;30.0
1713;1888;0.00149;0.00438;0.00052;114.0;114.0;114.0;1.0;0.0;1;-30.0;30.0
1712;1509;0.00091;0.00298;0.00033;114.0;114.0;114.0;1.0;0.0;1;-30.0;30.0
1730;1712;0.01033;0.0124;0.00255;75.0;75.0;75.0;1.0;0.0;1;-30.0;30.0
1713;1480;0.00843;0.02421;0.00321;113.0;113.0;113.0;1.0;0.0;1;-30.0;30.0
1954;1746;0.00149;0.00446;0.00055;114.0;114.0;114.0;1.0;0.0;1;-30.0;30.0
1721;1666;0.00198;0.0057;0.00077;113.0;113.0;113.0;1.0;0.0;1;-30.0;30.0
1949;1187;0.00438;0.01405;0.00149;114.0;114.0;114.0;1.0;0.0;1;-30.0;30.0
1327;1949;0.00066;0.00182;0.00024;111.0;111.0;111.0;1.0;0.0;1;-30.0;30.0
1579;1327;0.00463;0.01413;0.00163;114.0;114.0;114.0;1.0;0.0;1;-30.0;30.0
1947;1949;0.00017;0.00041;6.0e-5;104.0;104.0;104.0;1.0;0.0;1;-30.0;30.0
1326;1327;0.0;8.0e-5;1.0e-5;114.0;114.0;114.0;1.0;0.0;1;-30.0;30.0
1540;1088;0.00463;0.01438;0.0016;114.0;114.0;114.0;1.0;0.0;1;-30.0;30.0
1236;1088;0.00083;0.00264;0.00026;114.0;114.0;114.0;1.0;0.0;1;-30.0;30.0
1627;1236;0.00256;0.00835;0.00084;114.0;114.0;114.0;1.0;0.0;1;-30.0;30.0
1235;1236;0.00099;0.00289;0.00038;114.0;114.0;114.0;1.0;0.0;1;-30.0;30.0
2030;1190;0.00529;0.01636;0.00188;114.0;114.0;114.0;1.0;0.0;1;-30.0;30.0
1123;1159;0.00083;0.00132;0.00016;77.0;77.0;77.0;1.0;0.0;1;-30.0;30.0
1124;1160;0.00083;0.00124;0.00015;77.0;77.0;77.0;1.0;0.0;1;-30.0;30.0
1125;1160;0.00083;0.00124;0.00015;77.0;77.0;77.0;1.0;0.0;1;-30.0;30.0
1126;1159;0.00074;0.00116;0.00013;77.0;77.0;77.0;1.0;0.0;1;-30.0;30.0
1579;1998;0.00496;0.01537;0.00175;114.0;114.0;114.0;1.0;0.0;1;-30.0;30.0
1440;1194;0.00719;0.01777;0.00216;99.0;99.0;99.0;1.0;0.0;1;-30.0;30.0
1666;1632;0.00802;0.02521;0.00274;114.0;114.0;114.0;1.0;0.0;1;-30.0;30.0
2140;1130;0.00603;0.01711;0.00231;112.0;112.0;112.0;1.0;0.0;1;-30.0;30.0
1649;1580;0.00769;0.02711;0.00317;114.0;114.0;114.0;1.0;0.0;1;-30.0;30.0
1922;1399;0.0014;0.00446;0.00049;114.0;114.0;114.0;1.0;0.0;1;-30.0;30.0
1652;1457;0.00488;0.00868;0.00192;90.0;90.0;90.0;1.0;0.0;1;-30.0;30.0
2068;2017;0.00372;0.01231;0.00124;114.0;114.0;114.0;1.0;0.0;1;-30.0;30.0
2029;1249;0.00273;0.00826;0.00096;114.0;114.0;114.0;1.0;0.0;1;-30.0;30.0
2079;1995;0.00116;0.00273;0.00046;99.0;99.0;99.0;1.0;0.0;1;-30.0;30.0
1353;2016;0.00215;0.01479;0.00169;114.0;114.0;114.0;1.0;0.0;1;-30.0;30.0
1618;2016;0.00769;0.02347;0.00277;114.0;114.0;114.0;1.0;0.0;1;-30.0;30.0
1141;2017;0.00207;0.01413;0.00162;114.0;114.0;114.0;1.0;0.0;1;-30.0;30.0
1354;1141;8.0e-5;0.00066;7.0e-5;114.0;114.0;114.0;1.0;0.0;1;-30.0;30.0
1139;1141;0.0005;0.00149;0.0096;114.0;114.0;114.0;1.0;0.0;1;-30.0;30.0
2059;2016;0.01116;0.03273;0.00319;99.0;99.0;99.0;1.0;0.0;1;-30.0;30.0
1669;2072;0.00587;0.0162;0.0017;99.0;99.0;99.0;1.0;0.0;1;-30.0;30.0
2030;1669;0.00017;0.00033;3.0e-5;94.0;94.0;94.0;1.0;0.0;1;-30.0;30.0
1669;1668;0.00198;0.00455;0.00078;99.0;99.0;99.0;1.0;0.0;1;-30.0;30.0
1296;1294;8.0e-5;0.00083;0.0;77.0;77.0;77.0;1.0;0.0;1;-30.0;30.0
1797;1296;0.01603;0.02347;0.00336;77.0;77.0;77.0;1.0;0.0;1;-30.0;30.0
1308;1797;0.04752;0.09182;0.00916;77.0;77.0;77.0;1.0;0.0;1;-30.0;30.0
1886;1328;0.03041;0.05322;0.00508;77.0;77.0;77.0;1.0;0.0;1;-30.0;30.0
2117;1886;0.09893;0.17769;0.01704;77.0;77.0;77.0;1.0;0.0;1;-30.0;30.0
1885;1886;0.00198;0.00314;0.00037;19.0;19.0;19.0;1.0;0.0;1;-30.0;30.0
1572;2116;0.01355;0.02826;0.00271;77.0;77.0;77.0;1.0;0.0;1;-30.0;30.0
1971;1110;0.02289;0.05793;0.00612;99.0;99.0;99.0;1.0;0.0;1;-30.0;30.0
1961;1110;0.02479;0.06264;0.00663;99.0;99.0;99.0;1.0;0.0;1;-30.0;30.0
2117;1284;0.02273;0.07314;0.00765;114.0;114.0;114.0;1.0;0.0;1;-30.0;30.0
1569;1110;0.01471;0.04587;0.00509;99.0;99.0;99.0;1.0;0.0;1;-30.0;30.0
1798;1367;0.04901;0.08405;0.00831;77.0;77.0;77.0;1.0;0.0;1;-30.0;30.0
1307;1798;0.04752;0.09182;0.00916;77.0;77.0;77.0;1.0;0.0;1;-30.0;30.0
1796;1798;0.0062;0.01066;0.00104;77.0;77.0;77.0;1.0;0.0;1;-30.0;30.0
1573;1111;0.01636;0.04132;0.0045;99.0;99.0;99.0;1.0;0.0;1;-30.0;30.0
1179;1573;0.03727;0.06678;0.00651;77.0;77.0;77.0;1.0;0.0;1;-30.0;30.0
1571;1573;0.00058;0.00099;0.0001;29.0;29.0;29.0;1.0;0.0;1;-30.0;30.0
1091;1271;0.01802;0.05174;0.00682;57.0;57.0;57.0;1.0;0.0;1;-30.0;30.0
1328;1091;0.0124;0.03595;0.00461;57.0;57.0;57.0;1.0;0.0;1;-30.0;30.0
1091;1090;0.01653;0.02579;0.0031;19.0;19.0;19.0;1.0;0.0;1;-30.0;30.0
1328;1719;0.01264;0.02372;0.00377;57.0;57.0;57.0;1.0;0.0;1;-30.0;30.0
1470;1111;0.00719;0.02248;0.00246;114.0;114.0;114.0;1.0;0.0;1;-30.0;30.0
1469;1112;0.00719;0.02256;0.00247;114.0;114.0;114.0;1.0;0.0;1;-30.0;30.0
1308;1302;0.00661;0.02124;0.00222;114.0;114.0;114.0;1.0;0.0;1;-30.0;30.0
1334;1307;0.01636;0.0524;0.00553;114.0;114.0;114.0;1.0;0.0;1;-30.0;30.0
1726;1307;0.02066;0.04909;0.0103;77.0;77.0;77.0;1.0;0.0;1;-30.0;30.0
1266;1308;0.00013;0.00231;0.00024;57.0;57.0;57.0;1.0;0.0;1;-30.0;30.0
1267;1307;0.00074;0.00223;0.00025;57.0;57.0;57.0;1.0;0.0;1;-30.0;30.0
1758;1308;0.02843;0.06868;0.00659;77.0;77.0;77.0;1.0;0.0;1;-30.0;30.0
2116;1758;0.0376;0.06537;0.00643;77.0;77.0;77.0;1.0;0.0;1;-30.0;30.0
1758;1756;0.00331;0.00562;0.00057;19.0;19.0;19.0;1.0;0.0;1;-30.0;30.0
2117;1522;0.03818;0.0662;0.00648;77.0;77.0;77.0;1.0;0.0;1;-30.0;30.0
1757;1307;0.02843;0.06868;0.00659;77.0;77.0;77.0;1.0;0.0;1;-30.0;30.0
1523;1757;0.00521;0.0086;0.00095;77.0;77.0;77.0;1.0;0.0;1;-30.0;30.0
1757;1755;0.00331;0.00562;0.00057;19.0;19.0;19.0;1.0;0.0;1;-30.0;30.0
1517;1492;0.0405;0.06314;0.00758;57.0;57.0;57.0;1.0;0.0;1;-30.0;30.0
2110;1527;0.02579;0.06736;0.0079;99.0;99.0;99.0;1.0;0.0;1;-30.0;30.0
2111;1726;0.02446;0.0624;0.00662;99.0;99.0;99.0;1.0;0.0;1;-30.0;30.0
2111;1727;0.02446;0.0624;0.00662;99.0;99.0;99.0;1.0;0.0;1;-30.0;30.0
1138;1561;0.02479;0.06579;0.00654;99.0;99.0;99.0;1.0;0.0;1;-30.0;30.0
2110;1918;0.00165;0.00347;0.00038;77.0;77.0;77.0;1.0;0.0;1;-30.0;30.0
2111;1919;0.00107;0.00347;0.00037;114.0;114.0;114.0;1.0;0.0;1;-30.0;30.0
2051;1491;0.03074;0.04793;0.00575;57.0;57.0;57.0;1.0;0.0;1;-30.0;30.0
1570;2116;0.00248;0.00752;0.00079;99.0;99.0;99.0;1.0;0.0;1;-30.0;30.0
1307;1285;0.01124;0.03645;0.00373;114.0;114.0;114.0;1.0;0.0;1;-30.0;30.0
1560;1491;0.00777;0.02116;0.00242;99.0;99.0;99.0;1.0;0.0;1;-30.0;30.0
2052;1681;0.05;0.0781;0.00933;57.0;57.0;57.0;1.0;0.0;1;-30.0;30.0
1727;1177;0.02603;0.0662;0.00724;99.0;99.0;99.0;1.0;0.0;1;-30.0;30.0
1780;1680;0.0424;0.06628;0.00792;57.0;57.0;57.0;1.0;0.0;1;-30.0;30.0
1101;1214;0.00438;0.01446;0.00146;86.0;86.0;86.0;1.0;0.0;1;-30.0;30.0
1323;1110;0.03256;0.10355;0.01105;114.0;114.0;114.0;1.0;0.0;1;-30.0;30.0
1806;1279;0.05025;0.07843;0.00941;57.0;57.0;57.0;1.0;0.0;1;-30.0;30.0
1960;1726;0.02537;0.06355;0.00677;99.0;99.0;99.0;1.0;0.0;1;-30.0;30.0
2033;1295;0.01331;0.03785;0.0051;57.0;57.0;57.0;1.0;0.0;1;-30.0;30.0
1214;1308;0.01;0.06967;0.00747;172.0;172.0;172.0;1.0;0.0;1;-30.0;30.0
1215;1980;0.00587;0.04058;0.00443;171.0;171.0;171.0;1.0;0.0;1;-30.0;30.0
1290;1301;0.00628;0.01959;0.0022;114.0;114.0;114.0;1.0;0.0;1;-30.0;30.0
1215;1291;0.00942;0.04198;0.00452;114.0;114.0;114.0;1.0;0.0;1;-30.0;30.0
1176;1970;0.00521;0.0138;0.00166;99.0;99.0;99.0;1.0;0.0;1;-30.0;30.0
1985;1301;0.00306;0.00702;0.00073;57.0;57.0;57.0;1.0;0.0;1;-30.0;30.0
1984;1302;0.00306;0.00694;0.00072;57.0;57.0;57.0;1.0;0.0;1;-30.0;30.0
1779;1100;0.03306;0.05388;0.00644;77.0;77.0;77.0;1.0;0.0;1;-30.0;30.0
1805;1117;0.01777;0.05802;0.00587;57.0;57.0;57.0;1.0;0.0;1;-30.0;30.0
1726;1137;0.02248;0.05165;0.00652;99.0;99.0;99.0;1.0;0.0;1;-30.0;30.0
1270;1294;0.01455;0.04165;0.00549;57.0;57.0;57.0;1.0;0.0;1;-30.0;30.0
1744;1328;0.02992;0.09198;0.01059;114.0;114.0;114.0;1.0;0.0;1;-30.0;30.0
1308;2013;0.01116;0.03364;0.00399;114.0;114.0;114.0;1.0;0.0;1;-30.0;30.0
1742;1906;0.03463;0.10727;0.01217;114.0;114.0;114.0;1.0;0.0;1;-30.0;30.0
1844;1214;0.02107;0.06851;0.00701;114.0;114.0;114.0;1.0;0.0;1;-30.0;30.0
1368;1844;0.03041;0.0914;0.01103;114.0;114.0;114.0;1.0;0.0;1;-30.0;30.0
1843;1844;0.01512;0.0495;0.005;114.0;114.0;114.0;1.0;0.0;1;-30.0;30.0
1905;1215;0.01471;0.04612;0.00511;114.0;114.0;114.0;1.0;0.0;1;-30.0;30.0
1741;1367;0.01521;0.03041;0.00377;90.0;90.0;90.0;1.0;0.0;1;-30.0;30.0
1981;1307;0.00463;0.03207;0.00353;171.0;171.0;171.0;1.0;0.0;1;-30.0;30.0
2103;1333;0.00339;0.00975;0.00127;113.0;113.0;113.0;1.0;0.0;1;-30.0;30.0
1214;2102;0.00331;0.02273;0.00246;114.0;114.0;114.0;1.0;0.0;1;-30.0;30.0
1726;1214;0.03438;0.11231;0.01135;114.0;114.0;114.0;1.0;0.0;1;-30.0;30.0
1727;1215;0.03438;0.1124;0.01135;114.0;114.0;114.0;1.0;0.0;1;-30.0;30.0
1558;1280;0.05347;0.06785;0.00635;57.0;57.0;57.0;1.0;0.0;1;-30.0;30.0
1184;1112;0.00752;0.02207;0.00251;99.0;99.0;99.0;1.0;0.0;1;-30.0;30.0
2012;1324;0.01702;0.0519;0.00604;114.0;114.0;114.0;1.0;0.0;1;-30.0;30.0
1329;1178;0.08231;0.14521;0.01396;57.0;57.0;57.0;1.0;0.0;1;-30.0;30.0
1368;1294;0.04719;0.07769;0.00864;57.0;57.0;57.0;1.0;0.0;1;-30.0;30.0
1174;1185;0.05843;0.0805;0.00897;64.0;64.0;64.0;1.0;0.0;1;-30.0;30.0
1118;1328;0.01364;0.04455;0.00453;57.0;57.0;57.0;1.0;0.0;1;-30.0;30.0
1806;1329;0.03124;0.10182;0.01034;57.0;57.0;57.0;1.0;0.0;1;-30.0;30.0
1628;1726;0.00099;0.0019;0.0;93.0;93.0;93.0;1.0;0.0;1;-30.0;30.0
1629;1727;0.00099;0.0019;0.0;93.0;93.0;93.0;1.0;0.0;1;-30.0;30.0
1630;1726;0.00124;0.00231;0.0;92.0;92.0;92.0;1.0;0.0;1;-30.0;30.0
1911;1169;0.02372;0.05926;0.0063;102.0;102.0;102.0;1.0;0.0;1;-30.0;30.0
1389;1623;0.00413;0.01033;0.0011;102.0;102.0;102.0;1.0;0.0;1;-30.0;30.0
1515;1389;0.03595;0.09132;0.0097;102.0;102.0;102.0;1.0;0.0;1;-30.0;30.0
1387;1389;0.00025;0.00041;0.00011;86.0;86.0;86.0;1.0;0.0;1;-30.0;30.0
1910;1127;0.01802;0.04124;0.00623;101.0;101.0;101.0;1.0;0.0;1;-30.0;30.0
1910;1073;0.01818;0.05636;0.00636;114.0;114.0;114.0;1.0;0.0;1;-30.0;30.0
1911;1800;0.02512;0.07851;0.00866;114.0;114.0;114.0;1.0;0.0;1;-30.0;30.0
1910;1500;0.01157;0.02512;0.00389;99.0;99.0;99.0;1.0;0.0;1;-30.0;30.0
1931;1623;0.02438;0.04083;0.00971;87.0;87.0;87.0;1.0;0.0;1;-30.0;30.0
1390;1623;0.00413;0.01033;0.0011;102.0;102.0;102.0;1.0;0.0;1;-30.0;30.0
2044;1390;0.0057;0.01562;0.00163;102.0;102.0;102.0;1.0;0.0;1;-30.0;30.0
1390;1388;0.00033;0.00058;0.00013;89.0;89.0;89.0;1.0;0.0;1;-30.0;30.0
2043;1842;0.01917;0.05124;0.0054;102.0;102.0;102.0;1.0;0.0;1;-30.0;30.0
2043;1383;0.00083;0.00273;0.00028;114.0;114.0;114.0;1.0;0.0;1;-30.0;30.0
2044;1384;0.00083;0.00306;0.00031;114.0;114.0;114.0;1.0;0.0;1;-30.0;30.0
2044;1376;0.00182;0.00512;0.00069;112.0;112.0;112.0;1.0;0.0;1;-30.0;30.0
2043;1377;0.0019;0.00529;0.00071;111.0;111.0;111.0;1.0;0.0;1;-30.0;30.0
2050;1800;0.00463;0.01512;0.00153;114.0;114.0;114.0;1.0;0.0;1;-30.0;30.0
1601;1799;0.00826;0.02702;0.00273;114.0;114.0;114.0;1.0;0.0;1;-30.0;30.0
2043;1374;0.00537;0.01207;0.00267;100.0;100.0;100.0;1.0;0.0;1;-30.0;30.0
1622;1371;0.00347;0.00661;0.00059;77.0;77.0;77.0;1.0;0.0;1;-30.0;30.0
1622;1372;0.00364;0.00653;0.00058;77.0;77.0;77.0;1.0;0.0;1;-30.0;30.0
1623;1373;0.00364;0.00653;0.00058;77.0;77.0;77.0;1.0;0.0;1;-30.0;30.0
1623;1378;0.00107;0.00207;0.00044;93.0;93.0;93.0;1.0;0.0;1;-30.0;30.0
1622;1379;0.00116;0.0019;0.00045;86.0;86.0;86.0;1.0;0.0;1;-30.0;30.0
2044;1386;0.00182;0.00479;0.00076;108.0;108.0;108.0;1.0;0.0;1;-30.0;30.0
1622;1375;0.00248;0.00595;0.00117;103.0;103.0;103.0;1.0;0.0;1;-30.0;30.0
1622;1080;0.01793;0.04512;0.00471;102.0;102.0;102.0;1.0;0.0;1;-30.0;30.0
1207;1081;0.00628;0.01942;0.00195;102.0;102.0;102.0;1.0;0.0;1;-30.0;30.0
1782;1288;0.01322;0.03694;0.0038;102.0;102.0;102.0;1.0;0.0;1;-30.0;30.0
2049;1603;0.00372;0.01223;0.00124;119.0;119.0;119.0;1.0;0.0;1;-30.0;30.0
1765;1603;0.00207;0.00653;0.00074;118.0;118.0;118.0;1.0;0.0;1;-30.0;30.0
1169;1766;0.01198;0.03455;0.00367;102.0;102.0;102.0;1.0;0.0;1;-30.0;30.0
1911;1988;0.01231;0.03545;0.00466;113.0;113.0;113.0;1.0;0.0;1;-30.0;30.0
1917;1152;0.00388;0.00901;0.00133;102.0;102.0;102.0;1.0;0.0;1;-30.0;30.0
1917;1910;0.00066;0.00413;0.00062;152.0;152.0;152.0;1.0;0.0;1;-30.0;30.0
1916;1911;0.00091;0.0062;0.00076;152.0;152.0;152.0;1.0;0.0;1;-30.0;30.0
1449;2000;0.04322;0.04876;0.00543;57.0;57.0;57.0;1.0;0.0;1;-30.0;30.0
1912;1449;0.00926;0.03017;0.00306;57.0;57.0;57.0;1.0;0.0;1;-30.0;30.0
1447;1449;0.00769;0.0086;0.00095;57.0;57.0;57.0;1.0;0.0;1;-30.0;30.0
1450;2001;0.02901;0.0362;0.00756;57.0;57.0;57.0;1.0;0.0;1;-30.0;30.0
1913;1450;0.00909;0.02959;0.00301;57.0;57.0;57.0;1.0;0.0;1;-30.0;30.0
1448;1450;0.00521;0.00612;0.00118;57.0;57.0;57.0;1.0;0.0;1;-30.0;30.0
1917;1831;0.08777;0.15231;0.01599;77.0;77.0;77.0;1.0;0.0;1;-30.0;30.0
1911;1664;0.02;0.04405;0.00993;99.0;99.0;99.0;1.0;0.0;1;-30.0;30.0
1665;1620;0.03934;0.08496;0.02002;98.0;98.0;98.0;1.0;0.0;1;-30.0;30.0
1403;1435;0.04322;0.10372;0.01111;77.0;77.0;77.0;1.0;0.0;1;-30.0;30.0
2000;1581;0.0157;0.02017;0.00426;77.0;77.0;77.0;1.0;0.0;1;-30.0;30.0
1872;1092;0.03678;0.08405;0.01056;101.0;101.0;101.0;1.0;0.0;1;-30.0;30.0
1293;1764;0.00934;0.01628;0.00189;77.0;77.0;77.0;1.0;0.0;1;-30.0;30.0
1293;1531;0.03264;0.09331;0.0124;76.0;76.0;76.0;1.0;0.0;1;-30.0;30.0
1832;1582;0.02653;0.03231;0.00677;75.0;75.0;75.0;1.0;0.0;1;-30.0;30.0
1601;1206;0.00388;0.01264;0.00128;114.0;114.0;114.0;1.0;0.0;1;-30.0;30.0
1312;1965;0.03579;0.06314;0.0077;77.0;77.0;77.0;1.0;0.0;1;-30.0;30.0
1964;1276;0.00397;0.00579;0.00109;57.0;57.0;57.0;1.0;0.0;1;-30.0;30.0
1964;2086;0.00711;0.01107;0.00132;77.0;77.0;77.0;1.0;0.0;1;-30.0;30.0
1965;2087;0.00702;0.01099;0.00131;77.0;77.0;77.0;1.0;0.0;1;-30.0;30.0
1104;1688;0.01909;0.05421;0.0073;112.0;112.0;112.0;1.0;0.0;1;-30.0;30.0
2001;1104;0.00653;0.0186;0.0025;112.0;112.0;112.0;1.0;0.0;1;-30.0;30.0
1102;1104;0.01;0.02843;0.00383;57.0;57.0;57.0;1.0;0.0;1;-30.0;30.0
1292;1621;0.03868;0.11587;0.01404;114.0;114.0;114.0;1.0;0.0;1;-30.0;30.0
1292;1116;0.00264;0.00769;0.00101;113.0;113.0;113.0;1.0;0.0;1;-30.0;30.0
2069;1168;0.01405;0.02124;0.0037;77.0;77.0;77.0;1.0;0.0;1;-30.0;30.0
1799;1074;0.01273;0.03917;0.0045;114.0;114.0;114.0;1.0;0.0;1;-30.0;30.0
1210;1601;0.00215;0.01504;0.00164;152.0;152.0;152.0;1.0;0.0;1;-30.0;30.0
1514;1910;0.00769;0.02074;0.0022;102.0;102.0;102.0;1.0;0.0;1;-30.0;30.0
2043;1602;0.00264;0.01909;0.0019;152.0;152.0;152.0;1.0;0.0;1;-30.0;30.0
2044;1601;0.00264;0.01909;0.0019;152.0;152.0;152.0;1.0;0.0;1;-30.0;30.0
2115;1800;0.01512;0.0376;0.00401;102.0;102.0;102.0;1.0;0.0;1;-30.0;30.0
1128;1759;0.00893;0.02355;0.00319;102.0;102.0;102.0;1.0;0.0;1;-30.0;30.0
1292;1311;0.04124;0.07066;0.00857;77.0;77.0;77.0;1.0;0.0;1;-30.0;30.0
1622;1385;0.00521;0.01157;0.00259;100.0;100.0;100.0;1.0;0.0;1;-30.0;30.0
1289;1799;0.01521;0.04074;0.00426;102.0;102.0;102.0;1.0;0.0;1;-30.0;30.0
1841;1603;0.00471;0.01554;0.00157;119.0;119.0;119.0;1.0;0.0;1;-30.0;30.0
1682;1292;0.01091;0.0357;0.00362;114.0;114.0;114.0;1.0;0.0;1;-30.0;30.0
1751;1683;0.0319;0.10785;0.011;114.0;114.0;114.0;1.0;0.0;1;-30.0;30.0
1557;1603;0.00165;0.01132;0.00121;152.0;152.0;152.0;1.0;0.0;1;-30.0;30.0
1675;1530;0.00653;0.02116;0.00217;114.0;114.0;114.0;1.0;0.0;1;-30.0;30.0
1752;1531;0.02198;0.07174;0.00727;114.0;114.0;114.0;1.0;0.0;1;-30.0;30.0
2001;1916;0.04512;0.23744;0.02383;114.0;114.0;114.0;1.0;0.0;1;-30.0;30.0
2001;1910;0.0457;0.2405;0.0243;114.0;114.0;114.0;1.0;0.0;1;-30.0;30.0
1623;1380;0.00083;0.00248;0.00033;102.0;102.0;102.0;1.0;0.0;1;-30.0;30.0
1863;1211;0.0043;0.00719;0.01602;87.0;87.0;87.0;1.0;0.0;1;-30.0;30.0
2000;1402;0.0581;0.13339;0.01261;77.0;77.0;77.0;1.0;0.0;1;-30.0;30.0
1602;1781;0.00388;0.01273;0.00129;114.0;114.0;114.0;1.0;0.0;1;-30.0;30.0
1614;1799;0.0005;0.00314;0.03081;97.0;97.0;97.0;1.0;0.0;1;-30.0;30.0
1615;1800;0.0005;0.00322;0.03119;97.0;97.0;97.0;1.0;0.0;1;-30.0;30.0
1093;1115;0.00397;0.01174;0.00144;114.0;114.0;114.0;1.0;0.0;1;-30.0;30.0
1804;1623;0.01802;0.0514;0.00687;112.0;112.0;112.0;1.0;0.0;1;-30.0;30.0
2070;1691;0.01785;0.03372;0.005;77.0;77.0;77.0;1.0;0.0;1;-30.0;30.0
1760;1168;0.00678;0.01521;0.00235;100.0;100.0;100.0;1.0;0.0;1;-30.0;30.0
1528;1689;0.00678;0.02083;0.00898;97.0;97.0;97.0;1.0;0.0;1;-30.0;30.0
2078;2114;0.02008;0.05017;0.0053;102.0;102.0;102.0;1.0;0.0;1;-30.0;30.0
1211;1556;0.00058;0.00388;0.00044;152.0;152.0;152.0;1.0;0.0;1;-30.0;30.0
1533;1622;0.04446;0.10959;0.01193;102.0;102.0;102.0;1.0;0.0;1;-30.0;30.0
1674;1974;0.03273;0.10661;0.01082;114.0;114.0;114.0;1.0;0.0;1;-30.0;30.0
1293;1529;0.04942;0.16132;0.01634;114.0;114.0;114.0;1.0;0.0;1;-30.0;30.0
1222;1989;0.01174;0.03339;0.00449;112.0;112.0;112.0;1.0;0.0;1;-30.0;30.0
1499;1862;0.00264;0.00793;0.00093;115.0;115.0;115.0;1.0;0.0;1;-30.0;30.0
1964;1277;0.00273;0.00793;0.00103;57.0;57.0;57.0;1.0;0.0;1;-30.0;30.0
1463;1556;0.00074;0.00248;0.01641;81.0;81.0;81.0;1.0;0.0;1;-30.0;30.0
1464;1557;0.00074;0.00248;0.01641;81.0;81.0;81.0;1.0;0.0;1;-30.0;30.0
1381;2043;0.00091;0.00298;0.0003;114.0;114.0;114.0;1.0;0.0;1;-30.0;30.0
1382;2044;0.00091;0.00298;0.0003;114.0;114.0;114.0;1.0;0.0;1;-30.0;30.0
2014;1990;0.00942;0.02802;0.00346;114.0;114.0;114.0;1.0;0.0;1;-30.0;30.0
1991;1053;0.00157;0.00182;0.00039;73.0;73.0;73.0;1.0;0.0;1;-30.0;30.0
1990;1054;0.00149;0.00174;0.00037;74.0;74.0;74.0;1.0;0.0;1;-30.0;30.0
1991;1055;0.0005;0.00058;0.00012;73.0;73.0;73.0;1.0;0.0;1;-30.0;30.0
1991;1056;0.00107;0.00124;0.00027;73.0;73.0;73.0;1.0;0.0;1;-30.0;30.0
2015;1991;0.01116;0.02983;0.0036;102.0;102.0;102.0;1.0;0.0;1;-30.0;30.0
1144;2088;0.02314;0.02711;0.00583;74.0;74.0;74.0;1.0;0.0;1;-30.0;30.0
1478;1576;0.02215;0.03876;0.00878;89.0;89.0;89.0;1.0;0.0;1;-30.0;30.0
1084;1145;0.02083;0.02479;0.00517;74.0;74.0;74.0;1.0;0.0;1;-30.0;30.0
1224;1084;0.01851;0.05818;0.00631;77.0;77.0;77.0;1.0;0.0;1;-30.0;30.0
1082;1084;0.0005;0.00074;9.0e-5;77.0;77.0;77.0;1.0;0.0;1;-30.0;30.0
1990;1478;0.00694;0.01901;0.00195;102.0;102.0;102.0;1.0;0.0;1;-30.0;30.0
2010;1478;0.00686;0.0095;0.00185;77.0;77.0;77.0;1.0;0.0;1;-30.0;30.0
1337;2088;0.0005;0.00149;0.0002;57.0;57.0;57.0;1.0;0.0;1;-30.0;30.0
2014;1829;0.0057;0.01777;0.00198;114.0;114.0;114.0;1.0;0.0;1;-30.0;30.0
2014;1083;0.02124;0.06909;0.00708;77.0;77.0;77.0;1.0;0.0;1;-30.0;30.0
1968;1587;0.00256;0.00554;0.00084;57.0;57.0;57.0;1.0;0.0;1;-30.0;30.0
1969;1588;0.00198;0.00471;0.00069;57.0;57.0;57.0;1.0;0.0;1;-30.0;30.0
1338;2089;0.00058;0.00174;0.00023;57.0;57.0;57.0;1.0;0.0;1;-30.0;30.0
2089;1565;0.00512;0.01455;0.00197;112.0;112.0;112.0;1.0;0.0;1;-30.0;30.0
1701;1785;0.00364;0.01033;0.0014;112.0;112.0;112.0;1.0;0.0;1;-30.0;30.0
2015;1786;0.00595;0.01917;0.00201;114.0;114.0;114.0;1.0;0.0;1;-30.0;30.0
1468;1587;0.01;0.01562;0.00187;76.0;76.0;76.0;1.0;0.0;1;-30.0;30.0
1819;1467;0.02339;0.03066;0.00535;78.0;78.0;78.0;1.0;0.0;1;-30.0;30.0
1830;1304;0.00661;0.02058;0.00231;114.0;114.0;114.0;1.0;0.0;1;-30.0;30.0
1477;1809;0.00364;0.01041;0.0014;112.0;112.0;112.0;1.0;0.0;1;-30.0;30.0
1477;1687;0.00802;0.02273;0.00304;112.0;112.0;112.0;1.0;0.0;1;-30.0;30.0
1724;1686;0.01264;0.03446;0.00355;102.0;102.0;102.0;1.0;0.0;1;-30.0;30.0
1810;1303;0.00587;0.01669;0.00225;112.0;112.0;112.0;1.0;0.0;1;-30.0;30.0
1478;1889;0.02736;0.08909;0.00906;38.0;38.0;38.0;1.0;0.0;1;-30.0;30.0
1310;1725;0.00174;0.00479;0.0005;102.0;102.0;102.0;1.0;0.0;1;-30.0;30.0
1881;1310;0.02157;0.05752;0.0053;102.0;102.0;102.0;1.0;0.0;1;-30.0;30.0
1310;1309;0.00314;0.00364;0.00079;57.0;57.0;57.0;1.0;0.0;1;-30.0;30.0
2032;2014;0.0119;0.03752;0.00408;114.0;114.0;114.0;1.0;0.0;1;-30.0;30.0
1991;1477;0.00678;0.02074;0.00193;102.0;102.0;102.0;1.0;0.0;1;-30.0;30.0
1577;1587;0.02529;0.04355;0.01005;88.0;88.0;88.0;1.0;0.0;1;-30.0;30.0
2011;1700;0.00314;0.00893;0.0012;112.0;112.0;112.0;1.0;0.0;1;-30.0;30.0
1172;2015;0.0343;0.11;0.01158;114.0;114.0;114.0;1.0;0.0;1;-30.0;30.0
2015;1225;0.01455;0.04521;0.0051;114.0;114.0;114.0;1.0;0.0;1;-30.0;30.0
2014;1715;0.01959;0.06397;0.00647;119.0;119.0;119.0;1.0;0.0;1;-30.0;30.0
2064;1392;0.00355;0.01132;0.00123;114.0;114.0;114.0;1.0;0.0;1;-30.0;30.0
1501;1595;0.00198;0.00645;0.00065;114.0;114.0;114.0;1.0;0.0;1;-30.0;30.0
1586;1513;0.00091;0.00653;0.00065;152.0;152.0;152.0;1.0;0.0;1;-30.0;30.0
1854;1586;0.0043;0.03033;0.00319;152.0;152.0;152.0;1.0;0.0;1;-30.0;30.0
1584;1586;0.00314;0.00545;0.00053;72.0;72.0;72.0;1.0;0.0;1;-30.0;30.0
1825;1643;0.00959;0.02587;0.00288;97.0;97.0;97.0;1.0;0.0;1;-30.0;30.0
1121;1094;0.01041;0.02975;0.00393;112.0;112.0;112.0;1.0;0.0;1;-30.0;30.0
1855;2027;0.00264;0.00744;0.001;112.0;112.0;112.0;1.0;0.0;1;-30.0;30.0
1122;1095;0.01008;0.02884;0.00381;113.0;113.0;113.0;1.0;0.0;1;-30.0;30.0
1859;2094;0.01231;0.03215;0.00338;97.0;97.0;97.0;1.0;0.0;1;-30.0;30.0
1790;1679;0.0019;0.00612;0.00062;114.0;114.0;114.0;1.0;0.0;1;-30.0;30.0
1963;1790;0.00355;0.01165;0.00118;114.0;114.0;114.0;1.0;0.0;1;-30.0;30.0
1790;1788;0.00132;0.00322;0.00031;72.0;72.0;72.0;1.0;0.0;1;-30.0;30.0
1142;1258;0.00347;0.01124;0.00113;114.0;114.0;114.0;1.0;0.0;1;-30.0;30.0
1143;1259;0.00339;0.01116;0.00113;114.0;114.0;114.0;1.0;0.0;1;-30.0;30.0
2064;1606;0.00942;0.03008;0.00319;114.0;114.0;114.0;1.0;0.0;1;-30.0;30.0
1871;1699;0.00711;0.02074;0.00265;114.0;114.0;114.0;1.0;0.0;1;-30.0;30.0
1848;1871;0.00099;0.00289;0.00037;114.0;114.0;114.0;1.0;0.0;1;-30.0;30.0
1870;1871;0.00124;0.00347;0.00046;111.0;111.0;111.0;1.0;0.0;1;-30.0;30.0
1641;1201;0.00083;0.00231;0.00031;111.0;111.0;111.0;1.0;0.0;1;-30.0;30.0
1281;1283;0.00182;0.00512;0.00069;29.0;29.0;29.0;1.0;0.0;1;-30.0;30.0
1776;1428;0.00322;0.01025;0.00109;114.0;114.0;114.0;1.0;0.0;1;-30.0;30.0
1845;1776;0.00372;0.0114;0.00133;114.0;114.0;114.0;1.0;0.0;1;-30.0;30.0
1774;1776;0.0024;0.00719;0.00074;97.0;97.0;97.0;1.0;0.0;1;-30.0;30.0
1986;1200;0.01281;0.03661;0.00485;112.0;112.0;112.0;1.0;0.0;1;-30.0;30.0
2146;1512;0.01198;0.03917;0.00396;114.0;114.0;114.0;1.0;0.0;1;-30.0;30.0
1331;1272;0.00496;0.0162;0.00164;114.0;114.0;114.0;1.0;0.0;1;-30.0;30.0
1331;1273;0.00339;0.00959;0.00129;112.0;112.0;112.0;1.0;0.0;1;-30.0;30.0
1934;1192;0.00975;0.03083;0.00335;114.0;114.0;114.0;1.0;0.0;1;-30.0;30.0
1535;2003;0.00017;0.00058;6.0e-5;114.0;114.0;114.0;1.0;0.0;1;-30.0;30.0
1644;1535;0.00529;0.01645;0.00181;114.0;114.0;114.0;1.0;0.0;1;-30.0;30.0
1534;1535;0.00421;0.00711;0.00072;72.0;72.0;72.0;1.0;0.0;1;-30.0;30.0
1077;1767;0.01099;0.02496;0.00416;97.0;97.0;97.0;1.0;0.0;1;-30.0;30.0
1077;1983;0.00579;0.01802;0.00198;114.0;114.0;114.0;1.0;0.0;1;-30.0;30.0
1075;1077;0.00025;0.00074;0.0001;114.0;114.0;114.0;1.0;0.0;1;-30.0;30.0
1136;1331;0.00041;0.00132;0.00013;114.0;114.0;114.0;1.0;0.0;1;-30.0;30.0
1151;1136;0.00273;0.00785;0.00077;97.0;97.0;97.0;1.0;0.0;1;-30.0;30.0
1322;1151;0.00438;0.01438;0.00145;116.0;116.0;116.0;1.0;0.0;1;-30.0;30.0
1495;1322;0.00033;0.00099;0.00013;114.0;114.0;114.0;1.0;0.0;1;-30.0;30.0
1134;1136;0.00124;0.00364;0.00048;114.0;114.0;114.0;1.0;0.0;1;-30.0;30.0
1151;1150;0.00339;0.01107;0.00112;114.0;114.0;114.0;1.0;0.0;1;-30.0;30.0
1320;1322;0.00223;0.00678;0.00081;114.0;114.0;114.0;1.0;0.0;1;-30.0;30.0
2094;2061;0.0076;0.02306;0.00272;114.0;114.0;114.0;1.0;0.0;1;-30.0;30.0
1256;1481;0.00496;0.01413;0.0019;112.0;112.0;112.0;1.0;0.0;1;-30.0;30.0
1943;1808;0.00231;0.00744;0.00077;114.0;114.0;114.0;1.0;0.0;1;-30.0;30.0
1420;1869;0.00818;0.02017;0.00219;97.0;97.0;97.0;1.0;0.0;1;-30.0;30.0
2075;1420;0.00471;0.01182;0.00132;57.0;57.0;57.0;1.0;0.0;1;-30.0;30.0
1418;1420;0.00091;0.00215;0.00023;97.0;97.0;97.0;1.0;0.0;1;-30.0;30.0
1861;1061;0.00653;0.02058;0.00222;114.0;114.0;114.0;1.0;0.0;1;-30.0;30.0
2028;1507;0.01231;0.04033;0.00408;114.0;114.0;114.0;1.0;0.0;1;-30.0;30.0
1162;1859;0.02587;0.06818;0.00737;97.0;97.0;97.0;1.0;0.0;1;-30.0;30.0
1750;1189;0.00496;0.01496;0.00179;114.0;114.0;114.0;1.0;0.0;1;-30.0;30.0
1770;2131;0.0014;0.00322;0.00053;97.0;97.0;97.0;1.0;0.0;1;-30.0;30.0
2073;1452;0.00413;0.01289;0.00144;114.0;114.0;114.0;1.0;0.0;1;-30.0;30.0
2062;1899;0.0176;0.05686;0.00587;114.0;114.0;114.0;1.0;0.0;1;-30.0;30.0
1817;1143;0.00636;0.0205;0.00213;114.0;114.0;114.0;1.0;0.0;1;-30.0;30.0
1131;1767;0.0086;0.02802;0.00284;114.0;114.0;114.0;1.0;0.0;1;-30.0;30.0
2063;1768;0.0262;0.08496;0.00871;114.0;114.0;114.0;1.0;0.0;1;-30.0;30.0
1859;1574;0.01975;0.05372;0.00566;97.0;97.0;97.0;1.0;0.0;1;-30.0;30.0
2042;1574;0.0019;0.00595;0.00067;114.0;114.0;114.0;1.0;0.0;1;-30.0;30.0
1364;2042;0.00264;0.0086;0.0009;114.0;114.0;114.0;1.0;0.0;1;-30.0;30.0
2041;2042;8.0e-5;0.00017;2.0e-5;72.0;72.0;72.0;1.0;0.0;1;-30.0;30.0
1482;2064;0.01174;0.03537;0.00421;114.0;114.0;114.0;1.0;0.0;1;-30.0;30.0
1106;1231;0.00562;0.01736;0.00193;97.0;97.0;97.0;1.0;0.0;1;-30.0;30.0
2099;1209;0.00182;0.00587;0.00065;114.0;114.0;114.0;1.0;0.0;1;-30.0;30.0
1824;2099;0.0038;0.01215;0.00125;116.0;116.0;116.0;1.0;0.0;1;-30.0;30.0
1143;1824;0.00264;0.00818;0.00094;114.0;114.0;114.0;1.0;0.0;1;-30.0;30.0
2097;2099;8.0e-5;0.00017;2.0e-5;98.0;98.0;98.0;1.0;0.0;1;-30.0;30.0
1824;1823;0.00124;0.00364;0.00047;57.0;57.0;57.0;1.0;0.0;1;-30.0;30.0
1595;1703;0.0024;0.00727;0.00087;114.0;114.0;114.0;1.0;0.0;1;-30.0;30.0
2055;1155;0.00413;0.01355;0.00138;114.0;114.0;114.0;1.0;0.0;1;-30.0;30.0
1188;2055;0.00711;0.02322;0.00234;114.0;114.0;114.0;1.0;0.0;1;-30.0;30.0
2054;2055;0.00074;0.00231;0.00026;114.0;114.0;114.0;1.0;0.0;1;-30.0;30.0
2083;1221;0.00091;0.00273;0.00033;114.0;114.0;114.0;1.0;0.0;1;-30.0;30.0
1453;1221;0.00314;0.01355;0.00135;114.0;114.0;114.0;1.0;0.0;1;-30.0;30.0
1119;1453;0.00041;0.00124;0.00013;114.0;114.0;114.0;1.0;0.0;1;-30.0;30.0
1120;1454;0.00041;0.00132;0.00014;114.0;114.0;114.0;1.0;0.0;1;-30.0;30.0
1424;1220;0.00066;0.0024;0.00031;114.0;114.0;114.0;1.0;0.0;1;-30.0;30.0
1589;2112;0.01289;0.04099;0.00439;114.0;114.0;114.0;1.0;0.0;1;-30.0;30.0
1659;1748;0.01942;0.06355;0.00642;69.0;69.0;69.0;1.0;0.0;1;-30.0;30.0
1747;1767;0.02091;0.06826;0.00692;69.0;69.0;69.0;1.0;0.0;1;-30.0;30.0
2047;1644;0.00174;0.00504;0.00052;97.0;97.0;97.0;1.0;0.0;1;-30.0;30.0
1332;1181;0.0076;0.02281;0.00274;114.0;114.0;114.0;1.0;0.0;1;-30.0;30.0
1875;1512;0.00174;0.00504;0.00067;113.0;113.0;113.0;1.0;0.0;1;-30.0;30.0
1257;2135;0.00413;0.01182;0.00159;113.0;113.0;113.0;1.0;0.0;1;-30.0;30.0
1549;1068;0.01248;0.03967;0.00426;114.0;114.0;114.0;1.0;0.0;1;-30.0;30.0
1412;1275;0.00347;0.01008;0.00131;113.0;113.0;113.0;1.0;0.0;1;-30.0;30.0
1957;1412;0.00364;0.01174;0.00124;114.0;114.0;114.0;1.0;0.0;1;-30.0;30.0
1410;1412;0.0;0.00083;1.0e-5;114.0;114.0;114.0;1.0;0.0;1;-30.0;30.0
1738;2145;0.00471;0.01554;0.00157;114.0;114.0;114.0;1.0;0.0;1;-30.0;30.0
2004;1454;0.00446;0.01281;0.00175;113.0;113.0;113.0;1.0;0.0;1;-30.0;30.0
1590;1708;0.02769;0.07157;0.00735;97.0;97.0;97.0;1.0;0.0;1;-30.0;30.0
1067;1733;0.00083;0.00248;0.00032;114.0;114.0;114.0;1.0;0.0;1;-30.0;30.0
1068;1734;0.00083;0.00248;0.00033;114.0;114.0;114.0;1.0;0.0;1;-30.0;30.0
2094;2104;0.00554;0.01711;0.00194;114.0;114.0;114.0;1.0;0.0;1;-30.0;30.0
1814;1869;0.00612;0.01636;0.00185;97.0;97.0;97.0;1.0;0.0;1;-30.0;30.0
1729;1767;0.00314;0.00884;0.00119;112.0;112.0;112.0;1.0;0.0;1;-30.0;30.0
1069;1813;0.00074;0.00223;0.00027;114.0;114.0;114.0;1.0;0.0;1;-30.0;30.0
1070;1814;0.00066;0.00207;0.00025;114.0;114.0;114.0;1.0;0.0;1;-30.0;30.0
1305;1898;0.00033;0.00099;0.00013;114.0;114.0;114.0;1.0;0.0;1;-30.0;30.0
1306;1899;0.00033;0.00091;0.00012;111.0;111.0;111.0;1.0;0.0;1;-30.0;30.0
1505;1067;0.00033;0.00091;0.00012;111.0;111.0;111.0;1.0;0.0;1;-30.0;30.0
1506;1068;0.00041;0.00124;0.00016;114.0;114.0;114.0;1.0;0.0;1;-30.0;30.0
1959;1986;0.0043;0.01256;0.00157;114.0;114.0;114.0;1.0;0.0;1;-30.0;30.0
1250;1256;0.00017;0.0005;7.0e-5;114.0;114.0;114.0;1.0;0.0;1;-30.0;30.0
1251;1257;0.00017;0.00058;7.0e-5;114.0;114.0;114.0;1.0;0.0;1;-30.0;30.0
1243;1221;0.00066;0.00215;0.00022;114.0;114.0;114.0;1.0;0.0;1;-30.0;30.0
1244;1220;0.00066;0.00207;0.00021;114.0;114.0;114.0;1.0;0.0;1;-30.0;30.0
1453;1209;0.00355;0.01149;0.00116;114.0;114.0;114.0;1.0;0.0;1;-30.0;30.0
2023;2019;0.00413;0.01355;0.00136;114.0;114.0;114.0;1.0;0.0;1;-30.0;30.0
1717;1157;0.00479;0.01537;0.00163;114.0;114.0;114.0;1.0;0.0;1;-30.0;30.0
1566;2065;0.00149;0.00479;0.00048;114.0;114.0;114.0;1.0;0.0;1;-30.0;30.0
2149;1611;0.00091;0.00256;0.00033;112.0;112.0;112.0;1.0;0.0;1;-30.0;30.0
1451;2149;0.00463;0.01446;0.00163;114.0;114.0;114.0;1.0;0.0;1;-30.0;30.0
2147;2149;0.0;8.0e-5;0.0;114.0;114.0;114.0;1.0;0.0;1;-30.0;30.0
1142;1609;0.00488;0.01719;0.00191;114.0;114.0;114.0;1.0;0.0;1;-30.0;30.0
2216;2332;0.00064;0.00483;0.00047;123.0;123.0;123.0;1.0;0.0;1;-30.0;30.0
2543;2400;0.03347;0.05893;0.00578;89.0;89.0;89.0;1.0;0.0;1;-30.0;30.0
2680;2400;0.02959;0.05471;0.00503;90.0;90.0;90.0;1.0;0.0;1;-30.0;30.0
2680;2401;0.03306;0.0586;0.00557;90.0;90.0;90.0;1.0;0.0;1;-30.0;30.0
2507;2414;0.04802;0.10264;0.01344;63.0;63.0;63.0;1.0;0.0;1;-30.0;30.0
2414;2166;0.0138;0.02421;0.0023;63.0;63.0;63.0;1.0;0.0;1;-30.0;30.0
2220;2213;0.05636;0.10521;0.01021;90.0;90.0;90.0;1.0;0.0;1;-30.0;30.0
2618;2264;0.05893;0.12397;0.01197;90.0;90.0;90.0;1.0;0.0;1;-30.0;30.0
2215;2204;0.02174;0.05;0.00501;76.0;76.0;76.0;1.0;0.0;1;-30.0;30.0
2368;2204;0.03471;0.06744;0.00663;76.0;76.0;76.0;1.0;0.0;1;-30.0;30.0
2214;2161;0.01971;0.06676;0.00661;122.0;122.0;122.0;1.0;0.0;1;-30.0;30.0
2552;2168;0.02486;0.04348;0.00415;89.0;89.0;89.0;1.0;0.0;1;-30.0;30.0
2518;2206;0.02228;0.07545;0.00747;122.0;122.0;122.0;1.0;0.0;1;-30.0;30.0
2553;2211;0.02521;0.08264;0.00847;120.0;120.0;120.0;1.0;0.0;1;-30.0;30.0
2546;2583;0.02066;0.06686;0.00692;119.0;119.0;119.0;1.0;0.0;1;-30.0;30.0
2358;2407;0.05967;0.10455;0.00995;87.0;87.0;87.0;1.0;0.0;1;-30.0;30.0
2186;2691;0.02711;0.04612;0.00445;88.0;88.0;88.0;1.0;0.0;1;-30.0;30.0
2538;2691;0.03366;0.11402;0.01129;122.0;122.0;122.0;1.0;0.0;1;-30.0;30.0
2671;2427;0.02413;0.07851;0.0082;120.0;120.0;120.0;1.0;0.0;1;-30.0;30.0
2220;2218;0.01835;0.06256;0.00605;122.0;122.0;122.0;1.0;0.0;1;-30.0;30.0
2355;2458;0.02497;0.08457;0.00837;122.0;122.0;122.0;1.0;0.0;1;-30.0;30.0
2620;2541;0.02236;0.07573;0.0075;122.0;122.0;122.0;1.0;0.0;1;-30.0;30.0
2637;2450;0.01654;0.05601;0.00554;122.0;122.0;122.0;1.0;0.0;1;-30.0;30.0
2600;2637;0.02679;0.09072;0.00898;122.0;122.0;122.0;1.0;0.0;1;-30.0;30.0
2600;2235;0.01445;0.04894;0.00484;122.0;122.0;122.0;1.0;0.0;1;-30.0;30.0
2296;2637;0.02042;0.03616;0.00345;90.0;90.0;90.0;1.0;0.0;1;-30.0;30.0
2564;2438;0.03204;0.10852;0.01074;122.0;122.0;122.0;1.0;0.0;1;-30.0;30.0
2566;2478;0.01612;0.05281;0.00541;114.0;114.0;114.0;1.0;0.0;1;-30.0;30.0
2272;2522;0.0166;0.05623;0.00557;10.0;10.0;10.0;1.0;0.0;1;-30.0;30.0
2451;2363;0.10413;0.16851;0.01897;86.0;86.0;86.0;1.0;0.0;1;-30.0;30.0
2452;2636;0.03306;0.04959;0.00605;76.0;76.0;76.0;1.0;0.0;1;-30.0;30.0
2636;2305;0.1;0.16529;0.01822;76.0;76.0;76.0;1.0;0.0;1;-30.0;30.0
2381;2636;0.0157;0.04628;0.00501;76.0;76.0;76.0;1.0;0.0;1;-30.0;30.0
2437;2189;0.0338;0.05537;0.00595;67.0;67.0;67.0;1.0;0.0;1;-30.0;30.0
2437;2276;0.0157;0.04628;0.00501;69.0;69.0;69.0;1.0;0.0;1;-30.0;30.0
2364;2304;0.02893;0.04711;0.0053;86.0;86.0;86.0;1.0;0.0;1;-30.0;30.0
2633;2626;0.00055;0.00182;0.02683;118.0;118.0;118.0;1.0;0.0;1;-30.0;30.0
2560;2190;0.01198;0.04056;0.00401;122.0;122.0;122.0;1.0;0.0;1;-30.0;30.0
2504;2616;0.00266;0.00902;0.00089;122.0;122.0;122.0;1.0;0.0;1;-30.0;30.0
2505;2617;0.00266;0.00902;0.00089;122.0;122.0;122.0;1.0;0.0;1;-30.0;30.0
2614;2305;0.00331;0.00579;0.00061;89.0;89.0;89.0;1.0;0.0;1;-30.0;30.0
2627;2614;0.00992;0.02231;0.00242;90.0;90.0;90.0;1.0;0.0;1;-30.0;30.0
2616;2304;0.02562;0.0438;0.00455;88.0;88.0;88.0;1.0;0.0;1;-30.0;30.0
2616;2190;0.00413;0.00661;0.00073;85.0;85.0;85.0;1.0;0.0;1;-30.0;30.0
2626;2617;0.01818;0.03554;0.0039;90.0;90.0;90.0;1.0;0.0;1;-30.0;30.0
2617;2190;0.00413;0.00661;0.00073;85.0;85.0;85.0;1.0;0.0;1;-30.0;30.0
2657;2448;0.00877;0.02969;0.00294;122.0;122.0;122.0;1.0;0.0;1;-30.0;30.0
2560;2657;0.00445;0.01505;0.00149;122.0;122.0;122.0;1.0;0.0;1;-30.0;30.0
2625;2657;0.00497;0.01683;0.00167;122.0;122.0;122.0;1.0;0.0;1;-30.0;30.0
2500;2189;0.0157;0.04793;0.00515;116.0;116.0;116.0;1.0;0.0;1;-30.0;30.0
2500;2447;0.00744;0.02397;0.00257;119.0;119.0;119.0;1.0;0.0;1;-30.0;30.0
2634;2592;0.0157;0.02727;0.00264;89.0;89.0;89.0;1.0;0.0;1;-30.0;30.0
2624;2447;0.00744;0.02562;0.00278;123.0;123.0;123.0;1.0;0.0;1;-30.0;30.0
2624;2606;0.00165;0.00413;0.00041;106.0;106.0;106.0;1.0;0.0;1;-30.0;30.0
2634;2606;0.00909;0.0281;0.00307;117.0;117.0;117.0;1.0;0.0;1;-30.0;30.0
2607;2448;0.00909;0.02975;0.00319;120.0;120.0;120.0;1.0;0.0;1;-30.0;30.0
2607;2593;0.00909;0.0281;0.00307;117.0;117.0;117.0;1.0;0.0;1;-30.0;30.0
2434;2447;0.02314;0.05868;0.00574;106.0;106.0;106.0;1.0;0.0;1;-30.0;30.0
2570;2448;0.01372;0.04446;0.00439;119.0;119.0;119.0;1.0;0.0;1;-30.0;30.0
2438;2448;0.02231;0.07182;0.00702;119.0;119.0;119.0;1.0;0.0;1;-30.0;30.0
2658;2448;0.02489;0.08432;0.00835;120.0;120.0;120.0;1.0;0.0;1;-30.0;30.0
2604;2658;0.01362;0.04612;0.00457;120.0;120.0;120.0;1.0;0.0;1;-30.0;30.0
2516;2447;0.0295;0.0999;0.00989;122.0;122.0;122.0;1.0;0.0;1;-30.0;30.0
2276;2410;0.00752;0.01256;0.0013;57.0;57.0;57.0;1.0;0.0;1;-30.0;30.0
2570;2407;0.06215;0.10504;0.01058;88.0;88.0;88.0;1.0;0.0;1;-30.0;30.0
2683;2434;0.03967;0.06942;0.00666;89.0;89.0;89.0;1.0;0.0;1;-30.0;30.0
2632;2592;0.00496;0.0157;0.0008;90.0;90.0;90.0;1.0;0.0;1;-30.0;30.0
2646;2190;0.01438;0.02405;0.00249;87.0;87.0;87.0;1.0;0.0;1;-30.0;30.0
2438;2646;0.03876;0.06463;0.00668;87.0;87.0;87.0;1.0;0.0;1;-30.0;30.0
2646;2409;0.01165;0.02124;0.00221;90.0;90.0;90.0;1.0;0.0;1;-30.0;30.0
2270;2305;0.01157;0.01983;0.00194;88.0;88.0;88.0;1.0;0.0;1;-30.0;30.0
2270;2593;0.00794;0.01591;0.00153;90.0;90.0;90.0;1.0;0.0;1;-30.0;30.0
2613;2304;0.00331;0.00579;0.00055;89.0;89.0;89.0;1.0;0.0;1;-30.0;30.0
2613;2460;0.00909;0.01736;0.00165;90.0;90.0;90.0;1.0;0.0;1;-30.0;30.0
2631;2305;0.01157;0.01893;0.00201;86.0;86.0;86.0;1.0;0.0;1;-30.0;30.0
2632;2304;0.01157;0.01893;0.00191;86.0;86.0;86.0;1.0;0.0;1;-30.0;30.0
2632;2269;0.00083;0.00248;0.00027;90.0;90.0;90.0;1.0;0.0;1;-30.0;30.0
2612;2592;0.01523;0.0484;0.00476;118.0;118.0;118.0;1.0;0.0;1;-30.0;30.0
2609;2593;0.01157;0.03636;0.00399;118.0;118.0;118.0;1.0;0.0;1;-30.0;30.0
2608;2611;0.00707;0.02395;0.00237;122.0;122.0;122.0;1.0;0.0;1;-30.0;30.0
2609;2545;0.02562;0.08264;0.00854;119.0;119.0;119.0;1.0;0.0;1;-30.0;30.0
2545;2499;0.02149;0.06942;0.00711;119.0;119.0;119.0;1.0;0.0;1;-30.0;30.0
2459;2592;0.00992;0.01736;0.00172;89.0;89.0;89.0;1.0;0.0;1;-30.0;30.0
2631;2608;0.01983;0.0338;0.00329;88.0;88.0;88.0;1.0;0.0;1;-30.0;30.0
2305;2189;0.02561;0.04415;0.00429;88.0;88.0;88.0;1.0;0.0;1;-30.0;30.0
2660;2304;0.01774;0.0304;0.00298;88.0;88.0;88.0;1.0;0.0;1;-30.0;30.0
2162;2305;0.005;0.00879;0.00084;89.0;89.0;89.0;1.0;0.0;1;-30.0;30.0
2692;2536;0.0281;0.04876;0.00477;89.0;89.0;89.0;1.0;0.0;1;-30.0;30.0
2162;2692;0.023;0.04027;0.00384;89.0;89.0;89.0;1.0;0.0;1;-30.0;30.0
2583;2438;0.02546;0.08496;0.00635;121.0;121.0;121.0;1.0;0.0;1;-30.0;30.0
2253;2377;0.03771;0.12774;0.01265;122.0;122.0;122.0;1.0;0.0;1;-30.0;30.0
2458;2253;0.02896;0.10088;0.00999;124.0;124.0;124.0;1.0;0.0;1;-30.0;30.0
2481;2473;0.08066;0.14207;0.01348;89.0;89.0;89.0;1.0;0.0;1;-30.0;30.0
2610;2220;0.04116;0.10446;0.01043;106.0;106.0;106.0;1.0;0.0;1;-30.0;30.0
2684;2610;0.05808;0.10375;0.00991;90.0;90.0;90.0;1.0;0.0;1;-30.0;30.0
2620;2422;0.02504;0.04289;0.00428;88.0;88.0;88.0;1.0;0.0;1;-30.0;30.0
2569;2540;0.01661;0.0538;0.00557;91.0;91.0;91.0;1.0;0.0;1;-30.0;30.0
2209;2572;0.0157;0.05157;0.00528;120.0;120.0;120.0;1.0;0.0;1;-30.0;30.0
2572;2468;0.02479;0.08132;0.00834;120.0;120.0;120.0;1.0;0.0;1;-30.0;30.0
2645;2377;0.03891;0.06806;0.00649;89.0;89.0;89.0;1.0;0.0;1;-30.0;30.0
2645;2619;0.00102;0.00347;0.00034;90.0;90.0;90.0;1.0;0.0;1;-30.0;30.0
2645;2238;0.03237;0.05888;0.00583;90.0;90.0;90.0;1.0;0.0;1;-30.0;30.0
2417;2227;0.00292;0.00988;0.00098;120.0;120.0;120.0;1.0;0.0;1;-30.0;30.0
2226;2208;0.00603;0.01785;0.00183;114.0;114.0;114.0;1.0;0.0;1;-30.0;30.0
2587;2237;0.04207;0.14132;0.01394;120.0;120.0;120.0;1.0;0.0;1;-30.0;30.0
2587;2192;0.02992;0.10136;0.01003;120.0;120.0;120.0;1.0;0.0;1;-30.0;30.0
2192;2469;0.01165;0.03957;0.00392;91.0;91.0;91.0;1.0;0.0;1;-30.0;30.0
2172;2462;0.00372;0.01248;0.00116;120.0;120.0;120.0;1.0;0.0;1;-30.0;30.0
2198;2207;0.00537;0.01512;0.00153;112.0;112.0;112.0;1.0;0.0;1;-30.0;30.0
2590;2496;0.00413;0.01405;0.00138;122.0;122.0;122.0;1.0;0.0;1;-30.0;30.0
2198;2227;0.00074;0.00231;0.00024;117.0;117.0;117.0;1.0;0.0;1;-30.0;30.0
2673;2501;0.00711;0.01942;0.00201;110.0;110.0;110.0;1.0;0.0;1;-30.0;30.0
2155;2226;0.00499;0.01691;0.00147;122.0;122.0;122.0;1.0;0.0;1;-30.0;30.0
2649;2468;0.01917;0.06388;0.00598;121.0;121.0;121.0;1.0;0.0;1;-30.0;30.0
2649;2494;0.0038;0.01264;0.00119;121.0;121.0;121.0;1.0;0.0;1;-30.0;30.0
2649;2466;0.00116;0.0038;0.00038;120.0;120.0;120.0;1.0;0.0;1;-30.0;30.0
2682;2284;0.01455;0.05314;0.00523;120.0;120.0;120.0;1.0;0.0;1;-30.0;30.0
2406;2630;0.02008;0.06818;0.00674;10.0;10.0;10.0;1.0;0.0;1;-30.0;30.0
2436;2284;0.01711;0.05769;0.00567;122.0;122.0;122.0;1.0;0.0;1;-30.0;30.0
2539;2377;0.03196;0.05589;0.00533;89.0;89.0;89.0;1.0;0.0;1;-30.0;30.0
2539;2295;0.01848;0.03232;0.00308;89.0;89.0;89.0;1.0;0.0;1;-30.0;30.0
2295;2271;0.02901;0.05165;0.00489;90.0;90.0;90.0;1.0;0.0;1;-30.0;30.0
2413;2271;0.01661;0.0295;0.00288;90.0;90.0;90.0;1.0;0.0;1;-30.0;30.0
2494;2463;0.00793;0.02678;0.00264;122.0;122.0;122.0;1.0;0.0;1;-30.0;30.0
2466;2463;0.00864;0.0173;0.00166;90.0;90.0;90.0;1.0;0.0;1;-30.0;30.0
2433;2165;0.0376;0.0676;0.00651;90.0;90.0;90.0;1.0;0.0;1;-30.0;30.0
2467;2300;0.01413;0.04628;0.00475;120.0;120.0;120.0;1.0;0.0;1;-30.0;30.0
2439;2245;0.01;0.03479;0.00317;120.0;120.0;120.0;1.0;0.0;1;-30.0;30.0
2673;2155;0.0061;0.02065;0.00204;122.0;122.0;122.0;1.0;0.0;1;-30.0;30.0
2384;2175;0.02213;0.07514;0.00742;91.0;91.0;91.0;1.0;0.0;1;-30.0;30.0
2508;2175;0.04678;0.05793;0.00462;76.0;76.0;76.0;1.0;0.0;1;-30.0;30.0
2544;2542;0.05388;0.0943;0.00898;89.0;89.0;89.0;1.0;0.0;1;-30.0;30.0
2427;2245;0.0414;0.08355;0.00786;90.0;90.0;90.0;1.0;0.0;1;-30.0;30.0
2490;2461;0.00968;0.03279;0.00325;122.0;122.0;122.0;1.0;0.0;1;-30.0;30.0
2379;2377;0.00033;0.00041;0.0;76.0;76.0;76.0;1.0;0.0;1;-30.0;30.0
2164;2208;0.01165;0.03463;0.00356;90.0;90.0;90.0;1.0;0.0;1;-30.0;30.0
2484;2208;0.02204;0.07467;0.00739;91.0;91.0;91.0;1.0;0.0;1;-30.0;30.0
2228;2484;0.01214;0.04112;0.00407;91.0;91.0;91.0;1.0;0.0;1;-30.0;30.0
2554;2422;0.04033;0.06893;0.00692;88.0;88.0;88.0;1.0;0.0;1;-30.0;30.0
2610;2481;0.03364;0.08545;0.00874;91.0;91.0;91.0;1.0;0.0;1;-30.0;30.0
2651;2468;0.01669;0.03529;0.00341;90.0;90.0;90.0;1.0;0.0;1;-30.0;30.0
2651;2603;0.0576;0.12215;0.01179;90.0;90.0;90.0;1.0;0.0;1;-30.0;30.0
2610;2540;0.03529;0.06033;0.00605;88.0;88.0;88.0;1.0;0.0;1;-30.0;30.0
2260;2377;0.06808;0.1244;0.01294;90.0;90.0;90.0;1.0;0.0;1;-30.0;30.0
2542;2260;0.0043;0.01028;0.00143;90.0;90.0;90.0;1.0;0.0;1;-30.0;30.0
2300;2472;0.01612;0.05405;0.00532;120.0;120.0;120.0;1.0;0.0;1;-30.0;30.0
2620;2397;0.03967;0.06934;0.00663;89.0;89.0;89.0;1.0;0.0;1;-30.0;30.0
2528;2472;0.02397;0.04223;0.00414;89.0;89.0;89.0;1.0;0.0;1;-30.0;30.0
2528;2295;0.04645;0.08174;0.00801;69.0;69.0;69.0;1.0;0.0;1;-30.0;30.0
2185;2473;0.02276;0.0771;0.00763;120.0;120.0;120.0;1.0;0.0;1;-30.0;30.0
2554;2419;0.01124;0.03818;0.00378;120.0;120.0;120.0;1.0;0.0;1;-30.0;30.0
2543;2481;0.02347;0.05785;0.00593;91.0;91.0;91.0;1.0;0.0;1;-30.0;30.0
2466;2469;0.00983;0.03322;0.00328;122.0;122.0;122.0;1.0;0.0;1;-30.0;30.0
2228;2237;0.01393;0.04721;0.00467;91.0;91.0;91.0;1.0;0.0;1;-30.0;30.0
2235;2236;0.00688;0.02328;0.0023;120.0;120.0;120.0;1.0;0.0;1;-30.0;30.0
2544;2397;0.0343;0.06;0.00574;89.0;89.0;89.0;1.0;0.0;1;-30.0;30.0
2384;2377;0.00389;0.01322;0.0013;69.0;69.0;69.0;1.0;0.0;1;-30.0;30.0
2682;2469;0.0605;0.11818;0.01159;90.0;90.0;90.0;1.0;0.0;1;-30.0;30.0
2527;2300;0.00615;0.02083;0.00206;91.0;91.0;91.0;1.0;0.0;1;-30.0;30.0
2569;2527;0.00759;0.02569;0.00254;91.0;91.0;91.0;1.0;0.0;1;-30.0;30.0
2485;2226;0.00519;0.01413;0.00143;110.0;110.0;110.0;1.0;0.0;1;-30.0;30.0
2603;2405;0.06744;0.11802;0.01126;10.0;10.0;10.0;1.0;0.0;1;-30.0;30.0
2185;2439;0.01452;0.04917;0.00487;122.0;122.0;122.0;1.0;0.0;1;-30.0;30.0
2485;2418;0.00182;0.00455;0.00046;91.0;91.0;91.0;1.0;0.0;1;-30.0;30.0
2461;2227;0.00259;0.00876;0.00087;122.0;122.0;122.0;1.0;0.0;1;-30.0;30.0
2467;2491;0.0019;0.00603;0.00061;118.0;118.0;118.0;1.0;0.0;1;-30.0;30.0
2462;2357;0.00174;0.00479;0.00048;110.0;110.0;110.0;1.0;0.0;1;-30.0;30.0
2467;2207;0.00686;0.02198;0.00228;119.0;119.0;119.0;1.0;0.0;1;-30.0;30.0
2514;2433;0.01702;0.05512;0.00571;119.0;119.0;119.0;1.0;0.0;1;-30.0;30.0
2501;2492;0.01028;0.02164;0.0021;90.0;90.0;90.0;1.0;0.0;1;-30.0;30.0
2554;2226;0.01126;0.03814;0.00378;91.0;91.0;91.0;1.0;0.0;1;-30.0;30.0
2652;2490;0.00303;0.01029;0.00102;120.0;120.0;120.0;1.0;0.0;1;-30.0;30.0
2172;2652;0.00617;0.01736;0.00174;112.0;112.0;112.0;1.0;0.0;1;-30.0;30.0
2230;2473;0.00731;0.01279;0.00122;89.0;89.0;89.0;1.0;0.0;1;-30.0;30.0
2495;2472;0.00959;0.02474;0.00251;107.0;107.0;107.0;1.0;0.0;1;-30.0;30.0
2496;2473;0.00959;0.02474;0.00251;107.0;107.0;107.0;1.0;0.0;1;-30.0;30.0
2388;2472;0.01344;0.02383;0.00227;90.0;90.0;90.0;1.0;0.0;1;-30.0;30.0
2388;2493;0.00698;0.01279;0.00098;90.0;90.0;90.0;1.0;0.0;1;-30.0;30.0
2280;2473;0.00574;0.01944;0.00192;122.0;122.0;122.0;1.0;0.0;1;-30.0;30.0
2491;2420;0.00339;0.01099;0.00114;119.0;119.0;119.0;1.0;0.0;1;-30.0;30.0
2420;2227;0.00281;0.00909;0.00094;119.0;119.0;119.0;1.0;0.0;1;-30.0;30.0
2419;2493;0.01475;0.04998;0.00495;90.0;90.0;90.0;1.0;0.0;1;-30.0;30.0
2590;2491;0.00405;0.01339;0.00138;121.0;121.0;121.0;1.0;0.0;1;-30.0;30.0
2684;2209;0.01031;0.01797;0.00171;89.0;89.0;89.0;1.0;0.0;1;-30.0;30.0
2278;2495;0.00202;0.00325;0.02903;86.0;86.0;86.0;1.0;0.0;1;-30.0;30.0
2587;2514;0.0395;0.07231;0.00728;90.0;90.0;90.0;1.0;0.0;1;-30.0;30.0
2485;2205;0.00165;0.00537;0.00055;120.0;120.0;120.0;1.0;0.0;1;-30.0;30.0
2590;2205;0.00182;0.00595;0.00063;120.0;120.0;120.0;1.0;0.0;1;-30.0;30.0
2408;2490;0.00033;0.00041;0.0;76.0;76.0;76.0;1.0;0.0;1;-30.0;30.0
2357;2280;0.00405;0.01331;0.00138;120.0;120.0;120.0;1.0;0.0;1;-30.0;30.0
2231;2493;0.02035;0.03558;0.0034;89.0;89.0;89.0;1.0;0.0;1;-30.0;30.0
2413;2492;0.02272;0.03973;0.00379;89.0;89.0;89.0;1.0;0.0;1;-30.0;30.0
2681;2152;0.00129;0.00374;0.00038;113.0;113.0;113.0;1.0;0.0;1;-30.0;30.0
2191;2681;0.02833;0.07349;0.00745;107.0;107.0;107.0;1.0;0.0;1;-30.0;30.0
2191;2291;0.02967;0.07661;0.00777;107.0;107.0;107.0;1.0;0.0;1;-30.0;30.0
2564;2301;0.02826;0.0957;0.00947;122.0;122.0;122.0;1.0;0.0;1;-30.0;30.0
2446;2244;0.01729;0.05855;0.0058;122.0;122.0;122.0;1.0;0.0;1;-30.0;30.0
2639;2292;0.00702;0.01752;0.00078;105.0;105.0;105.0;1.0;0.0;1;-30.0;30.0
2639;2443;0.02388;0.06711;0.00621;112.0;112.0;112.0;1.0;0.0;1;-30.0;30.0
2639;2370;0.00355;0.00959;0.0008;109.0;109.0;109.0;1.0;0.0;1;-30.0;30.0
2244;2444;0.02737;0.09213;0.00912;122.0;122.0;122.0;1.0;0.0;1;-30.0;30.0
2446;2301;0.01792;0.06144;0.00601;123.0;123.0;123.0;1.0;0.0;1;-30.0;30.0
2358;2444;0.03793;0.09752;0.00999;107.0;107.0;107.0;1.0;0.0;1;-30.0;30.0
2429;2319;0.01322;0.03289;0.00347;105.0;105.0;105.0;1.0;0.0;1;-30.0;30.0
2571;2153;0.00504;0.01413;0.00145;108.0;108.0;108.0;1.0;0.0;1;-30.0;30.0
2389;2679;0.03744;0.09653;0.00989;107.0;107.0;107.0;1.0;0.0;1;-30.0;30.0
2389;2283;0.02017;0.04959;0.00508;105.0;105.0;105.0;1.0;0.0;1;-30.0;30.0
2313;2282;0.01529;0.04967;0.00518;91.0;91.0;91.0;1.0;0.0;1;-30.0;30.0
2196;2320;0.03331;0.07982;0.00783;103.0;103.0;103.0;1.0;0.0;1;-30.0;30.0
2638;2449;0.03814;0.06671;0.00636;81.0;81.0;81.0;1.0;0.0;1;-30.0;30.0
2297;2638;0.00069;0.00235;0.00023;81.0;81.0;81.0;1.0;0.0;1;-30.0;30.0
2317;2638;8.0e-5;0.00014;1.0e-5;81.0;81.0;81.0;1.0;0.0;1;-30.0;30.0
2281;2450;0.01364;0.0238;0.00227;69.0;69.0;69.0;1.0;0.0;1;-30.0;30.0
2294;2450;0.00868;0.01512;0.00145;69.0;69.0;69.0;1.0;0.0;1;-30.0;30.0
2450;2320;0.00537;0.01545;0.00181;113.0;113.0;113.0;1.0;0.0;1;-30.0;30.0
2323;2282;0.02843;0.05207;0.00498;87.0;87.0;87.0;1.0;0.0;1;-30.0;30.0
2503;2323;0.02843;0.05207;0.00498;87.0;87.0;87.0;1.0;0.0;1;-30.0;30.0
2440;2444;0.00388;0.00669;0.00063;87.0;87.0;87.0;1.0;0.0;1;-30.0;30.0
2442;2443;0.0076;0.01802;0.00179;87.0;87.0;87.0;1.0;0.0;1;-30.0;30.0
2541;2196;0.01169;0.03957;0.00392;122.0;122.0;122.0;1.0;0.0;1;-30.0;30.0
2589;2449;0.00397;0.02917;0.00283;176.0;176.0;176.0;1.0;0.0;1;-30.0;30.0
2588;2267;0.00099;0.00793;0.00077;171.0;171.0;171.0;1.0;0.0;1;-30.0;30.0
2374;2156;0.03397;0.0862;0.00875;106.0;106.0;106.0;1.0;0.0;1;-30.0;30.0
2267;2321;0.0005;0.00397;0.00056;160.0;160.0;160.0;1.0;0.0;1;-30.0;30.0
2154;2152;0.01627;0.02831;0.0027;69.0;69.0;69.0;1.0;0.0;1;-30.0;30.0
2329;2310;0.00909;0.02645;0.00269;111.0;111.0;111.0;1.0;0.0;1;-30.0;30.0
2318;2152;0.03198;0.08107;0.00828;106.0;106.0;106.0;1.0;0.0;1;-30.0;30.0
2365;2318;0.00692;0.01922;0.00194;111.0;111.0;111.0;1.0;0.0;1;-30.0;30.0
2289;2291;0.00504;0.01421;0.0015;112.0;112.0;112.0;1.0;0.0;1;-30.0;30.0
2158;2365;0.01395;0.03998;0.00401;111.0;111.0;111.0;1.0;0.0;1;-30.0;30.0
2329;2158;0.01657;0.0489;0.0049;111.0;111.0;111.0;1.0;0.0;1;-30.0;30.0
2283;2282;0.0038;0.01215;0.00123;119.0;119.0;119.0;1.0;0.0;1;-30.0;30.0
2435;2444;0.01793;0.05818;0.00603;119.0;119.0;119.0;1.0;0.0;1;-30.0;30.0
2503;2443;0.06438;0.1138;0.01096;81.0;81.0;81.0;1.0;0.0;1;-30.0;30.0
2358;2356;0.0024;0.00413;0.00039;88.0;88.0;88.0;1.0;0.0;1;-30.0;30.0
2285;2153;0.01471;0.03736;0.00382;102.0;102.0;102.0;1.0;0.0;1;-30.0;30.0
2347;2285;0.02504;0.06364;0.00724;102.0;102.0;102.0;1.0;0.0;1;-30.0;30.0
2442;2441;0.01661;0.02917;0.00278;77.0;77.0;77.0;1.0;0.0;1;-30.0;30.0
2546;2435;0.01438;0.04653;0.00481;119.0;119.0;119.0;1.0;0.0;1;-30.0;30.0
2594;2429;0.03669;0.0943;0.00985;102.0;102.0;102.0;1.0;0.0;1;-30.0;30.0
2615;2302;0.02983;0.05463;0.00552;87.0;87.0;87.0;1.0;0.0;1;-30.0;30.0
2369;2212;0.00302;0.01;0.00102;121.0;121.0;121.0;1.0;0.0;1;-30.0;30.0
2293;2212;0.00161;0.00529;0.00054;120.0;120.0;120.0;1.0;0.0;1;-30.0;30.0
2293;2289;0.01645;0.04298;0.00443;108.0;108.0;108.0;1.0;0.0;1;-30.0;30.0
2455;2319;0.01033;0.03405;0.00348;114.0;114.0;114.0;1.0;0.0;1;-30.0;30.0
2594;2571;0.02289;0.06215;0.00636;102.0;102.0;102.0;1.0;0.0;1;-30.0;30.0
2356;2314;0.01752;0.05438;0.00564;91.0;91.0;91.0;1.0;0.0;1;-30.0;30.0
2511;2455;0.01463;0.04793;0.00491;120.0;120.0;120.0;1.0;0.0;1;-30.0;30.0
2563;2511;0.02207;0.07149;0.00747;119.0;119.0;119.0;1.0;0.0;1;-30.0;30.0
2563;2293;0.0176;0.05694;0.00575;119.0;119.0;119.0;1.0;0.0;1;-30.0;30.0
2534;2319;0.01603;0.04074;0.00411;106.0;106.0;106.0;1.0;0.0;1;-30.0;30.0
2421;2319;0.00975;0.03207;0.00329;108.0;108.0;108.0;1.0;0.0;1;-30.0;30.0
2679;2421;0.03488;0.09488;0.00972;108.0;108.0;108.0;1.0;0.0;1;-30.0;30.0
2358;2355;0.00653;0.02207;0.00216;91.0;91.0;91.0;1.0;0.0;1;-30.0;30.0
2534;2374;0.01355;0.03446;0.0035;106.0;106.0;106.0;1.0;0.0;1;-30.0;30.0
2368;2213;0.04669;0.09545;0.00939;76.0;76.0;76.0;1.0;0.0;1;-30.0;30.0
2350;2214;0.03397;0.05942;0.00567;89.0;89.0;89.0;1.0;0.0;1;-30.0;30.0
2532;2239;0.02736;0.09182;0.00907;90.0;90.0;90.0;1.0;0.0;1;-30.0;30.0
2551;2240;0.02719;0.08793;0.0091;119.0;119.0;119.0;1.0;0.0;1;-30.0;30.0
2350;2257;0.02967;0.04926;0.00486;87.0;87.0;87.0;1.0;0.0;1;-30.0;30.0
2551;2218;0.02521;0.08182;0.00917;119.0;119.0;119.0;1.0;0.0;1;-30.0;30.0
2647;2275;0.05945;0.10398;0.00992;76.0;76.0;76.0;1.0;0.0;1;-30.0;30.0
2166;2647;0.01877;0.03282;0.00313;76.0;76.0;76.0;1.0;0.0;1;-30.0;30.0
2415;2647;0.02111;0.0715;0.00708;76.0;76.0;76.0;1.0;0.0;1;-30.0;30.0
2644;2239;0.02473;0.054;0.00523;90.0;90.0;90.0;1.0;0.0;1;-30.0;30.0
2553;2644;0.05383;0.11001;0.01061;90.0;90.0;90.0;1.0;0.0;1;-30.0;30.0
2391;2644;0.00257;0.00449;0.00043;89.0;89.0;89.0;1.0;0.0;1;-30.0;30.0
2275;2239;0.0014;0.00463;0.00046;76.0;76.0;76.0;1.0;0.0;1;-30.0;30.0
2519;2518;0.02661;0.08661;0.00899;120.0;120.0;120.0;1.0;0.0;1;-30.0;30.0
2532;2401;0.02198;0.0738;0.00736;90.0;90.0;90.0;1.0;0.0;1;-30.0;30.0
2643;2240;0.03224;0.06998;0.00678;90.0;90.0;90.0;1.0;0.0;1;-30.0;30.0
2643;2623;0.06617;0.11573;0.01104;89.0;89.0;89.0;1.0;0.0;1;-30.0;30.0
2659;2350;0.0165;0.05588;0.00553;90.0;90.0;90.0;1.0;0.0;1;-30.0;30.0
2390;2643;0.00198;0.00345;0.00033;89.0;89.0;89.0;1.0;0.0;1;-30.0;30.0
2623;2659;0.01442;0.02521;0.00241;89.0;89.0;89.0;1.0;0.0;1;-30.0;30.0
2519;2257;0.03149;0.05215;0.00515;76.0;76.0;76.0;1.0;0.0;1;-30.0;30.0
2252;2239;0.0104;0.03704;0.00282;90.0;90.0;90.0;1.0;0.0;1;-30.0;30.0
2250;2252;0.00375;0.00656;0.00063;89.0;89.0;89.0;1.0;0.0;1;-30.0;30.0
2256;2240;0.00415;0.00726;0.00069;89.0;89.0;89.0;1.0;0.0;1;-30.0;30.0
2243;2256;0.00652;0.0114;0.00109;89.0;89.0;89.0;1.0;0.0;1;-30.0;30.0
2210;2411;0.01983;0.05504;0.00595;76.0;76.0;76.0;1.0;0.0;1;-30.0;30.0
2655;2565;0.01093;0.03048;0.00307;111.0;111.0;111.0;1.0;0.0;1;-30.0;30.0
2210;2655;0.00375;0.01025;0.00103;110.0;110.0;110.0;1.0;0.0;1;-30.0;30.0
2672;2655;0.00383;0.00669;0.00064;89.0;89.0;89.0;1.0;0.0;1;-30.0;30.0
2693;2489;0.01173;0.03052;0.00303;90.0;90.0;90.0;1.0;0.0;1;-30.0;30.0
2693;2412;0.04023;0.10277;0.01021;90.0;90.0;90.0;1.0;0.0;1;-30.0;30.0
2562;2412;0.0286;0.05322;0.00515;76.0;76.0;76.0;1.0;0.0;1;-30.0;30.0
2184;2216;9.0e-5;0.00069;7.0e-5;137.0;137.0;137.0;1.0;0.0;1;-30.0;30.0
2247;2184;0.00555;0.01818;0.00186;120.0;120.0;120.0;1.0;0.0;1;-30.0;30.0
2488;2233;0.0256;0.0784;0.00806;90.0;90.0;90.0;1.0;0.0;1;-30.0;30.0
2255;2489;0.00661;0.01826;0.00194;111.0;111.0;111.0;1.0;0.0;1;-30.0;30.0
2567;2233;0.0096;0.02474;0.00251;69.0;69.0;69.0;1.0;0.0;1;-30.0;30.0
2530;2233;0.00628;0.01058;0.00108;88.0;88.0;88.0;1.0;0.0;1;-30.0;30.0
2674;2234;0.01777;0.03157;0.00301;90.0;90.0;90.0;1.0;0.0;1;-30.0;30.0
2395;2412;0.02706;0.09164;0.00907;90.0;90.0;90.0;1.0;0.0;1;-30.0;30.0
2430;2395;0.02078;0.03802;0.00364;90.0;90.0;90.0;1.0;0.0;1;-30.0;30.0
2430;2229;0.04152;0.07429;0.0071;76.0;76.0;76.0;1.0;0.0;1;-30.0;30.0
2229;2512;0.05017;0.08774;0.00837;89.0;89.0;89.0;1.0;0.0;1;-30.0;30.0
2562;2215;0.04463;0.09421;0.00963;90.0;90.0;90.0;1.0;0.0;1;-30.0;30.0
2622;2512;0.02479;0.08041;0.00832;76.0;76.0;76.0;1.0;0.0;1;-30.0;30.0
2399;2512;0.03769;0.06554;0.00624;89.0;89.0;89.0;1.0;0.0;1;-30.0;30.0
2399;2241;0.06537;0.11488;0.01096;89.0;89.0;89.0;1.0;0.0;1;-30.0;30.0
2247;2210;0.02058;0.0676;0.00569;120.0;120.0;120.0;1.0;0.0;1;-30.0;30.0
2664;2480;0.01314;0.02554;0.00246;90.0;90.0;90.0;1.0;0.0;1;-30.0;30.0
2424;2568;0.01947;0.06595;0.00653;34.0;34.0;34.0;1.0;0.0;1;-30.0;30.0
2591;2193;0.02182;0.07107;0.00737;120.0;120.0;120.0;1.0;0.0;1;-30.0;30.0
2582;2489;0.00486;0.01645;0.00163;120.0;120.0;120.0;1.0;0.0;1;-30.0;30.0
2163;2488;0.00228;0.00772;0.00076;120.0;120.0;120.0;1.0;0.0;1;-30.0;30.0
2416;2513;0.02306;0.05736;0.00587;76.0;76.0;76.0;1.0;0.0;1;-30.0;30.0
2371;2234;0.00389;0.01319;0.00131;120.0;120.0;120.0;1.0;0.0;1;-30.0;30.0
2163;2371;0.01011;0.03425;0.00339;122.0;122.0;122.0;1.0;0.0;1;-30.0;30.0
2425;2233;0.0078;0.02641;0.00262;120.0;120.0;120.0;1.0;0.0;1;-30.0;30.0
2582;2425;0.00317;0.01073;0.00106;120.0;120.0;120.0;1.0;0.0;1;-30.0;30.0
2565;2488;0.00595;0.02016;0.002;76.0;76.0;76.0;1.0;0.0;1;-30.0;30.0
2479;2255;0.01289;0.03372;0.00333;108.0;108.0;108.0;1.0;0.0;1;-30.0;30.0
2315;2513;0.03397;0.0581;0.00559;82.0;82.0;82.0;1.0;0.0;1;-30.0;30.0
2315;2232;0.06926;0.12157;0.01174;89.0;89.0;89.0;1.0;0.0;1;-30.0;30.0
2664;2241;0.03983;0.06967;0.00666;89.0;89.0;89.0;1.0;0.0;1;-30.0;30.0
2622;2558;0.00752;0.01835;0.00196;90.0;90.0;90.0;1.0;0.0;1;-30.0;30.0
2561;2559;0.00752;0.01835;0.00196;90.0;90.0;90.0;1.0;0.0;1;-30.0;30.0
2568;2232;0.01818;0.05884;0.00612;119.0;119.0;119.0;1.0;0.0;1;-30.0;30.0
2480;2210;0.00926;0.0186;0.00181;76.0;76.0;76.0;1.0;0.0;1;-30.0;30.0
2507;2411;0.06942;0.1405;0.01368;63.0;63.0;63.0;1.0;0.0;1;-30.0;30.0
2561;2416;0.01107;0.02744;0.00281;105.0;105.0;105.0;1.0;0.0;1;-30.0;30.0
2591;2216;0.01289;0.04198;0.00436;120.0;120.0;120.0;1.0;0.0;1;-30.0;30.0
2529;2398;0.00802;0.02174;0.0022;90.0;90.0;90.0;1.0;0.0;1;-30.0;30.0
2398;2234;0.00843;0.02298;0.00232;90.0;90.0;90.0;1.0;0.0;1;-30.0;30.0
2385;2411;0.02264;0.07355;0.00762;120.0;120.0;120.0;1.0;0.0;1;-30.0;30.0
2193;2161;0.0318;0.07979;0.00779;106.0;106.0;106.0;1.0;0.0;1;-30.0;30.0
2195;2412;0.05033;0.13388;0.01203;72.0;72.0;72.0;1.0;0.0;1;-30.0;30.0
2595;2195;0.02851;0.09843;0.00896;120.0;120.0;120.0;1.0;0.0;1;-30.0;30.0
2513;2411;0.0343;0.24545;0.02408;120.0;120.0;120.0;1.0;0.0;1;-30.0;30.0
2674;2479;0.00818;0.02149;0.00212;108.0;108.0;108.0;1.0;0.0;1;-30.0;30.0
2375;2668;0.04876;0.06942;0.01254;81.0;81.0;81.0;1.0;0.0;1;-30.0;30.0
2506;2669;0.01979;0.03629;0.00348;90.0;90.0;90.0;1.0;0.0;1;-30.0;30.0
2635;2669;0.02364;0.05992;0.00618;106.0;106.0;106.0;1.0;0.0;1;-30.0;30.0
2656;2225;0.00044;0.00112;0.00011;90.0;90.0;90.0;1.0;0.0;1;-30.0;30.0
2635;2656;0.00246;0.00659;0.00067;90.0;90.0;90.0;1.0;0.0;1;-30.0;30.0
2170;2635;0.00405;0.01306;0.00136;119.0;119.0;119.0;1.0;0.0;1;-30.0;30.0
2666;2669;0.02231;0.07557;0.00748;122.0;122.0;122.0;1.0;0.0;1;-30.0;30.0
2536;2668;0.02835;0.09504;0.00937;121.0;121.0;121.0;1.0;0.0;1;-30.0;30.0
2431;2668;0.03025;0.10165;0.01002;120.0;120.0;120.0;1.0;0.0;1;-30.0;30.0
2686;2557;0.0157;0.02727;0.00286;69.0;69.0;69.0;1.0;0.0;1;-30.0;30.0
2586;2464;0.01201;0.02671;0.00259;100.0;100.0;100.0;1.0;0.0;1;-30.0;30.0
2585;2556;0.01127;0.02548;0.00247;90.0;90.0;90.0;1.0;0.0;1;-30.0;30.0
2537;2556;0.0081;0.02742;0.00272;120.0;120.0;120.0;1.0;0.0;1;-30.0;30.0
2549;2556;0.02975;0.04207;0.00404;69.0;69.0;69.0;1.0;0.0;1;-30.0;30.0
2502;2557;0.04959;0.08678;0.009;69.0;69.0;69.0;1.0;0.0;1;-30.0;30.0
2502;2452;0.04207;0.07025;0.00733;69.0;69.0;69.0;1.0;0.0;1;-30.0;30.0
2170;2557;0.03898;0.10313;0.01043;108.0;108.0;108.0;1.0;0.0;1;-30.0;30.0
2525;2556;0.01467;0.0404;0.00628;110.0;110.0;110.0;1.0;0.0;1;-30.0;30.0
2549;2286;0.05124;0.08182;0.00949;85.0;85.0;85.0;1.0;0.0;1;-30.0;30.0
2159;2173;0.00661;0.01983;0.0023;115.0;115.0;115.0;1.0;0.0;1;-30.0;30.0
2456;2556;0.01405;0.02727;0.00278;90.0;90.0;90.0;1.0;0.0;1;-30.0;30.0
2456;2174;0.02479;0.04298;0.00423;89.0;89.0;89.0;1.0;0.0;1;-30.0;30.0
2394;2173;0.03223;0.05537;0.00307;88.0;88.0;88.0;1.0;0.0;1;-30.0;30.0
2159;2557;0.01762;0.04135;0.00402;90.0;90.0;90.0;1.0;0.0;1;-30.0;30.0
2464;2174;0.01135;0.03509;0.00346;117.0;117.0;117.0;1.0;0.0;1;-30.0;30.0
2597;2174;0.00992;0.02066;0.00218;91.0;91.0;91.0;1.0;0.0;1;-30.0;30.0
2290;2174;0.01753;0.05936;0.00588;122.0;122.0;122.0;1.0;0.0;1;-30.0;30.0
2517;2597;0.00992;0.02314;0.00261;91.0;91.0;91.0;1.0;0.0;1;-30.0;30.0
2517;2432;0.0338;0.08099;0.00927;91.0;91.0;91.0;1.0;0.0;1;-30.0;30.0
2533;2248;0.0281;0.08926;0.00924;114.0;114.0;114.0;1.0;0.0;1;-30.0;30.0
2396;2248;0.01405;0.04463;0.0046;118.0;118.0;118.0;1.0;0.0;1;-30.0;30.0
2533;2432;0.01818;0.04132;0.00465;101.0;101.0;101.0;1.0;0.0;1;-30.0;30.0
2396;2173;0.01157;0.0281;0.00286;104.0;104.0;104.0;1.0;0.0;1;-30.0;30.0
2533;2298;0.02479;0.03471;0.00419;80.0;80.0;80.0;1.0;0.0;1;-30.0;30.0
2187;2299;0.03793;0.06612;0.00641;89.0;89.0;89.0;1.0;0.0;1;-30.0;30.0
2221;2299;0.03853;0.06806;0.0065;89.0;89.0;89.0;1.0;0.0;1;-30.0;30.0
2360;2221;0.02515;0.0455;0.00437;91.0;91.0;91.0;1.0;0.0;1;-30.0;30.0
2375;2187;0.01405;0.04463;0.00484;118.0;118.0;118.0;1.0;0.0;1;-30.0;30.0
2584;2656;0.00775;0.02625;0.0026;90.0;90.0;90.0;1.0;0.0;1;-30.0;30.0
2273;2537;0.00826;0.01653;0.00194;95.0;95.0;95.0;1.0;0.0;1;-30.0;30.0
2224;2525;0.03764;0.09704;0.00984;107.0;107.0;107.0;1.0;0.0;1;-30.0;30.0
2272;2687;0.01676;0.05678;0.00562;120.0;120.0;120.0;1.0;0.0;1;-30.0;30.0
2367;2669;0.01335;0.0452;0.00447;120.0;120.0;120.0;1.0;0.0;1;-30.0;30.0
2678;2403;0.01317;0.0446;0.00442;122.0;122.0;122.0;1.0;0.0;1;-30.0;30.0
2628;2168;0.02744;0.10017;0.00953;90.0;90.0;90.0;1.0;0.0;1;-30.0;30.0
2629;2203;0.0062;0.02008;0.00293;90.0;90.0;90.0;1.0;0.0;1;-30.0;30.0
2169;2403;0.05489;0.14743;0.01489;109.0;109.0;109.0;1.0;0.0;1;-30.0;30.0
2167;2404;0.04902;0.12753;0.01292;108.0;108.0;108.0;1.0;0.0;1;-30.0;30.0
2580;2403;0.00514;0.03512;0.0079;170.0;170.0;170.0;1.0;0.0;1;-30.0;30.0
2581;2404;0.00514;0.03512;0.0079;170.0;170.0;170.0;1.0;0.0;1;-30.0;30.0
2372;2403;0.03223;0.07769;0.0044;104.0;104.0;104.0;1.0;0.0;1;-30.0;30.0
2182;2404;0.02727;0.0686;0.00666;106.0;106.0;106.0;1.0;0.0;1;-30.0;30.0
2576;2574;0.00331;0.00992;0.00099;115.0;115.0;115.0;1.0;0.0;1;-30.0;30.0
2573;2581;0.00413;0.00909;0.00094;99.0;99.0;99.0;1.0;0.0;1;-30.0;30.0
2576;2580;0.00413;0.00992;0.00099;104.0;104.0;104.0;1.0;0.0;1;-30.0;30.0
2577;2580;0.00413;0.01074;0.00099;108.0;108.0;108.0;1.0;0.0;1;-30.0;30.0
2577;2575;0.00413;0.01157;0.00104;111.0;111.0;111.0;1.0;0.0;1;-30.0;30.0
2335;2169;0.01074;0.03471;0.00356;114.0;114.0;114.0;1.0;0.0;1;-30.0;30.0
2602;2167;0.00945;0.02846;0.0028;90.0;90.0;90.0;1.0;0.0;1;-30.0;30.0
2601;2169;0.00451;0.01529;0.00151;122.0;122.0;122.0;1.0;0.0;1;-30.0;30.0
2169;2168;0.0065;0.02202;0.00218;120.0;120.0;120.0;1.0;0.0;1;-30.0;30.0
2483;2203;0.01319;0.04467;0.00442;122.0;122.0;122.0;1.0;0.0;1;-30.0;30.0
2678;2483;0.0126;0.04265;0.00422;122.0;122.0;122.0;1.0;0.0;1;-30.0;30.0
2393;2372;0.02562;0.07851;0.00842;116.0;116.0;116.0;1.0;0.0;1;-30.0;30.0
2510;2393;0.0124;0.04132;0.00419;120.0;120.0;120.0;1.0;0.0;1;-30.0;30.0
2183;2199;0.03669;0.09165;0.0094;105.0;105.0;105.0;1.0;0.0;1;-30.0;30.0
2598;2288;0.00661;0.0157;0.00165;103.0;103.0;103.0;1.0;0.0;1;-30.0;30.0
2287;2199;0.00592;0.01857;0.00199;90.0;90.0;90.0;1.0;0.0;1;-30.0;30.0
2598;2199;0.00157;0.00512;0.00053;120.0;120.0;120.0;1.0;0.0;1;-30.0;30.0
2599;2199;0.00153;0.00493;0.0005;119.0;119.0;119.0;1.0;0.0;1;-30.0;30.0
2287;2279;0.00579;0.01322;0.00138;90.0;90.0;90.0;1.0;0.0;1;-30.0;30.0
2324;2199;0.02719;0.04917;0.00478;90.0;90.0;90.0;1.0;0.0;1;-30.0;30.0
2453;2199;0.0129;0.02274;0.0022;89.0;89.0;89.0;1.0;0.0;1;-30.0;30.0
2454;2199;0.01204;0.02472;0.00244;90.0;90.0;90.0;1.0;0.0;1;-30.0;30.0
2402;2279;0.02893;0.05124;0.00469;90.0;90.0;90.0;1.0;0.0;1;-30.0;30.0
2402;2394;0.0157;0.02727;0.00252;89.0;89.0;89.0;1.0;0.0;1;-30.0;30.0
2324;2290;0.01893;0.0595;0.00656;118.0;118.0;118.0;1.0;0.0;1;-30.0;30.0
2394;2290;0.01405;0.02314;0.00232;87.0;87.0;87.0;1.0;0.0;1;-30.0;30.0
2373;2290;0.009;0.03048;0.00302;69.0;69.0;69.0;1.0;0.0;1;-30.0;30.0
2576;2579;0.00909;0.0314;0.00327;123.0;123.0;123.0;1.0;0.0;1;-30.0;30.0
2577;2578;0.0124;0.0405;0.00416;120.0;120.0;120.0;1.0;0.0;1;-30.0;30.0
2531;2453;0.00636;0.02155;0.00213;91.0;91.0;91.0;1.0;0.0;1;-30.0;30.0
2311;2487;0.01028;0.01795;0.00171;89.0;89.0;89.0;1.0;0.0;1;-30.0;30.0
2307;2486;0.01334;0.0339;0.00343;106.0;106.0;106.0;1.0;0.0;1;-30.0;30.0
2648;2487;0.01249;0.03219;0.00326;90.0;90.0;90.0;1.0;0.0;1;-30.0;30.0
2308;2648;0.0006;0.00103;0.0001;88.0;88.0;88.0;1.0;0.0;1;-30.0;30.0
2641;2648;0.00435;0.0076;0.00073;89.0;89.0;89.0;1.0;0.0;1;-30.0;30.0
2362;2641;0.0004;0.00069;7.0e-5;88.0;88.0;88.0;1.0;0.0;1;-30.0;30.0
2650;2641;0.00221;0.00746;0.00074;90.0;90.0;90.0;1.0;0.0;1;-30.0;30.0
2547;2650;0.0085;0.01485;0.00142;89.0;89.0;89.0;1.0;0.0;1;-30.0;30.0
2498;2650;0.0082;0.02777;0.00275;90.0;90.0;90.0;1.0;0.0;1;-30.0;30.0
2325;2486;0.00257;0.00449;0.00043;89.0;89.0;89.0;1.0;0.0;1;-30.0;30.0
2306;2312;0.00455;0.01263;0.00127;111.0;111.0;111.0;1.0;0.0;1;-30.0;30.0
2326;2486;0.00257;0.00449;0.00043;89.0;89.0;89.0;1.0;0.0;1;-30.0;30.0
2338;2343;0.01176;0.02107;0.00202;90.0;90.0;90.0;1.0;0.0;1;-30.0;30.0
2327;2487;0.00257;0.00449;0.00043;89.0;89.0;89.0;1.0;0.0;1;-30.0;30.0
2338;2341;0.01803;0.06109;0.00605;90.0;90.0;90.0;1.0;0.0;1;-30.0;30.0
2477;2487;0.00154;0.00521;0.00052;122.0;122.0;122.0;1.0;0.0;1;-30.0;30.0
2337;2487;0.00248;0.00661;0.00068;109.0;109.0;109.0;1.0;0.0;1;-30.0;30.0
2336;2486;0.00248;0.00661;0.00068;109.0;109.0;109.0;1.0;0.0;1;-30.0;30.0
2477;2351;0.00697;0.0236;0.00234;122.0;122.0;122.0;1.0;0.0;1;-30.0;30.0
2344;2487;0.00277;0.00937;0.00093;120.0;120.0;120.0;1.0;0.0;1;-30.0;30.0
2343;2486;0.00277;0.00937;0.00093;120.0;120.0;120.0;1.0;0.0;1;-30.0;30.0
2474;2487;0.00012;0.0004;4.0e-5;121.0;121.0;121.0;1.0;0.0;1;-30.0;30.0
2475;2486;0.0001;0.00031;3.0e-5;117.0;117.0;117.0;1.0;0.0;1;-30.0;30.0
2339;2487;0.00579;0.01818;0.00186;118.0;118.0;118.0;1.0;0.0;1;-30.0;30.0
2642;2202;0.0207;0.07012;0.00694;122.0;122.0;122.0;1.0;0.0;1;-30.0;30.0
2382;2642;0.00349;0.0118;0.00117;122.0;122.0;122.0;1.0;0.0;1;-30.0;30.0
2380;2642;0.00615;0.02083;0.00206;122.0;122.0;122.0;1.0;0.0;1;-30.0;30.0
2604;2523;0.02479;0.07686;0.00835;117.0;117.0;117.0;1.0;0.0;1;-30.0;30.0
2258;2524;0.02893;0.08843;0.00973;116.0;116.0;116.0;1.0;0.0;1;-30.0;30.0
2333;2309;0.00676;0.02291;0.00227;120.0;120.0;120.0;1.0;0.0;1;-30.0;30.0
2333;2342;0.00369;0.0125;0.00124;122.0;122.0;122.0;1.0;0.0;1;-30.0;30.0
2336;2342;0.00522;0.0177;0.00175;122.0;122.0;122.0;1.0;0.0;1;-30.0;30.0
2640;2487;0.00061;0.00208;0.00021;120.0;120.0;120.0;1.0;0.0;1;-30.0;30.0
2328;2640;0.00102;0.00347;0.00034;120.0;120.0;120.0;1.0;0.0;1;-30.0;30.0
2331;2640;0.00431;0.01388;0.00116;119.0;119.0;119.0;1.0;0.0;1;-30.0;30.0
2354;2486;0.00942;0.03193;0.00316;120.0;120.0;120.0;1.0;0.0;1;-30.0;30.0
2353;2330;0.00645;0.02187;0.00216;120.0;120.0;120.0;1.0;0.0;1;-30.0;30.0
2197;2334;0.02439;0.06359;0.01204;108.0;108.0;108.0;1.0;0.0;1;-30.0;30.0
2689;2452;0.01902;0.04153;0.00864;90.0;90.0;90.0;1.0;0.0;1;-30.0;30.0
2510;2334;0.00579;0.01893;0.00191;76.0;76.0;76.0;1.0;0.0;1;-30.0;30.0
2383;2452;0.0157;0.02562;0.00227;86.0;86.0;86.0;1.0;0.0;1;-30.0;30.0
2383;2382;0.00826;0.0124;0.00128;83.0;83.0;83.0;1.0;0.0;1;-30.0;30.0
2688;2451;0.02209;0.05774;0.00565;76.0;76.0;76.0;1.0;0.0;1;-30.0;30.0
2265;2451;0.00435;0.0076;0.00072;69.0;69.0;69.0;1.0;0.0;1;-30.0;30.0
2266;2452;0.00435;0.0076;0.00072;69.0;69.0;69.0;1.0;0.0;1;-30.0;30.0
2286;2451;0.04628;0.07686;0.00755;76.0;76.0;76.0;1.0;0.0;1;-30.0;30.0
2261;2691;0.00245;0.00833;0.00083;114.0;114.0;114.0;1.0;0.0;1;-30.0;30.0
2262;2690;0.00245;0.00833;0.00083;114.0;114.0;114.0;1.0;0.0;1;-30.0;30.0
2180;2691;0.00661;0.00909;0.00116;79.0;79.0;79.0;1.0;0.0;1;-30.0;30.0
2685;2180;0.00744;0.02397;0.00244;119.0;119.0;119.0;1.0;0.0;1;-30.0;30.0
2349;2346;0.00359;0.01215;0.0012;120.0;120.0;120.0;1.0;0.0;1;-30.0;30.0
2263;2691;0.00496;0.01488;0.00167;115.0;115.0;115.0;1.0;0.0;1;-30.0;30.0
2264;2690;0.00496;0.01488;0.00167;115.0;115.0;115.0;1.0;0.0;1;-30.0;30.0
2653;2690;0.00615;0.02083;0.0023;120.0;120.0;120.0;1.0;0.0;1;-30.0;30.0
2352;2653;0.00769;0.02603;0.00258;120.0;120.0;120.0;1.0;0.0;1;-30.0;30.0
2348;2653;0.00031;0.00104;0.0001;120.0;120.0;120.0;1.0;0.0;1;-30.0;30.0
2346;2691;0.00909;0.02727;0.0029;115.0;115.0;115.0;1.0;0.0;1;-30.0;30.0
2353;2345;0.00992;0.03058;0.00329;117.0;117.0;117.0;1.0;0.0;1;-30.0;30.0
2478;2690;0.02479;0.08008;0.0083;114.0;114.0;114.0;1.0;0.0;1;-30.0;30.0
2176;2691;0.01499;0.03154;0.0031;90.0;90.0;90.0;1.0;0.0;1;-30.0;30.0
2259;2690;0.04298;0.10248;0.0105;90.0;90.0;90.0;1.0;0.0;1;-30.0;30.0
2685;2341;0.00287;0.00972;0.00096;114.0;114.0;114.0;1.0;0.0;1;-30.0;30.0
2452;2201;0.03719;0.11901;0.0122;114.0;114.0;114.0;1.0;0.0;1;-30.0;30.0
2197;2202;0.06463;0.10992;0.01059;88.0;88.0;88.0;1.0;0.0;1;-30.0;30.0
2194;2201;0.03322;0.05661;0.00545;88.0;88.0;88.0;1.0;0.0;1;-30.0;30.0
2361;2202;0.01783;0.06021;0.00596;120.0;120.0;120.0;1.0;0.0;1;-30.0;30.0
2497;2201;0.00759;0.02569;0.00254;120.0;120.0;120.0;1.0;0.0;1;-30.0;30.0
2654;2340;0.01209;0.04096;0.00406;120.0;120.0;120.0;1.0;0.0;1;-30.0;30.0
2654;2202;0.00687;0.02326;0.0023;120.0;120.0;120.0;1.0;0.0;1;-30.0;30.0
2548;2654;0.00553;0.00967;0.00092;89.0;89.0;89.0;1.0;0.0;1;-30.0;30.0
2309;2201;0.0157;0.04959;0.00511;118.0;118.0;118.0;1.0;0.0;1;-30.0;30.0
2524;2202;0.00413;0.0314;0.003;137.0;137.0;137.0;1.0;0.0;1;-30.0;30.0
2515;2201;0.06583;0.22298;0.02208;122.0;122.0;122.0;1.0;0.0;1;-30.0;30.0
2499;2202;0.02066;0.06612;0.00678;119.0;119.0;119.0;1.0;0.0;1;-30.0;30.0
2312;2331;0.01642;0.05563;0.00551;122.0;122.0;122.0;1.0;0.0;1;-30.0;30.0
2246;2194;0.01214;0.04112;0.00407;122.0;122.0;122.0;1.0;0.0;1;-30.0;30.0
2303;2663;0.03124;0.10231;0.01048;120.0;120.0;120.0;1.0;0.0;1;-30.0;30.0
2206;2222;0.04421;0.11367;0.01112;91.0;91.0;91.0;1.0;0.0;1;-30.0;30.0
2316;2222;0.01033;0.01802;0.00172;89.0;89.0;89.0;1.0;0.0;1;-30.0;30.0
2676;2392;0.01256;0.0219;0.00212;89.0;89.0;89.0;1.0;0.0;1;-30.0;30.0
2677;2675;0.01008;0.01736;0.00172;88.0;88.0;88.0;1.0;0.0;1;-30.0;30.0
2476;2387;0.02;0.03744;0.00365;90.0;90.0;90.0;1.0;0.0;1;-30.0;30.0
2675;2476;0.00793;0.01537;0.0015;90.0;90.0;90.0;1.0;0.0;1;-30.0;30.0
2677;2676;0.01083;0.01893;0.00181;89.0;89.0;89.0;1.0;0.0;1;-30.0;30.0
2392;2386;0.02818;0.05818;0.0059;90.0;90.0;90.0;1.0;0.0;1;-30.0;30.0
2254;2222;0.05702;0.11331;0.01091;90.0;90.0;90.0;1.0;0.0;1;-30.0;30.0
2520;2386;0.03934;0.12917;0.0132;120.0;120.0;120.0;1.0;0.0;1;-30.0;30.0
2521;2520;0.00595;0.01917;0.00198;119.0;119.0;119.0;1.0;0.0;1;-30.0;30.0
2316;2386;0.0362;0.06339;0.00612;89.0;89.0;89.0;1.0;0.0;1;-30.0;30.0
2521;2670;0.02743;0.08885;0.00915;119.0;119.0;119.0;1.0;0.0;1;-30.0;30.0
2621;2535;0.04033;0.13661;0.01353;122.0;122.0;122.0;1.0;0.0;1;-30.0;30.0
2665;2274;0.01157;0.03942;0.0039;122.0;122.0;122.0;1.0;0.0;1;-30.0;30.0
2254;2157;0.03507;0.11878;0.01176;122.0;122.0;122.0;1.0;0.0;1;-30.0;30.0
2157;2387;0.04107;0.13909;0.01377;122.0;122.0;122.0;1.0;0.0;1;-30.0;30.0
2426;2186;0.0295;0.05017;0.00484;88.0;88.0;88.0;1.0;0.0;1;-30.0;30.0
2663;2274;0.01132;0.03744;0.0037;121.0;121.0;121.0;1.0;0.0;1;-30.0;30.0
2555;2671;0.00107;0.00121;0.01087;72.0;72.0;72.0;1.0;0.0;1;-30.0;30.0
2662;2387;0.01421;0.04661;0.00477;120.0;120.0;120.0;1.0;0.0;1;-30.0;30.0
2662;2535;0.01777;0.05818;0.00595;120.0;120.0;120.0;1.0;0.0;1;-30.0;30.0
2428;2303;0.02269;0.06221;0.00629;90.0;90.0;90.0;1.0;0.0;1;-30.0;30.0
2181;2387;0.02099;0.06934;0.00699;120.0;120.0;120.0;1.0;0.0;1;-30.0;30.0
2211;2181;0.01711;0.05562;0.0048;120.0;120.0;120.0;1.0;0.0;1;-30.0;30.0
2663;2566;0.02496;0.08446;0.00847;122.0;122.0;122.0;1.0;0.0;1;-30.0;30.0
2621;2538;0.03174;0.1075;0.01064;122.0;122.0;122.0;1.0;0.0;1;-30.0;30.0
2423;2386;0.02595;0.08512;0.00874;10.0;10.0;10.0;1.0;0.0;1;-30.0;30.0
2428;2426;0.00943;0.01889;0.00185;90.0;90.0;90.0;1.0;0.0;1;-30.0;30.0
2665;2157;0.01769;0.05744;0.00596;119.0;119.0;119.0;1.0;0.0;1;-30.0;30.0
2177;2665;0.05234;0.09155;0.00873;20.0;20.0;20.0;1.0;0.0;1;-30.0;30.0
2931;2992;0.03562;0.10942;0.01146;69.0;69.0;69.0;1.0;0.0;1;-30.0;30.0
2829;2970;0.03678;0.09397;0.00951;107.0;107.0;107.0;1.0;0.0;1;-30.0;30.0
2943;2894;0.00207;0.00727;0.0007;124.0;124.0;124.0;1.0;0.0;1;-30.0;30.0
2894;2723;0.01851;0.0595;0.00627;119.0;119.0;119.0;1.0;0.0;1;-30.0;30.0
2821;2704;0.021;0.0679;0.00696;119.0;119.0;119.0;1.0;0.0;1;-30.0;30.0
2921;2925;0.03347;0.06529;0.00593;69.0;69.0;69.0;1.0;0.0;1;-30.0;30.0
2700;2994;0.06645;0.17719;0.01791;70.0;70.0;70.0;1.0;0.0;1;-30.0;30.0
2916;2995;0.03957;0.12859;0.01319;120.0;120.0;120.0;1.0;0.0;1;-30.0;30.0
2838;2879;0.0205;0.06876;0.00688;121.0;121.0;121.0;1.0;0.0;1;-30.0;30.0
2811;2769;0.04;0.12959;0.01329;114.0;114.0;114.0;1.0;0.0;1;-30.0;30.0
2775;2875;0.00992;0.03322;0.00419;107.0;107.0;107.0;1.0;0.0;1;-30.0;30.0
2812;2770;0.04025;0.13025;0.01336;114.0;114.0;114.0;1.0;0.0;1;-30.0;30.0
2877;2802;0.03545;0.08736;0.00882;105.0;105.0;105.0;1.0;0.0;1;-30.0;30.0
2996;2995;0.01264;0.03802;0.00273;69.0;69.0;69.0;1.0;0.0;1;-30.0;30.0
2774;2996;0.03306;0.08264;0.00968;69.0;69.0;69.0;1.0;0.0;1;-30.0;30.0
2847;2775;0.04669;0.08182;0.00774;89.0;89.0;89.0;1.0;0.0;1;-30.0;30.0
2726;2716;0.03413;0.05992;0.00566;48.0;48.0;48.0;1.0;0.0;1;-30.0;30.0
2740;2848;0.03587;0.05868;0.00646;86.0;86.0;86.0;1.0;0.0;1;-30.0;30.0
2739;2746;0.1;0.1595;0.01597;57.0;57.0;57.0;1.0;0.0;1;-30.0;30.0
2966;2862;0.0395;0.1281;0.01314;119.0;119.0;119.0;1.0;0.0;1;-30.0;30.0
2848;2715;0.03124;0.05603;0.00563;90.0;90.0;90.0;1.0;0.0;1;-30.0;30.0
2977;2736;0.0214;0.06887;0.00708;69.0;69.0;69.0;1.0;0.0;1;-30.0;30.0
2961;2977;0.01686;0.05427;0.00558;69.0;69.0;69.0;1.0;0.0;1;-30.0;30.0
2876;2977;0.00026;0.00066;7.0e-5;69.0;69.0;69.0;1.0;0.0;1;-30.0;30.0
2725;2724;0.01223;0.0386;0.0042;69.0;69.0;69.0;1.0;0.0;1;-30.0;30.0
2865;2732;0.02883;0.09322;0.00956;69.0;69.0;69.0;1.0;0.0;1;-30.0;30.0
2775;2942;0.02455;0.07992;0.00823;120.0;120.0;120.0;1.0;0.0;1;-30.0;30.0
2716;2958;0.06843;0.09157;0.0084;69.0;69.0;69.0;1.0;0.0;1;-30.0;30.0
2958;2991;0.08653;0.11405;0.01019;69.0;69.0;69.0;1.0;0.0;1;-30.0;30.0
2830;2805;0.00785;0.01983;0.00203;106.0;106.0;106.0;1.0;0.0;1;-30.0;30.0
2873;2896;0.01033;0.02653;0.00269;69.0;69.0;69.0;1.0;0.0;1;-30.0;30.0
2850;2873;0.02231;0.05702;0.00576;107.0;107.0;107.0;1.0;0.0;1;-30.0;30.0
2849;2913;0.03099;0.07901;0.00801;107.0;107.0;107.0;1.0;0.0;1;-30.0;30.0
2697;2809;0.00264;0.00752;0.00075;112.0;112.0;112.0;1.0;0.0;1;-30.0;30.0
2799;2779;0.03025;0.06281;0.00061;97.0;97.0;97.0;1.0;0.0;1;-30.0;30.0
2777;2705;0.00331;0.01083;0.00109;114.0;114.0;114.0;1.0;0.0;1;-30.0;30.0
2789;2780;0.04124;0.07231;0.00687;69.0;69.0;69.0;1.0;0.0;1;-30.0;30.0
2778;2713;0.0186;0.0562;0.00581;111.0;111.0;111.0;1.0;0.0;1;-30.0;30.0
2845;2867;0.02479;0.08;0.00823;119.0;119.0;119.0;1.0;0.0;1;-30.0;30.0
2697;2913;0.01314;0.04182;0.00448;118.0;118.0;118.0;1.0;0.0;1;-30.0;30.0
2912;2872;0.00942;0.03066;0.00315;76.0;76.0;76.0;1.0;0.0;1;-30.0;30.0
2911;2840;0.02901;0.09438;0.00966;120.0;120.0;120.0;1.0;0.0;1;-30.0;30.0
2711;2780;0.00421;0.01058;0.00106;106.0;106.0;106.0;1.0;0.0;1;-30.0;30.0
2980;2779;0.00736;0.0238;0.00244;119.0;119.0;119.0;1.0;0.0;1;-30.0;30.0
2979;2697;0.00157;0.00496;0.00051;118.0;118.0;118.0;1.0;0.0;1;-30.0;30.0
2979;2698;0.00157;0.00496;0.00051;118.0;118.0;118.0;1.0;0.0;1;-30.0;30.0
2705;2711;0.00306;0.00992;0.00102;119.0;119.0;119.0;1.0;0.0;1;-30.0;30.0
2844;2831;0.00826;0.02628;0.00286;118.0;118.0;118.0;1.0;0.0;1;-30.0;30.0
2758;2844;0.0181;0.05702;0.0062;118.0;118.0;118.0;1.0;0.0;1;-30.0;30.0
2809;2780;0.00405;0.01058;0.00109;108.0;108.0;108.0;1.0;0.0;1;-30.0;30.0
2702;2698;0.00231;0.00752;0.00077;120.0;120.0;120.0;1.0;0.0;1;-30.0;30.0
2907;2702;0.00397;0.01298;0.00131;120.0;120.0;120.0;1.0;0.0;1;-30.0;30.0
2797;2789;0.00361;0.01166;0.0012;114.0;114.0;114.0;1.0;0.0;1;-30.0;30.0
2919;2797;0.06898;0.12121;0.01145;89.0;89.0;89.0;1.0;0.0;1;-30.0;30.0
2722;2919;0.06661;0.11306;0.01118;69.0;69.0;69.0;1.0;0.0;1;-30.0;30.0
2895;2799;0.01322;0.03306;0.00327;69.0;69.0;69.0;1.0;0.0;1;-30.0;30.0
2991;2895;0.05686;0.09339;0.00944;76.0;76.0;76.0;1.0;0.0;1;-30.0;30.0
2943;2779;0.0376;0.12165;0.01249;119.0;119.0;119.0;1.0;0.0;1;-30.0;30.0
2956;2840;0.03058;0.05372;0.00508;89.0;89.0;89.0;1.0;0.0;1;-30.0;30.0
2873;2782;0.00851;0.02074;0.00232;104.0;104.0;104.0;1.0;0.0;1;-30.0;30.0
2782;2940;0.0405;0.09669;0.01016;103.0;103.0;103.0;1.0;0.0;1;-30.0;30.0
2973;2817;0.04008;0.10174;0.01033;99.0;99.0;99.0;1.0;0.0;1;-30.0;30.0
2710;2907;0.00198;0.00628;0.00065;118.0;118.0;118.0;1.0;0.0;1;-30.0;30.0
2696;2710;0.00653;0.02116;0.0022;119.0;119.0;119.0;1.0;0.0;1;-30.0;30.0
2896;2830;0.00926;0.0238;0.00242;69.0;69.0;69.0;1.0;0.0;1;-30.0;30.0
2988;2872;0.06223;0.10413;0.01072;69.0;69.0;69.0;1.0;0.0;1;-30.0;30.0
2787;2988;0.04702;0.07851;0.00808;69.0;69.0;69.0;1.0;0.0;1;-30.0;30.0
2716;2722;0.00545;0.0076;0.00077;69.0;69.0;69.0;1.0;0.0;1;-30.0;30.0
2872;2831;0.0162;0.0338;0.00351;90.0;90.0;90.0;1.0;0.0;1;-30.0;30.0
2911;2889;0.02781;0.08994;0.01845;119.0;119.0;119.0;1.0;0.0;1;-30.0;30.0
2696;2713;0.01397;0.04463;0.00462;119.0;119.0;119.0;1.0;0.0;1;-30.0;30.0
2867;2712;0.00868;0.0281;0.00295;76.0;76.0;76.0;1.0;0.0;1;-30.0;30.0
2906;2919;0.01607;0.05279;0.01083;69.0;69.0;69.0;1.0;0.0;1;-30.0;30.0
2891;2906;0.034;0.10995;0.02256;69.0;69.0;69.0;1.0;0.0;1;-30.0;30.0
2743;2779;0.00562;0.01893;0.00189;16.0;16.0;16.0;1.0;0.0;1;-30.0;30.0
2744;2780;0.00562;0.01893;0.00189;16.0;16.0;16.0;1.0;0.0;1;-30.0;30.0
2981;2697;0.00215;0.00719;0.00072;16.0;16.0;16.0;1.0;0.0;1;-30.0;30.0
2903;2780;0.00091;0.00306;0.00031;10.0;10.0;10.0;1.0;0.0;1;-30.0;30.0
2802;2805;0.00661;0.01372;0.00133;97.0;97.0;97.0;1.0;0.0;1;-30.0;30.0
2945;2713;0.0205;0.06876;0.00688;121.0;121.0;121.0;1.0;0.0;1;-30.0;30.0
2709;2716;0.0374;0.12066;0.01272;119.0;119.0;119.0;1.0;0.0;1;-30.0;30.0
2945;2891;0.01928;0.06236;0.0064;119.0;119.0;119.0;1.0;0.0;1;-30.0;30.0
2724;2709;0.02269;0.07306;0.00777;119.0;119.0;119.0;1.0;0.0;1;-30.0;30.0
2735;2973;0.0057;0.01017;0.00094;90.0;90.0;90.0;1.0;0.0;1;-30.0;30.0
2971;2735;0.00967;0.01702;0.0016;89.0;89.0;89.0;1.0;0.0;1;-30.0;30.0
2785;2972;0.05769;0.14545;0.015;76.0;76.0;76.0;1.0;0.0;1;-30.0;30.0
2993;2973;0.00282;0.00717;0.00079;90.0;90.0;90.0;1.0;0.0;1;-30.0;30.0
2824;2993;0.03198;0.07876;0.00786;90.0;90.0;90.0;1.0;0.0;1;-30.0;30.0
2969;2972;0.01843;0.06;0.00615;120.0;120.0;120.0;1.0;0.0;1;-30.0;30.0
2951;2953;0.00554;0.01793;0.00184;119.0;119.0;119.0;1.0;0.0;1;-30.0;30.0
2847;2703;0.03636;0.12066;0.01181;114.0;114.0;114.0;1.0;0.0;1;-30.0;30.0
2953;2947;0.00306;0.00992;0.00102;114.0;114.0;114.0;1.0;0.0;1;-30.0;30.0
2760;2824;0.0676;0.11901;0.0112;69.0;69.0;69.0;1.0;0.0;1;-30.0;30.0
2963;2760;0.03868;0.0681;0.00639;69.0;69.0;69.0;1.0;0.0;1;-30.0;30.0
2892;2824;0.05042;0.10487;0.0102;69.0;69.0;69.0;1.0;0.0;1;-30.0;30.0
2909;2892;0.01976;0.0514;0.00515;69.0;69.0;69.0;1.0;0.0;1;-30.0;30.0
2828;2771;0.02781;0.07968;0.00807;113.0;113.0;113.0;1.0;0.0;1;-30.0;30.0
2963;2828;0.01467;0.03239;0.00328;69.0;69.0;69.0;1.0;0.0;1;-30.0;30.0
2708;2776;0.02231;0.07231;0.01493;75.0;75.0;75.0;1.0;0.0;1;-30.0;30.0
2703;2708;0.01322;0.01777;0.00191;62.0;62.0;62.0;1.0;0.0;1;-30.0;30.0
2944;2771;0.00883;0.02792;0.00305;118.0;118.0;118.0;1.0;0.0;1;-30.0;30.0
2757;2944;0.00688;0.02158;0.0024;118.0;118.0;118.0;1.0;0.0;1;-30.0;30.0
2888;2955;0.01554;0.05455;0.00557;124.0;124.0;124.0;1.0;0.0;1;-30.0;30.0
2950;2904;0.00438;0.01136;0.00098;107.0;107.0;107.0;1.0;0.0;1;-30.0;30.0
2734;2950;0.00515;0.01374;0.00122;109.0;109.0;109.0;1.0;0.0;1;-30.0;30.0
2904;2952;0.00281;0.00702;0.00059;106.0;106.0;106.0;1.0;0.0;1;-30.0;30.0
2721;2968;0.02769;0.0895;0.00917;95.0;95.0;95.0;1.0;0.0;1;-30.0;30.0
2955;2720;0.02132;0.06942;0.00707;120.0;120.0;120.0;1.0;0.0;1;-30.0;30.0
2968;2974;0.01504;0.04132;0.00426;110.0;110.0;110.0;1.0;0.0;1;-30.0;30.0
2954;2951;0.01777;0.05736;0.00588;119.0;119.0;119.0;1.0;0.0;1;-30.0;30.0
2910;2769;0.00736;0.0238;0.00251;114.0;114.0;114.0;1.0;0.0;1;-30.0;30.0
2931;2839;0.00421;0.01074;0.00121;107.0;107.0;107.0;1.0;0.0;1;-30.0;30.0
2703;2909;0.02331;0.07893;0.00745;69.0;69.0;69.0;1.0;0.0;1;-30.0;30.0
2931;2768;0.00273;0.00826;0.00085;116.0;116.0;116.0;1.0;0.0;1;-30.0;30.0
2768;2757;0.00149;0.00496;0.00048;121.0;121.0;121.0;1.0;0.0;1;-30.0;30.0
2723;2771;0.02868;0.09256;0.00951;119.0;119.0;119.0;1.0;0.0;1;-30.0;30.0
2734;2785;0.01364;0.03554;0.0037;108.0;108.0;108.0;1.0;0.0;1;-30.0;30.0
2951;2947;0.00421;0.01355;0.0014;119.0;119.0;119.0;1.0;0.0;1;-30.0;30.0
2887;2954;0.00529;0.01074;0.00111;90.0;90.0;90.0;1.0;0.0;1;-30.0;30.0
2974;2971;0.00934;0.01653;0.00174;90.0;90.0;90.0;1.0;0.0;1;-30.0;30.0
2816;2770;0.02124;0.0686;0.00704;119.0;119.0;119.0;1.0;0.0;1;-30.0;30.0
2776;2769;0.0314;0.09884;0.01074;118.0;118.0;118.0;1.0;0.0;1;-30.0;30.0
2818;2947;0.00851;0.02686;0.0029;95.0;95.0;95.0;1.0;0.0;1;-30.0;30.0
2813;2818;0.0181;0.05702;0.0062;95.0;95.0;95.0;1.0;0.0;1;-30.0;30.0
3013;2719;0.00864;0.02821;0.00288;120.0;120.0;120.0;1.0;0.0;1;-30.0;30.0
2819;2972;0.03678;0.09347;0.00949;106.0;106.0;106.0;1.0;0.0;1;-30.0;30.0
2875;2816;0.03364;0.10744;0.01016;107.0;107.0;107.0;1.0;0.0;1;-30.0;30.0
2910;2839;0.00826;0.01653;0.00194;95.0;95.0;95.0;1.0;0.0;1;-30.0;30.0
2968;2984;0.00496;0.00744;0.00073;83.0;83.0;83.0;1.0;0.0;1;-30.0;30.0
2968;2984;0.00496;0.00744;0.00073;83.0;83.0;83.0;1.0;0.0;1;-30.0;30.0
2764;2947;0.00496;0.00744;0.00073;83.0;83.0;83.0;1.0;0.0;1;-30.0;30.0
2765;2948;0.00496;0.00744;0.00073;83.0;83.0;83.0;1.0;0.0;1;-30.0;30.0
2957;2951;0.00496;0.00744;0.00073;83.0;83.0;83.0;1.0;0.0;1;-30.0;30.0
2960;2887;0.0254;0.08216;0.00843;119.0;119.0;119.0;1.0;0.0;1;-30.0;30.0
2960;2719;0.01636;0.05289;0.00558;119.0;119.0;119.0;1.0;0.0;1;-30.0;30.0
2813;2963;0.02041;0.06843;0.00685;121.0;121.0;121.0;1.0;0.0;1;-30.0;30.0
2957;2951;0.00992;0.03488;0.00407;76.0;76.0;76.0;1.0;0.0;1;-30.0;30.0
2970;2931;0.02017;0.05223;0.00545;107.0;107.0;107.0;1.0;0.0;1;-30.0;30.0
2931;2770;0.0095;0.02455;0.00256;107.0;107.0;107.0;1.0;0.0;1;-30.0;30.0
2936;2920;0.00891;0.01566;0.00148;77.0;77.0;77.0;1.0;0.0;1;-30.0;30.0
2928;2930;0.0328;0.07474;0.00784;66.0;66.0;66.0;1.0;0.0;1;-30.0;30.0
2927;2925;0.04351;0.09356;0.00962;66.0;66.0;66.0;1.0;0.0;1;-30.0;30.0
2929;2994;0.07306;0.1919;0.01832;108.0;108.0;108.0;1.0;0.0;1;-30.0;30.0
2930;2851;0.03091;0.08107;0.00774;87.0;87.0;87.0;1.0;0.0;1;-30.0;30.0
2851;2994;0.04207;0.11074;0.01053;87.0;87.0;87.0;1.0;0.0;1;-30.0;30.0
2926;2929;0.01653;0.03306;0.00242;66.0;66.0;66.0;1.0;0.0;1;-30.0;30.0
2821;2730;0.0405;0.07107;0.00673;77.0;77.0;77.0;1.0;0.0;1;-30.0;30.0
2730;2926;0.04628;0.07107;0.0076;77.0;77.0;77.0;1.0;0.0;1;-30.0;30.0
2929;2936;0.00496;0.00826;0.00085;66.0;66.0;66.0;1.0;0.0;1;-30.0;30.0
2822;2821;0.00413;0.01372;0.00138;119.0;119.0;119.0;1.0;0.0;1;-30.0;30.0
2961;2927;0.02394;0.04718;0.00469;66.0;66.0;66.0;1.0;0.0;1;-30.0;30.0
2920;2928;0.00862;0.02752;0.00296;119.0;119.0;119.0;1.0;0.0;1;-30.0;30.0
2833;2994;0.04438;0.07826;0.00739;77.0;77.0;77.0;1.0;0.0;1;-30.0;30.0
2866;2833;0.05661;0.09983;0.00943;66.0;66.0;66.0;1.0;0.0;1;-30.0;30.0
2714;2866;0.01975;0.06215;0.00675;66.0;66.0;66.0;1.0;0.0;1;-30.0;30.0
2745;2714;0.03669;0.06471;0.00611;77.0;77.0;77.0;1.0;0.0;1;-30.0;30.0
2731;2930;0.03587;0.07132;0.00624;77.0;77.0;77.0;1.0;0.0;1;-30.0;30.0
2966;2822;0.03438;0.06099;0.00569;90.0;90.0;90.0;1.0;0.0;1;-30.0;30.0
2745;2731;0.03587;0.07132;0.00624;77.0;77.0;77.0;1.0;0.0;1;-30.0;30.0
2729;2773;0.0204;0.06595;0.00677;119.0;119.0;119.0;1.0;0.0;1;-30.0;30.0
2726;2773;0.01455;0.04747;0.00483;120.0;120.0;120.0;1.0;0.0;1;-30.0;30.0
2750;2874;0.00661;0.0157;0.00169;103.0;103.0;103.0;1.0;0.0;1;-30.0;30.0
2755;2717;0.00983;0.01736;0.0016;89.0;89.0;89.0;1.0;0.0;1;-30.0;30.0
2717;2751;0.03025;0.09752;0.01002;86.0;86.0;86.0;1.0;0.0;1;-30.0;30.0
2792;2752;0.01149;0.03471;0.00293;115.0;115.0;115.0;1.0;0.0;1;-30.0;30.0
2967;2792;0.00826;0.02893;0.00363;120.0;120.0;120.0;1.0;0.0;1;-30.0;30.0
2825;2746;0.00124;0.00413;0.00039;121.0;121.0;121.0;1.0;0.0;1;-30.0;30.0
2825;2841;0.00124;0.00413;0.00039;121.0;121.0;121.0;1.0;0.0;1;-30.0;30.0
2826;2841;0.00124;0.00413;0.00039;121.0;121.0;121.0;1.0;0.0;1;-30.0;30.0
2754;2967;0.01083;0.03471;0.00358;119.0;119.0;119.0;1.0;0.0;1;-30.0;30.0
2763;2754;0.00124;0.00413;0.00039;121.0;121.0;121.0;1.0;0.0;1;-30.0;30.0
2939;2763;0.00124;0.00413;0.00039;121.0;121.0;121.0;1.0;0.0;1;-30.0;30.0
2755;2939;0.00124;0.00413;0.00039;121.0;121.0;121.0;1.0;0.0;1;-30.0;30.0
2717;2989;0.03669;0.11818;0.01217;119.0;119.0;119.0;1.0;0.0;1;-30.0;30.0
2965;2989;0.01721;0.05623;0.00573;120.0;120.0;120.0;1.0;0.0;1;-30.0;30.0
2946;2747;0.03248;0.1081;0.01445;121.0;121.0;121.0;1.0;0.0;1;-30.0;30.0
2934;2746;0.05455;0.18017;0.0242;99.0;99.0;99.0;1.0;0.0;1;-30.0;30.0
2749;2752;0.01917;0.02595;0.00467;69.0;69.0;69.0;1.0;0.0;1;-30.0;30.0
2874;2752;0.01405;0.03636;0.00399;103.0;103.0;103.0;1.0;0.0;1;-30.0;30.0
2900;2751;0.03587;0.09008;0.00924;106.0;106.0;106.0;1.0;0.0;1;-30.0;30.0
2978;2752;0.015;0.04714;0.00466;114.0;114.0;114.0;1.0;0.0;1;-30.0;30.0
2932;2978;0.00525;0.0165;0.00163;114.0;114.0;114.0;1.0;0.0;1;-30.0;30.0
2975;2978;0.00026;0.00066;7.0e-5;106.0;106.0;106.0;1.0;0.0;1;-30.0;30.0
2901;2964;0.04174;0.07322;0.00692;89.0;89.0;89.0;1.0;0.0;1;-30.0;30.0
2759;2990;0.01705;0.05552;0.00567;120.0;120.0;120.0;1.0;0.0;1;-30.0;30.0
2754;2949;0.00099;0.00347;0.00036;124.0;124.0;124.0;1.0;0.0;1;-30.0;30.0
2882;2932;0.00364;0.01074;0.00106;114.0;114.0;114.0;1.0;0.0;1;-30.0;30.0
2749;2886;0.00463;0.01488;0.00152;119.0;119.0;119.0;1.0;0.0;1;-30.0;30.0
2762;2900;0.00372;0.00934;0.00094;106.0;106.0;106.0;1.0;0.0;1;-30.0;30.0
2755;2762;0.00496;0.01273;0.00128;95.0;95.0;95.0;1.0;0.0;1;-30.0;30.0
2727;2826;0.01116;0.01529;0.00275;79.0;79.0;79.0;1.0;0.0;1;-30.0;30.0
2751;2727;0.01116;0.01529;0.00275;79.0;79.0;79.0;1.0;0.0;1;-30.0;30.0
2752;2933;0.01496;0.0438;0.00445;114.0;114.0;114.0;1.0;0.0;1;-30.0;30.0
2753;2747;0.0076;0.01983;0.00206;108.0;108.0;108.0;1.0;0.0;1;-30.0;30.0
2837;2752;0.03479;0.1119;0.01176;76.0;76.0;76.0;1.0;0.0;1;-30.0;30.0
2946;2837;0.00702;0.0224;0.00237;119.0;119.0;119.0;1.0;0.0;1;-30.0;30.0
2880;2941;0.00843;0.02149;0.00216;107.0;107.0;107.0;1.0;0.0;1;-30.0;30.0
2946;2880;0.00843;0.02149;0.00216;107.0;107.0;107.0;1.0;0.0;1;-30.0;30.0
2823;2829;0.01992;0.05245;0.00519;108.0;108.0;108.0;1.0;0.0;1;-30.0;30.0
2941;2823;0.01187;0.03176;0.00315;109.0;109.0;109.0;1.0;0.0;1;-30.0;30.0
2885;2749;0.00504;0.01686;0.00174;121.0;121.0;121.0;1.0;0.0;1;-30.0;30.0
2694;2749;0.00331;0.01091;0.00111;120.0;120.0;120.0;1.0;0.0;1;-30.0;30.0
2933;2893;0.00777;0.02479;0.00257;118.0;118.0;118.0;1.0;0.0;1;-30.0;30.0
2852;2718;0.00711;0.02314;0.00234;120.0;120.0;120.0;1.0;0.0;1;-30.0;30.0
2886;2853;0.00306;0.00992;0.00102;119.0;119.0;119.0;1.0;0.0;1;-30.0;30.0
2905;2901;0.00645;0.02066;0.00213;119.0;119.0;119.0;1.0;0.0;1;-30.0;30.0
2897;2746;0.00124;0.00413;0.00041;121.0;121.0;121.0;1.0;0.0;1;-30.0;30.0
2898;2747;0.00124;0.00413;0.00041;121.0;121.0;121.0;1.0;0.0;1;-30.0;30.0
2747;2750;0.02074;0.06727;0.00682;119.0;119.0;119.0;1.0;0.0;1;-30.0;30.0
2897;2767;0.00545;0.01736;0.00177;118.0;118.0;118.0;1.0;0.0;1;-30.0;30.0
2747;2694;0.00612;0.0157;0.00157;107.0;107.0;107.0;1.0;0.0;1;-30.0;30.0
2860;2750;0.00132;0.00421;0.00044;118.0;118.0;118.0;1.0;0.0;1;-30.0;30.0
2746;2860;0.00793;0.02231;0.00215;112.0;112.0;112.0;1.0;0.0;1;-30.0;30.0
2767;2885;0.00909;0.02893;0.0029;118.0;118.0;118.0;1.0;0.0;1;-30.0;30.0
2893;2937;0.00736;0.02372;0.00242;119.0;119.0;119.0;1.0;0.0;1;-30.0;30.0
2718;2905;0.00331;0.01074;0.00109;119.0;119.0;119.0;1.0;0.0;1;-30.0;30.0
2949;2794;0.00207;0.00694;0.0007;121.0;121.0;121.0;1.0;0.0;1;-30.0;30.0
2965;2901;0.01132;0.03636;0.00375;119.0;119.0;119.0;1.0;0.0;1;-30.0;30.0
2794;2852;0.00289;0.00926;0.00094;119.0;119.0;119.0;1.0;0.0;1;-30.0;30.0
2853;2882;0.00248;0.00744;0.00073;115.0;115.0;115.0;1.0;0.0;1;-30.0;30.0
2795;2753;0.00492;0.02302;0.00236;120.0;120.0;120.0;1.0;0.0;1;-30.0;30.0
2937;2795;0.00492;0.02302;0.00236;120.0;120.0;120.0;1.0;0.0;1;-30.0;30.0
2862;2990;0.00165;0.00496;0.00053;115.0;115.0;115.0;1.0;0.0;1;-30.0;30.0
2725;2934;0.0395;0.12455;0.01176;38.0;38.0;38.0;1.0;0.0;1;-30.0;30.0
2790;2752;0.0395;0.06959;0.00657;72.0;72.0;72.0;1.0;0.0;1;-30.0;30.0
2788;2790;0.05306;0.09355;0.00884;72.0;72.0;72.0;1.0;0.0;1;-30.0;30.0
2924;2788;0.03293;0.1065;0.01093;119.0;119.0;119.0;1.0;0.0;1;-30.0;30.0
2923;2788;0.05807;0.10306;0.00937;76.0;76.0;76.0;1.0;0.0;1;-30.0;30.0
2934;2924;0.02444;0.07902;0.00811;119.0;119.0;119.0;1.0;0.0;1;-30.0;30.0
2704;2989;0.02139;0.06954;0.00729;120.0;120.0;120.0;1.0;0.0;1;-30.0;30.0
2908;2751;0.00124;0.00413;0.00039;121.0;121.0;121.0;1.0;0.0;1;-30.0;30.0
2749;2983;0.00463;0.01488;0.00152;119.0;119.0;119.0;1.0;0.0;1;-30.0;30.0
2750;2982;0.00463;0.01488;0.00152;119.0;119.0;119.0;1.0;0.0;1;-30.0;30.0
2881;2747;0.01281;0.02149;0.00212;78.0;78.0;78.0;1.0;0.0;1;-30.0;30.0
2715;2881;0.0262;0.04397;0.00434;78.0;78.0;78.0;1.0;0.0;1;-30.0;30.0
2842;2699;0.03905;0.12628;0.01297;95.0;95.0;95.0;1.0;0.0;1;-30.0;30.0
2976;2858;0.01165;0.03769;0.00387;119.0;119.0;119.0;1.0;0.0;1;-30.0;30.0
2699;2976;0.0214;0.06917;0.0071;119.0;119.0;119.0;1.0;0.0;1;-30.0;30.0
2707;2976;0.00281;0.00917;0.00094;120.0;120.0;120.0;1.0;0.0;1;-30.0;30.0
2938;2857;0.15802;0.18273;0.01643;46.0;46.0;46.0;1.0;0.0;1;-30.0;30.0
2834;2858;0.00498;0.01612;0.00165;119.0;119.0;119.0;1.0;0.0;1;-30.0;30.0
2756;2854;0.01039;0.05083;0.00494;133.0;133.0;133.0;1.0;0.0;1;-30.0;30.0
2827;2854;0.03603;0.12893;0.01251;69.0;69.0;69.0;1.0;0.0;1;-30.0;30.0
2732;2857;0.02234;0.07496;0.00748;69.0;69.0;69.0;1.0;0.0;1;-30.0;30.0
2695;2827;0.0414;0.06942;0.00711;69.0;69.0;69.0;1.0;0.0;1;-30.0;30.0
2766;2827;0.03314;0.06116;0.00639;69.0;69.0;69.0;1.0;0.0;1;-30.0;30.0
2804;2695;0.03769;0.12149;0.01249;69.0;69.0;69.0;1.0;0.0;1;-30.0;30.0
2807;2804;0.01942;0.06281;0.00649;69.0;69.0;69.0;1.0;0.0;1;-30.0;30.0
2859;2854;0.03587;0.1157;0.0122;119.0;119.0;119.0;1.0;0.0;1;-30.0;30.0
2783;2855;0.03025;0.09752;0.01028;119.0;119.0;119.0;1.0;0.0;1;-30.0;30.0
2820;2775;0.00983;0.01727;0.00163;69.0;69.0;69.0;1.0;0.0;1;-30.0;30.0
2864;2820;0.05322;0.09347;0.00882;69.0;69.0;69.0;1.0;0.0;1;-30.0;30.0
2868;2861;0.00661;0.01372;0.00133;69.0;69.0;69.0;1.0;0.0;1;-30.0;30.0
2861;2869;0.00537;0.01736;0.00179;69.0;69.0;69.0;1.0;0.0;1;-30.0;30.0
2842;2807;0.02339;0.07587;0.00784;57.0;57.0;57.0;1.0;0.0;1;-30.0;30.0
2869;2857;0.01157;0.03769;0.00387;69.0;69.0;69.0;1.0;0.0;1;-30.0;30.0
2843;2855;0.0331;0.11107;0.01106;114.0;114.0;114.0;1.0;0.0;1;-30.0;30.0
2846;2859;0.02818;0.09116;0.00934;69.0;69.0;69.0;1.0;0.0;1;-30.0;30.0
2864;2756;0.02446;0.04347;0.00404;69.0;69.0;69.0;1.0;0.0;1;-30.0;30.0
2863;2858;0.00661;0.01372;0.00133;97.0;97.0;97.0;1.0;0.0;1;-30.0;30.0
2835;2868;0.00507;0.01627;0.00168;119.0;119.0;119.0;1.0;0.0;1;-30.0;30.0
2843;2838;0.0205;0.06876;0.00688;69.0;69.0;69.0;1.0;0.0;1;-30.0;30.0
2902;2806;0.01568;0.0507;0.0052;84.0;84.0;84.0;1.0;0.0;1;-30.0;30.0
2854;2857;0.01281;0.04298;0.00428;114.0;114.0;114.0;1.0;0.0;1;-30.0;30.0
2855;2858;0.01281;0.04298;0.00428;114.0;114.0;114.0;1.0;0.0;1;-30.0;30.0
2835;2783;0.01012;0.03265;0.00336;119.0;119.0;119.0;1.0;0.0;1;-30.0;30.0
2870;2834;0.00118;0.00382;0.00039;57.0;57.0;57.0;1.0;0.0;1;-30.0;30.0
2871;2835;0.0011;0.00355;0.00037;57.0;57.0;57.0;1.0;0.0;1;-30.0;30.0
2701;2738;0.02355;0.06215;0.00639;82.0;82.0;82.0;1.0;0.0;1;-30.0;30.0
2784;2701;0.0276;0.0495;0.00448;69.0;69.0;69.0;1.0;0.0;1;-30.0;30.0
2761;2784;0.03967;0.07157;0.00641;69.0;69.0;69.0;1.0;0.0;1;-30.0;30.0
2796;2761;0.02983;0.05793;0.00547;69.0;69.0;69.0;1.0;0.0;1;-30.0;30.0
2801;2737;0.00926;0.03008;0.00307;120.0;120.0;120.0;1.0;0.0;1;-30.0;30.0
2922;2916;0.05314;0.09339;0.0089;69.0;69.0;69.0;1.0;0.0;1;-30.0;30.0
2798;2801;0.00132;0.00421;0.00044;118.0;118.0;118.0;1.0;0.0;1;-30.0;30.0
2800;2738;0.00909;0.02975;0.00302;119.0;119.0;119.0;1.0;0.0;1;-30.0;30.0
2736;2737;0.05504;0.1643;0.01682;69.0;69.0;69.0;1.0;0.0;1;-30.0;30.0
2986;2733;0.03653;0.06413;0.00605;69.0;69.0;69.0;1.0;0.0;1;-30.0;30.0
2815;2800;0.01595;0.05124;0.0053;119.0;119.0;119.0;1.0;0.0;1;-30.0;30.0
2815;2798;0.00744;0.02397;0.00246;119.0;119.0;119.0;1.0;0.0;1;-30.0;30.0
2884;2774;0.03669;0.11669;0.01251;69.0;69.0;69.0;1.0;0.0;1;-30.0;30.0
2986;2922;0.08314;0.14628;0.01392;69.0;69.0;69.0;1.0;0.0;1;-30.0;30.0
2962;2737;0.02688;0.08734;0.00915;120.0;120.0;120.0;1.0;0.0;1;-30.0;30.0
2815;2921;0.03347;0.06529;0.00593;94.0;94.0;94.0;1.0;0.0;1;-30.0;30.0
2793;2796;0.00521;0.01413;0.0014;90.0;90.0;90.0;1.0;0.0;1;-30.0;30.0
2796;2962;0.01843;0.0619;0.0062;121.0;121.0;121.0;1.0;0.0;1;-30.0;30.0
2728;2986;0.00182;0.00388;0.00027;76.0;76.0;76.0;1.0;0.0;1;-30.0;30.0
2915;2916;0.00347;0.01264;0.00119;69.0;69.0;69.0;1.0;0.0;1;-30.0;30.0
2700;2918;0.0376;0.09174;0.00968;69.0;69.0;69.0;1.0;0.0;1;-30.0;30.0
2884;2917;0.01967;0.08612;0.00924;57.0;57.0;57.0;1.0;0.0;1;-30.0;30.0
2803;2914;0.00164;0.00212;0.00912;76.0;76.0;76.0;1.0;0.0;1;-30.0;30.0
2803;2915;0.00164;0.00212;0.00912;76.0;76.0;76.0;1.0;0.0;1;-30.0;30.0
2959;2737;0.01463;0.05661;0.00653;130.0;130.0;130.0;1.0;0.0;1;-30.0;30.0
2742;2987;0.00331;0.01058;0.00109;119.0;119.0;119.0;1.0;0.0;1;-30.0;30.0
2899;2742;0.02975;0.09587;0.01007;119.0;119.0;119.0;1.0;0.0;1;-30.0;30.0
2832;2899;0.00512;0.01653;0.00174;119.0;119.0;119.0;1.0;0.0;1;-30.0;30.0
2808;2848;0.03347;0.06529;0.00593;21.0;21.0;21.0;1.0;0.0;1;-30.0;30.0
2706;2883;0.01653;0.0314;0.0029;48.0;48.0;48.0;1.0;0.0;1;-30.0;30.0
2890;2706;0.03347;0.06529;0.00593;69.0;69.0;69.0;1.0;0.0;1;-30.0;30.0
2883;2740;0.01653;0.0314;0.00315;48.0;48.0;48.0;1.0;0.0;1;-30.0;30.0
2865;2890;0.02288;0.074;0.00759;69.0;69.0;69.0;1.0;0.0;1;-30.0;30.0
2987;2739;0.00165;0.00529;0.00053;119.0;119.0;119.0;1.0;0.0;1;-30.0;30.0
2741;2740;0.00909;0.0281;0.00288;117.0;117.0;117.0;1.0;0.0;1;-30.0;30.0
2814;2810;0.00405;0.01331;0.00138;95.0;95.0;95.0;1.0;0.0;1;-30.0;30.0
2836;2814;0.02074;0.06628;0.00699;119.0;119.0;119.0;1.0;0.0;1;-30.0;30.0
2942;2836;0.02835;0.09223;0.00951;120.0;120.0;120.0;1.0;0.0;1;-30.0;30.0
3005;2810;0.03017;0.09764;0.01004;119.0;119.0;119.0;1.0;0.0;1;-30.0;30.0
2878;2741;0.02041;0.06612;0.00678;95.0;95.0;95.0;1.0;0.0;1;-30.0;30.0
2791;2942;0.01338;0.04326;0.00444;119.0;119.0;119.0;1.0;0.0;1;-30.0;30.0
3001;2173;0.05787;0.10132;0.00967;89.0;89.0;89.0;1.0;0.0;1;-30.0;30.0
3002;2174;0.05787;0.10132;0.00967;89.0;89.0;89.0;1.0;0.0;1;-30.0;30.0
3003;1656;0.01041;0.03355;0.00354;114.0;114.0;114.0;1.0;0.0;1;-30.0;30.0
3004;2093;0.00975;0.0305;0.00315;117.0;117.0;117.0;1.0;0.0;1;-30.0;30.0
2998;1747;0.00256;0.00826;0.00087;114.0;114.0;114.0;1.0;0.0;1;-30.0;30.0
3000;2998;0.00306;0.01;0.00105;114.0;114.0;114.0;1.0;0.0;1;-30.0;30.0
2997;2998;0.00025;0.00091;8.0e-5;114.0;114.0;114.0;1.0;0.0;1;-30.0;30.0
2999;1748;0.0057;0.01826;0.00192;114.0;114.0;114.0;1.0;0.0;1;-30.0;30.0
2832;3005;0.01103;0.03572;0.00367;119.0;119.0;119.0;1.0;0.0;1;-30.0;30.0
2947;3013;0.00934;0.0305;0.00311;120.0;120.0;120.0;1.0;0.0;1;-30.0;30.0
2964;2759;0.00543;0.01774;0.00181;120.0;120.0;120.0;1.0;0.0;1;-30.0;30.0
4;3;2.0e-5;0.00021;0.0;417.0;417.0;417.0;1.0;0.0;1;-30.0;30.0
7;6;2.0e-5;0.00021;0.0;417.0;417.0;417.0;1.0;0.0;1;-30.0;30.0
9;8;2.0e-5;0.00021;0.0;417.0;417.0;417.0;1.0;0.0;1;-30.0;30.0
12;11;1.0e-5;6.0e-5;0.0;581.0;581.0;581.0;1.0;0.0;1;-30.0;30.0
15;14;2.0e-5;0.00021;0.0;417.0;417.0;417.0;1.0;0.0;1;-30.0;30.0
16;15;2.0e-5;0.00021;0.0;417.0;417.0;417.0;1.0;0.0;1;-30.0;30.0
20;19;1.0e-5;6.0e-5;0.0;581.0;581.0;581.0;1.0;0.0;1;-30.0;30.0
23;22;1.0e-5;6.0e-5;0.0;581.0;581.0;581.0;1.0;0.0;1;-30.0;30.0
25;24;2.0e-5;0.00021;0.0;417.0;417.0;417.0;1.0;0.0;1;-30.0;30.0
27;26;2.0e-5;0.00021;0.0;417.0;417.0;417.0;1.0;0.0;1;-30.0;30.0
29;28;2.0e-5;0.00021;0.0;417.0;417.0;417.0;1.0;0.0;1;-30.0;30.0
31;30;2.0e-5;0.00021;0.0;417.0;417.0;417.0;1.0;0.0;1;-30.0;30.0
33;32;2.0e-5;0.00021;0.0;417.0;417.0;417.0;1.0;0.0;1;-30.0;30.0
35;34;1.0e-5;6.0e-5;0.0;581.0;581.0;581.0;1.0;0.0;1;-30.0;30.0
39;38;2.0e-5;0.00021;0.0;417.0;417.0;417.0;1.0;0.0;1;-30.0;30.0
41;40;1.0e-5;6.0e-5;0.0;581.0;581.0;581.0;1.0;0.0;1;-30.0;30.0
43;42;2.0e-5;0.00021;0.0;417.0;417.0;417.0;1.0;0.0;1;-30.0;30.0
45;44;1.0e-5;6.0e-5;0.0;581.0;581.0;581.0;1.0;0.0;1;-30.0;30.0
48;47;2.0e-5;0.00021;0.0;417.0;417.0;417.0;1.0;0.0;1;-30.0;30.0
52;51;2.0e-5;0.00021;0.0;417.0;417.0;417.0;1.0;0.0;1;-30.0;30.0
55;54;2.0e-5;0.00021;0.0;417.0;417.0;417.0;1.0;0.0;1;-30.0;30.0
59;57;2.0e-5;0.00021;0.0;417.0;417.0;417.0;1.0;0.0;1;-30.0;30.0
58;57;2.0e-5;0.00021;0.0;417.0;417.0;417.0;1.0;0.0;1;-30.0;30.0
61;60;1.0e-5;6.0e-5;0.0;581.0;581.0;581.0;1.0;0.0;1;-30.0;30.0
64;63;1.0e-5;6.0e-5;0.0;581.0;581.0;581.0;1.0;0.0;1;-30.0;30.0
67;66;2.0e-5;0.00021;0.0;417.0;417.0;417.0;1.0;0.0;1;-30.0;30.0
69;68;1.0e-5;6.0e-5;0.0;581.0;581.0;581.0;1.0;0.0;1;-30.0;30.0
71;70;2.0e-5;0.00021;0.0;417.0;417.0;417.0;1.0;0.0;1;-30.0;30.0
73;72;1.0e-5;6.0e-5;0.0;581.0;581.0;581.0;1.0;0.0;1;-30.0;30.0
75;74;2.0e-5;0.00021;0.0;417.0;417.0;417.0;1.0;0.0;1;-30.0;30.0
77;76;2.0e-5;0.00021;0.0;417.0;417.0;417.0;1.0;0.0;1;-30.0;30.0
79;78;2.0e-5;0.00021;0.0;417.0;417.0;417.0;1.0;0.0;1;-30.0;30.0
81;80;1.0e-5;6.0e-5;0.0;581.0;581.0;581.0;1.0;0.0;1;-30.0;30.0
89;88;2.0e-5;0.00021;0.0;417.0;417.0;417.0;1.0;0.0;1;-30.0;30.0
91;90;2.0e-5;0.00021;0.0;417.0;417.0;417.0;1.0;0.0;1;-30.0;30.0
93;92;2.0e-5;0.00021;0.0;417.0;417.0;417.0;1.0;0.0;1;-30.0;30.0
97;96;2.0e-5;0.00021;0.0;417.0;417.0;417.0;1.0;0.0;1;-30.0;30.0
99;98;1.0e-5;6.0e-5;0.0;581.0;581.0;581.0;1.0;0.0;1;-30.0;30.0
102;101;2.0e-5;0.00021;0.0;417.0;417.0;417.0;1.0;0.0;1;-30.0;30.0
104;103;2.0e-5;0.00021;0.0;417.0;417.0;417.0;1.0;0.0;1;-30.0;30.0
106;105;2.0e-5;0.00021;0.0;417.0;417.0;417.0;1.0;0.0;1;-30.0;30.0
108;107;2.0e-5;0.00021;0.0;417.0;417.0;417.0;1.0;0.0;1;-30.0;30.0
110;109;1.0e-5;6.0e-5;0.0;581.0;581.0;581.0;1.0;0.0;1;-30.0;30.0
112;111;2.0e-5;0.00021;0.0;417.0;417.0;417.0;1.0;0.0;1;-30.0;30.0
114;113;2.0e-5;0.00021;0.0;417.0;417.0;417.0;1.0;0.0;1;-30.0;30.0
116;115;2.0e-5;0.00021;0.0;417.0;417.0;417.0;1.0;0.0;1;-30.0;30.0
118;117;2.0e-5;0.00021;0.0;417.0;417.0;417.0;1.0;0.0;1;-30.0;30.0
120;119;2.0e-5;0.00021;0.0;417.0;417.0;417.0;1.0;0.0;1;-30.0;30.0
122;121;2.0e-5;0.00021;0.0;417.0;417.0;417.0;1.0;0.0;1;-30.0;30.0
124;123;2.0e-5;0.00021;0.0;417.0;417.0;417.0;1.0;0.0;1;-30.0;30.0
126;125;2.0e-5;0.00021;0.0;417.0;417.0;417.0;1.0;0.0;1;-30.0;30.0
129;128;2.0e-5;0.00021;0.0;417.0;417.0;417.0;1.0;0.0;1;-30.0;30.0
131;130;2.0e-5;0.00021;0.0;417.0;417.0;417.0;1.0;0.0;1;-30.0;30.0
133;132;1.0e-5;6.0e-5;0.0;581.0;581.0;581.0;1.0;0.0;1;-30.0;30.0
135;134;2.0e-5;0.00021;0.0;417.0;417.0;417.0;1.0;0.0;1;-30.0;30.0
137;136;2.0e-5;0.00021;0.0;417.0;417.0;417.0;1.0;0.0;1;-30.0;30.0
139;138;1.0e-5;6.0e-5;0.0;581.0;581.0;581.0;1.0;0.0;1;-30.0;30.0
141;140;1.0e-5;6.0e-5;0.0;581.0;581.0;581.0;1.0;0.0;1;-30.0;30.0
143;142;2.0e-5;0.00021;0.0;417.0;417.0;417.0;1.0;0.0;1;-30.0;30.0
145;144;2.0e-5;0.00021;0.0;417.0;417.0;417.0;1.0;0.0;1;-30.0;30.0
147;146;1.0e-5;6.0e-5;0.0;581.0;581.0;581.0;1.0;0.0;1;-30.0;30.0
149;148;2.0e-5;0.00021;0.0;417.0;417.0;417.0;1.0;0.0;1;-30.0;30.0
155;154;2.0e-5;0.00021;0.0;417.0;417.0;417.0;1.0;0.0;1;-30.0;30.0
157;156;2.0e-5;0.00021;0.0;417.0;417.0;417.0;1.0;0.0;1;-30.0;30.0
160;159;2.0e-5;0.00021;0.0;417.0;417.0;417.0;1.0;0.0;1;-30.0;30.0
162;161;1.0e-5;6.0e-5;0.0;581.0;581.0;581.0;1.0;0.0;1;-30.0;30.0
165;164;2.0e-5;0.00021;0.0;417.0;417.0;417.0;1.0;0.0;1;-30.0;30.0
167;166;2.0e-5;0.00021;0.0;417.0;417.0;417.0;1.0;0.0;1;-30.0;30.0
170;169;2.0e-5;0.00021;0.0;417.0;417.0;417.0;1.0;0.0;1;-30.0;30.0
172;173;2.0e-5;0.00021;0.0;417.0;417.0;417.0;1.0;0.0;1;-30.0;30.0
175;174;1.0e-5;6.0e-5;0.0;581.0;581.0;581.0;1.0;0.0;1;-30.0;30.0
177;176;2.0e-5;0.00021;0.0;417.0;417.0;417.0;1.0;0.0;1;-30.0;30.0
179;178;2.0e-5;0.00021;0.0;417.0;417.0;417.0;1.0;0.0;1;-30.0;30.0
181;180;2.0e-5;0.00021;0.0;417.0;417.0;417.0;1.0;0.0;1;-30.0;30.0
182;181;2.0e-5;0.00021;0.0;417.0;417.0;417.0;1.0;0.0;1;-30.0;30.0
184;183;1.0e-5;6.0e-5;0.0;581.0;581.0;581.0;1.0;0.0;1;-30.0;30.0
186;185;2.0e-5;0.00021;0.0;417.0;417.0;417.0;1.0;0.0;1;-30.0;30.0
190;189;1.0e-5;6.0e-5;0.0;581.0;581.0;581.0;1.0;0.0;1;-30.0;30.0
192;191;2.0e-5;0.00021;0.0;417.0;417.0;417.0;1.0;0.0;1;-30.0;30.0
195;194;2.0e-5;0.00021;0.0;417.0;417.0;417.0;1.0;0.0;1;-30.0;30.0
197;196;2.0e-5;0.00021;0.0;417.0;417.0;417.0;1.0;0.0;1;-30.0;30.0
199;198;2.0e-5;0.00021;0.0;417.0;417.0;417.0;1.0;0.0;1;-30.0;30.0
201;200;1.0e-5;6.0e-5;0.0;581.0;581.0;581.0;1.0;0.0;1;-30.0;30.0
203;202;2.0e-5;0.00021;0.0;417.0;417.0;417.0;1.0;0.0;1;-30.0;30.0
206;205;2.0e-5;0.00021;0.0;417.0;417.0;417.0;1.0;0.0;1;-30.0;30.0
210;209;2.0e-5;0.00021;0.0;417.0;417.0;417.0;1.0;0.0;1;-30.0;30.0
214;213;1.0e-5;6.0e-5;0.0;581.0;581.0;581.0;1.0;0.0;1;-30.0;30.0
216;215;1.0e-5;6.0e-5;0.0;581.0;581.0;581.0;1.0;0.0;1;-30.0;30.0
219;218;2.0e-5;0.00021;0.0;417.0;417.0;417.0;1.0;0.0;1;-30.0;30.0
221;220;2.0e-5;0.00021;0.0;417.0;417.0;417.0;1.0;0.0;1;-30.0;30.0
226;225;2.0e-5;0.00021;0.0;417.0;417.0;417.0;1.0;0.0;1;-30.0;30.0
230;229;1.0e-5;6.0e-5;0.0;581.0;581.0;581.0;1.0;0.0;1;-30.0;30.0
233;232;2.0e-5;0.00021;0.0;417.0;417.0;417.0;1.0;0.0;1;-30.0;30.0
235;234;1.0e-5;6.0e-5;0.0;581.0;581.0;581.0;1.0;0.0;1;-30.0;30.0
237;236;2.0e-5;0.00021;0.0;417.0;417.0;417.0;1.0;0.0;1;-30.0;30.0
239;238;2.0e-5;0.00021;0.0;417.0;417.0;417.0;1.0;0.0;1;-30.0;30.0
241;240;1.0e-5;6.0e-5;0.0;581.0;581.0;581.0;1.0;0.0;1;-30.0;30.0
243;242;2.0e-5;0.00021;0.0;417.0;417.0;417.0;1.0;0.0;1;-30.0;30.0
247;246;8.0e-5;0.00083;0.0;208.0;208.0;208.0;1.0;0.0;1;-30.0;30.0
249;248;8.0e-5;0.00083;0.0;208.0;208.0;208.0;1.0;0.0;1;-30.0;30.0
251;250;8.0e-5;0.00083;0.0;208.0;208.0;208.0;1.0;0.0;1;-30.0;30.0
261;260;8.0e-5;0.00083;0.0;208.0;208.0;208.0;1.0;0.0;1;-30.0;30.0
264;263;8.0e-5;0.00083;0.0;208.0;208.0;208.0;1.0;0.0;1;-30.0;30.0
266;265;8.0e-5;0.00083;0.0;208.0;208.0;208.0;1.0;0.0;1;-30.0;30.0
283;282;8.0e-5;0.00083;0.0;208.0;208.0;208.0;1.0;0.0;1;-30.0;30.0
285;284;8.0e-5;0.00083;0.0;208.0;208.0;208.0;1.0;0.0;1;-30.0;30.0
289;288;8.0e-5;0.00083;0.0;208.0;208.0;208.0;1.0;0.0;1;-30.0;30.0
292;291;8.0e-5;0.00083;0.0;208.0;208.0;208.0;1.0;0.0;1;-30.0;30.0
294;293;8.0e-5;0.00083;0.0;208.0;208.0;208.0;1.0;0.0;1;-30.0;30.0
296;295;8.0e-5;0.00083;0.0;208.0;208.0;208.0;1.0;0.0;1;-30.0;30.0
303;302;8.0e-5;0.00083;0.0;208.0;208.0;208.0;1.0;0.0;1;-30.0;30.0
306;305;8.0e-5;0.00083;0.0;208.0;208.0;208.0;1.0;0.0;1;-30.0;30.0
309;308;8.0e-5;0.00083;0.0;208.0;208.0;208.0;1.0;0.0;1;-30.0;30.0
312;311;8.0e-5;0.00083;0.0;208.0;208.0;208.0;1.0;0.0;1;-30.0;30.0
326;325;8.0e-5;0.00083;0.0;208.0;208.0;208.0;1.0;0.0;1;-30.0;30.0
338;337;8.0e-5;0.00083;0.0;208.0;208.0;208.0;1.0;0.0;1;-30.0;30.0
341;340;8.0e-5;0.00083;0.0;208.0;208.0;208.0;1.0;0.0;1;-30.0;30.0
343;342;8.0e-5;0.00083;0.0;208.0;208.0;208.0;1.0;0.0;1;-30.0;30.0
350;349;8.0e-5;0.00083;0.0;208.0;208.0;208.0;1.0;0.0;1;-30.0;30.0
356;355;8.0e-5;0.00083;0.0;208.0;208.0;208.0;1.0;0.0;1;-30.0;30.0
363;362;8.0e-5;0.00083;0.0;208.0;208.0;208.0;1.0;0.0;1;-30.0;30.0
390;389;8.0e-5;0.00083;0.0;208.0;208.0;208.0;1.0;0.0;1;-30.0;30.0
395;394;8.0e-5;0.00083;0.0;208.0;208.0;208.0;1.0;0.0;1;-30.0;30.0
397;396;8.0e-5;0.00083;0.0;208.0;208.0;208.0;1.0;0.0;1;-30.0;30.0
405;404;8.0e-5;0.00083;0.0;208.0;208.0;208.0;1.0;0.0;1;-30.0;30.0
407;406;8.0e-5;0.00083;0.0;208.0;208.0;208.0;1.0;0.0;1;-30.0;30.0
413;412;8.0e-5;0.00083;0.0;208.0;208.0;208.0;1.0;0.0;1;-30.0;30.0
415;414;8.0e-5;0.00083;0.0;208.0;208.0;208.0;1.0;0.0;1;-30.0;30.0
420;419;8.0e-5;0.00083;0.0;208.0;208.0;208.0;1.0;0.0;1;-30.0;30.0
441;440;8.0e-5;0.00083;0.0;208.0;208.0;208.0;1.0;0.0;1;-30.0;30.0
446;445;8.0e-5;0.00083;0.0;208.0;208.0;208.0;1.0;0.0;1;-30.0;30.0
448;447;8.0e-5;0.00083;0.0;208.0;208.0;208.0;1.0;0.0;1;-30.0;30.0
450;449;8.0e-5;0.00083;0.0;208.0;208.0;208.0;1.0;0.0;1;-30.0;30.0
451;450;8.0e-5;0.00083;0.0;208.0;208.0;208.0;1.0;0.0;1;-30.0;30.0
460;459;8.0e-5;0.00083;0.0;208.0;208.0;208.0;1.0;0.0;1;-30.0;30.0
463;462;8.0e-5;0.00083;0.0;208.0;208.0;208.0;1.0;0.0;1;-30.0;30.0
467;466;8.0e-5;0.00083;0.0;208.0;208.0;208.0;1.0;0.0;1;-30.0;30.0
473;472;8.0e-5;0.00083;0.0;208.0;208.0;208.0;1.0;0.0;1;-30.0;30.0
496;495;8.0e-5;0.00083;0.0;208.0;208.0;208.0;1.0;0.0;1;-30.0;30.0
507;506;8.0e-5;0.00083;0.0;208.0;208.0;208.0;1.0;0.0;1;-30.0;30.0
516;515;8.0e-5;0.00083;0.0;208.0;208.0;208.0;1.0;0.0;1;-30.0;30.0
520;519;8.0e-5;0.00083;0.0;208.0;208.0;208.0;1.0;0.0;1;-30.0;30.0
528;527;8.0e-5;0.00083;0.0;208.0;208.0;208.0;1.0;0.0;1;-30.0;30.0
533;532;8.0e-5;0.00083;0.0;208.0;208.0;208.0;1.0;0.0;1;-30.0;30.0
538;537;8.0e-5;0.00083;0.0;208.0;208.0;208.0;1.0;0.0;1;-30.0;30.0
542;541;8.0e-5;0.00083;0.0;208.0;208.0;208.0;1.0;0.0;1;-30.0;30.0
552;551;8.0e-5;0.00083;0.0;208.0;208.0;208.0;1.0;0.0;1;-30.0;30.0
555;554;8.0e-5;0.00083;0.0;208.0;208.0;208.0;1.0;0.0;1;-30.0;30.0
561;560;8.0e-5;0.00083;0.0;208.0;208.0;208.0;1.0;0.0;1;-30.0;30.0
563;562;8.0e-5;0.00083;0.0;208.0;208.0;208.0;1.0;0.0;1;-30.0;30.0
571;570;8.0e-5;0.00083;0.0;208.0;208.0;208.0;1.0;0.0;1;-30.0;30.0
573;572;8.0e-5;0.00083;0.0;208.0;208.0;208.0;1.0;0.0;1;-30.0;30.0
578;577;8.0e-5;0.00083;0.0;208.0;208.0;208.0;1.0;0.0;1;-30.0;30.0
583;582;8.0e-5;0.00083;0.0;208.0;208.0;208.0;1.0;0.0;1;-30.0;30.0
593;592;8.0e-5;0.00083;0.0;208.0;208.0;208.0;1.0;0.0;1;-30.0;30.0
596;595;8.0e-5;0.00083;0.0;208.0;208.0;208.0;1.0;0.0;1;-30.0;30.0
604;603;8.0e-5;0.00083;0.0;208.0;208.0;208.0;1.0;0.0;1;-30.0;30.0
606;605;8.0e-5;0.00083;0.0;208.0;208.0;208.0;1.0;0.0;1;-30.0;30.0
610;609;8.0e-5;0.00083;0.0;208.0;208.0;208.0;1.0;0.0;1;-30.0;30.0
612;611;8.0e-5;0.00083;0.0;208.0;208.0;208.0;1.0;0.0;1;-30.0;30.0
614;613;8.0e-5;0.00083;0.0;208.0;208.0;208.0;1.0;0.0;1;-30.0;30.0
616;615;8.0e-5;0.00083;0.0;208.0;208.0;208.0;1.0;0.0;1;-30.0;30.0
621;620;8.0e-5;0.00083;0.0;208.0;208.0;208.0;1.0;0.0;1;-30.0;30.0
623;622;8.0e-5;0.00083;0.0;208.0;208.0;208.0;1.0;0.0;1;-30.0;30.0
627;626;8.0e-5;0.00083;0.0;208.0;208.0;208.0;1.0;0.0;1;-30.0;30.0
632;631;8.0e-5;0.00083;0.0;208.0;208.0;208.0;1.0;0.0;1;-30.0;30.0
636;635;8.0e-5;0.00083;0.0;208.0;208.0;208.0;1.0;0.0;1;-30.0;30.0
643;642;8.0e-5;0.00083;0.0;208.0;208.0;208.0;1.0;0.0;1;-30.0;30.0
645;644;8.0e-5;0.00083;0.0;208.0;208.0;208.0;1.0;0.0;1;-30.0;30.0
647;646;8.0e-5;0.00083;0.0;208.0;208.0;208.0;1.0;0.0;1;-30.0;30.0
649;648;8.0e-5;0.00083;0.0;208.0;208.0;208.0;1.0;0.0;1;-30.0;30.0
651;650;8.0e-5;0.00083;0.0;208.0;208.0;208.0;1.0;0.0;1;-30.0;30.0
653;652;8.0e-5;0.00083;0.0;208.0;208.0;208.0;1.0;0.0;1;-30.0;30.0
655;654;8.0e-5;0.00083;0.0;208.0;208.0;208.0;1.0;0.0;1;-30.0;30.0
657;656;8.0e-5;0.00083;0.0;208.0;208.0;208.0;1.0;0.0;1;-30.0;30.0
659;658;8.0e-5;0.00083;0.0;208.0;208.0;208.0;1.0;0.0;1;-30.0;30.0
662;661;8.0e-5;0.00083;0.0;208.0;208.0;208.0;1.0;0.0;1;-30.0;30.0
668;667;8.0e-5;0.00083;0.0;208.0;208.0;208.0;1.0;0.0;1;-30.0;30.0
675;674;8.0e-5;0.00083;0.0;208.0;208.0;208.0;1.0;0.0;1;-30.0;30.0
677;676;8.0e-5;0.00083;0.0;208.0;208.0;208.0;1.0;0.0;1;-30.0;30.0
679;678;8.0e-5;0.00083;0.0;208.0;208.0;208.0;1.0;0.0;1;-30.0;30.0
681;680;8.0e-5;0.00083;0.0;208.0;208.0;208.0;1.0;0.0;1;-30.0;30.0
685;684;8.0e-5;0.00083;0.0;208.0;208.0;208.0;1.0;0.0;1;-30.0;30.0
687;686;8.0e-5;0.00083;0.0;208.0;208.0;208.0;1.0;0.0;1;-30.0;30.0
689;688;8.0e-5;0.00083;0.0;208.0;208.0;208.0;1.0;0.0;1;-30.0;30.0
691;690;8.0e-5;0.00083;0.0;208.0;208.0;208.0;1.0;0.0;1;-30.0;30.0
698;697;8.0e-5;0.00083;0.0;208.0;208.0;208.0;1.0;0.0;1;-30.0;30.0
702;700;8.0e-5;0.00083;0.0;208.0;208.0;208.0;1.0;0.0;1;-30.0;30.0
733;732;8.0e-5;0.00083;0.0;208.0;208.0;208.0;1.0;0.0;1;-30.0;30.0
736;735;8.0e-5;0.00083;0.0;208.0;208.0;208.0;1.0;0.0;1;-30.0;30.0
742;741;8.0e-5;0.00083;0.0;208.0;208.0;208.0;1.0;0.0;1;-30.0;30.0
745;744;8.0e-5;0.00083;0.0;208.0;208.0;208.0;1.0;0.0;1;-30.0;30.0
747;746;8.0e-5;0.00083;0.0;208.0;208.0;208.0;1.0;0.0;1;-30.0;30.0
754;753;8.0e-5;0.00083;0.0;208.0;208.0;208.0;1.0;0.0;1;-30.0;30.0
756;755;8.0e-5;0.00083;0.0;208.0;208.0;208.0;1.0;0.0;1;-30.0;30.0
762;761;8.0e-5;0.00083;0.0;208.0;208.0;208.0;1.0;0.0;1;-30.0;30.0
769;768;8.0e-5;0.00083;0.0;208.0;208.0;208.0;1.0;0.0;1;-30.0;30.0
771;770;8.0e-5;0.00083;0.0;208.0;208.0;208.0;1.0;0.0;1;-30.0;30.0
776;775;8.0e-5;0.00083;0.0;208.0;208.0;208.0;1.0;0.0;1;-30.0;30.0
786;785;8.0e-5;0.00083;0.0;208.0;208.0;208.0;1.0;0.0;1;-30.0;30.0
790;789;8.0e-5;0.00083;0.0;208.0;208.0;208.0;1.0;0.0;1;-30.0;30.0
847;846;8.0e-5;0.00083;0.0;208.0;208.0;208.0;1.0;0.0;1;-30.0;30.0
852;851;8.0e-5;0.00083;0.0;208.0;208.0;208.0;1.0;0.0;1;-30.0;30.0
855;854;8.0e-5;0.00083;0.0;208.0;208.0;208.0;1.0;0.0;1;-30.0;30.0
871;870;8.0e-5;0.00083;0.0;208.0;208.0;208.0;1.0;0.0;1;-30.0;30.0
883;882;8.0e-5;0.00083;0.0;208.0;208.0;208.0;1.0;0.0;1;-30.0;30.0
889;888;8.0e-5;0.00083;0.0;208.0;208.0;208.0;1.0;0.0;1;-30.0;30.0
903;902;8.0e-5;0.00083;0.0;208.0;208.0;208.0;1.0;0.0;1;-30.0;30.0
906;905;8.0e-5;0.00083;0.0;208.0;208.0;208.0;1.0;0.0;1;-30.0;30.0
923;922;8.0e-5;0.00083;0.0;208.0;208.0;208.0;1.0;0.0;1;-30.0;30.0
935;934;8.0e-5;0.00083;0.0;208.0;208.0;208.0;1.0;0.0;1;-30.0;30.0
951;950;8.0e-5;0.00083;0.0;208.0;208.0;208.0;1.0;0.0;1;-30.0;30.0
955;954;8.0e-5;0.00083;0.0;208.0;208.0;208.0;1.0;0.0;1;-30.0;30.0
961;960;8.0e-5;0.00083;0.0;208.0;208.0;208.0;1.0;0.0;1;-30.0;30.0
967;966;8.0e-5;0.00083;0.0;208.0;208.0;208.0;1.0;0.0;1;-30.0;30.0
977;976;8.0e-5;0.00083;0.0;208.0;208.0;208.0;1.0;0.0;1;-30.0;30.0
994;993;8.0e-5;0.00083;0.0;208.0;208.0;208.0;1.0;0.0;1;-30.0;30.0
1001;1000;8.0e-5;0.00083;0.0;208.0;208.0;208.0;1.0;0.0;1;-30.0;30.0
1042;1041;8.0e-5;0.00083;0.0;208.0;208.0;208.0;1.0;0.0;1;-30.0;30.0
1058;1057;8.0e-5;0.00083;0.0;208.0;208.0;208.0;1.0;0.0;1;-30.0;30.0
1061;1060;8.0e-5;0.00083;0.0;208.0;208.0;208.0;1.0;0.0;1;-30.0;30.0
1063;1062;8.0e-5;0.00083;0.0;208.0;208.0;208.0;1.0;0.0;1;-30.0;30.0
1064;1063;8.0e-5;0.00083;0.0;208.0;208.0;208.0;1.0;0.0;1;-30.0;30.0
1066;1065;8.0e-5;0.00083;0.0;208.0;208.0;208.0;1.0;0.0;1;-30.0;30.0
1068;1067;8.0e-5;0.00083;0.0;208.0;208.0;208.0;1.0;0.0;1;-30.0;30.0
1072;1071;8.0e-5;0.00083;0.0;208.0;208.0;208.0;1.0;0.0;1;-30.0;30.0
1074;1073;8.0e-5;0.00083;0.0;208.0;208.0;208.0;1.0;0.0;1;-30.0;30.0
1079;1078;8.0e-5;0.00083;0.0;208.0;208.0;208.0;1.0;0.0;1;-30.0;30.0
1081;1080;8.0e-5;0.00083;0.0;208.0;208.0;208.0;1.0;0.0;1;-30.0;30.0
1086;1085;8.0e-5;0.00083;0.0;208.0;208.0;208.0;1.0;0.0;1;-30.0;30.0
1088;1087;8.0e-5;0.00083;0.0;208.0;208.0;208.0;1.0;0.0;1;-30.0;30.0
1093;1092;8.0e-5;0.00083;0.0;208.0;208.0;208.0;1.0;0.0;1;-30.0;30.0
1101;1100;8.0e-5;0.00083;0.0;208.0;208.0;208.0;1.0;0.0;1;-30.0;30.0
1103;1102;8.0e-5;0.00083;0.0;208.0;208.0;208.0;1.0;0.0;1;-30.0;30.0
1106;1105;8.0e-5;0.00083;0.0;208.0;208.0;208.0;1.0;0.0;1;-30.0;30.0
1108;1107;8.0e-5;0.00083;0.0;208.0;208.0;208.0;1.0;0.0;1;-30.0;30.0
1114;1113;8.0e-5;0.00083;0.0;208.0;208.0;208.0;1.0;0.0;1;-30.0;30.0
1116;1115;8.0e-5;0.00083;0.0;208.0;208.0;208.0;1.0;0.0;1;-30.0;30.0
1118;1117;8.0e-5;0.00083;0.0;208.0;208.0;208.0;1.0;0.0;1;-30.0;30.0
1128;1127;8.0e-5;0.00083;0.0;208.0;208.0;208.0;1.0;0.0;1;-30.0;30.0
1130;1129;8.0e-5;0.00083;0.0;208.0;208.0;208.0;1.0;0.0;1;-30.0;30.0
1138;1137;8.0e-5;0.00083;0.0;208.0;208.0;208.0;1.0;0.0;1;-30.0;30.0
1140;1139;8.0e-5;0.00083;0.0;208.0;208.0;208.0;1.0;0.0;1;-30.0;30.0
1145;1144;8.0e-5;0.00083;0.0;208.0;208.0;208.0;1.0;0.0;1;-30.0;30.0
1147;1146;8.0e-5;0.00083;0.0;208.0;208.0;208.0;1.0;0.0;1;-30.0;30.0
1149;1148;8.0e-5;0.00083;0.0;208.0;208.0;208.0;1.0;0.0;1;-30.0;30.0
1153;1152;8.0e-5;0.00083;0.0;208.0;208.0;208.0;1.0;0.0;1;-30.0;30.0
1155;1154;8.0e-5;0.00083;0.0;208.0;208.0;208.0;1.0;0.0;1;-30.0;30.0
1157;1156;8.0e-5;0.00083;0.0;208.0;208.0;208.0;1.0;0.0;1;-30.0;30.0
1162;1161;8.0e-5;0.00083;0.0;208.0;208.0;208.0;1.0;0.0;1;-30.0;30.0
1167;1166;8.0e-5;0.00083;0.0;208.0;208.0;208.0;1.0;0.0;1;-30.0;30.0
1169;1168;8.0e-5;0.00083;0.0;208.0;208.0;208.0;1.0;0.0;1;-30.0;30.0
1173;1172;8.0e-5;0.00083;0.0;208.0;208.0;208.0;1.0;0.0;1;-30.0;30.0
1175;1174;8.0e-5;0.00083;0.0;208.0;208.0;208.0;1.0;0.0;1;-30.0;30.0
1177;1176;8.0e-5;0.00083;0.0;208.0;208.0;208.0;1.0;0.0;1;-30.0;30.0
1179;1178;8.0e-5;0.00083;0.0;208.0;208.0;208.0;1.0;0.0;1;-30.0;30.0
1183;1182;8.0e-5;0.00083;0.0;208.0;208.0;208.0;1.0;0.0;1;-30.0;30.0
1185;1184;8.0e-5;0.00083;0.0;208.0;208.0;208.0;1.0;0.0;1;-30.0;30.0
1187;1186;8.0e-5;0.00083;0.0;208.0;208.0;208.0;1.0;0.0;1;-30.0;30.0
1191;1190;8.0e-5;0.00083;0.0;208.0;208.0;208.0;1.0;0.0;1;-30.0;30.0
1193;1192;8.0e-5;0.00083;0.0;208.0;208.0;208.0;1.0;0.0;1;-30.0;30.0
1195;1194;8.0e-5;0.00083;0.0;208.0;208.0;208.0;1.0;0.0;1;-30.0;30.0
1199;1198;8.0e-5;0.00083;0.0;208.0;208.0;208.0;1.0;0.0;1;-30.0;30.0
1201;1200;8.0e-5;0.00083;0.0;208.0;208.0;208.0;1.0;0.0;1;-30.0;30.0
1203;1202;8.0e-5;0.00083;0.0;208.0;208.0;208.0;1.0;0.0;1;-30.0;30.0
1207;1206;8.0e-5;0.00083;0.0;208.0;208.0;208.0;1.0;0.0;1;-30.0;30.0
1213;1212;8.0e-5;0.00083;0.0;208.0;208.0;208.0;1.0;0.0;1;-30.0;30.0
1217;1216;8.0e-5;0.00083;0.0;208.0;208.0;208.0;1.0;0.0;1;-30.0;30.0
1219;1218;8.0e-5;0.00083;0.0;208.0;208.0;208.0;1.0;0.0;1;-30.0;30.0
1221;1220;8.0e-5;0.00083;0.0;208.0;208.0;208.0;1.0;0.0;1;-30.0;30.0
1223;1222;8.0e-5;0.00083;0.0;208.0;208.0;208.0;1.0;0.0;1;-30.0;30.0
1225;1224;8.0e-5;0.00083;0.0;208.0;208.0;208.0;1.0;0.0;1;-30.0;30.0
1232;1231;8.0e-5;0.00083;0.0;208.0;208.0;208.0;1.0;0.0;1;-30.0;30.0
1238;1237;8.0e-5;0.00083;0.0;208.0;208.0;208.0;1.0;0.0;1;-30.0;30.0
1239;1238;8.0e-5;0.00083;0.0;208.0;208.0;208.0;1.0;0.0;1;-30.0;30.0
1249;1248;8.0e-5;0.00083;0.0;208.0;208.0;208.0;1.0;0.0;1;-30.0;30.0
1255;1254;8.0e-5;0.00083;0.0;208.0;208.0;208.0;1.0;0.0;1;-30.0;30.0
1257;1256;8.0e-5;0.00083;0.0;208.0;208.0;208.0;1.0;0.0;1;-30.0;30.0
1261;1260;8.0e-5;0.00083;0.0;208.0;208.0;208.0;1.0;0.0;1;-30.0;30.0
1263;1262;8.0e-5;0.00083;0.0;208.0;208.0;208.0;1.0;0.0;1;-30.0;30.0
1265;1264;8.0e-5;0.00083;0.0;208.0;208.0;208.0;1.0;0.0;1;-30.0;30.0
1271;1270;8.0e-5;0.00083;0.0;208.0;208.0;208.0;1.0;0.0;1;-30.0;30.0
1275;1274;8.0e-5;0.00083;0.0;208.0;208.0;208.0;1.0;0.0;1;-30.0;30.0
1278;1277;8.0e-5;0.00083;0.0;208.0;208.0;208.0;1.0;0.0;1;-30.0;30.0
1280;1279;8.0e-5;0.00083;0.0;208.0;208.0;208.0;1.0;0.0;1;-30.0;30.0
1283;1282;8.0e-5;0.00083;0.0;208.0;208.0;208.0;1.0;0.0;1;-30.0;30.0
1285;1284;8.0e-5;0.00083;0.0;208.0;208.0;208.0;1.0;0.0;1;-30.0;30.0
1287;1286;8.0e-5;0.00083;0.0;208.0;208.0;208.0;1.0;0.0;1;-30.0;30.0
1289;1288;8.0e-5;0.00083;0.0;208.0;208.0;208.0;1.0;0.0;1;-30.0;30.0
1291;1290;8.0e-5;0.00083;0.0;208.0;208.0;208.0;1.0;0.0;1;-30.0;30.0
1293;1292;8.0e-5;0.00083;0.0;208.0;208.0;208.0;1.0;0.0;1;-30.0;30.0
1295;1294;8.0e-5;0.00083;0.0;208.0;208.0;208.0;1.0;0.0;1;-30.0;30.0
1302;1301;8.0e-5;0.00083;0.0;208.0;208.0;208.0;1.0;0.0;1;-30.0;30.0
1304;1303;8.0e-5;0.00083;0.0;208.0;208.0;208.0;1.0;0.0;1;-30.0;30.0
1312;1311;8.0e-5;0.00083;0.0;208.0;208.0;208.0;1.0;0.0;1;-30.0;30.0
1318;1317;8.0e-5;0.00083;0.0;208.0;208.0;208.0;1.0;0.0;1;-30.0;30.0
1324;1323;8.0e-5;0.00083;0.0;208.0;208.0;208.0;1.0;0.0;1;-30.0;30.0
1326;1325;8.0e-5;0.00083;0.0;208.0;208.0;208.0;1.0;0.0;1;-30.0;30.0
1334;1333;8.0e-5;0.00083;0.0;208.0;208.0;208.0;1.0;0.0;1;-30.0;30.0
1336;1335;8.0e-5;0.00083;0.0;208.0;208.0;208.0;1.0;0.0;1;-30.0;30.0
1350;1349;8.0e-5;0.00083;0.0;208.0;208.0;208.0;1.0;0.0;1;-30.0;30.0
1352;1351;8.0e-5;0.00083;0.0;208.0;208.0;208.0;1.0;0.0;1;-30.0;30.0
1363;1362;8.0e-5;0.00083;0.0;208.0;208.0;208.0;1.0;0.0;1;-30.0;30.0
1364;1363;8.0e-5;0.00083;0.0;208.0;208.0;208.0;1.0;0.0;1;-30.0;30.0
1368;1367;8.0e-5;0.00083;0.0;208.0;208.0;208.0;1.0;0.0;1;-30.0;30.0
1370;1369;8.0e-5;0.00083;0.0;208.0;208.0;208.0;1.0;0.0;1;-30.0;30.0
1375;1374;8.0e-5;0.00083;0.0;208.0;208.0;208.0;1.0;0.0;1;-30.0;30.0
1386;1385;8.0e-5;0.00083;0.0;208.0;208.0;208.0;1.0;0.0;1;-30.0;30.0
1392;1391;8.0e-5;0.00083;0.0;208.0;208.0;208.0;1.0;0.0;1;-30.0;30.0
1394;1393;8.0e-5;0.00083;0.0;208.0;208.0;208.0;1.0;0.0;1;-30.0;30.0
1403;1402;8.0e-5;0.00083;0.0;208.0;208.0;208.0;1.0;0.0;1;-30.0;30.0
1407;1406;8.0e-5;0.00083;0.0;208.0;208.0;208.0;1.0;0.0;1;-30.0;30.0
1416;1415;8.0e-5;0.00083;0.0;208.0;208.0;208.0;1.0;0.0;1;-30.0;30.0
1423;1422;8.0e-5;0.00083;0.0;208.0;208.0;208.0;1.0;0.0;1;-30.0;30.0
1426;1425;8.0e-5;0.00083;0.0;208.0;208.0;208.0;1.0;0.0;1;-30.0;30.0
1428;1427;8.0e-5;0.00083;0.0;208.0;208.0;208.0;1.0;0.0;1;-30.0;30.0
1430;1429;8.0e-5;0.00083;0.0;208.0;208.0;208.0;1.0;0.0;1;-30.0;30.0
1432;1431;8.0e-5;0.00083;0.0;208.0;208.0;208.0;1.0;0.0;1;-30.0;30.0
1434;1433;8.0e-5;0.00083;0.0;208.0;208.0;208.0;1.0;0.0;1;-30.0;30.0
1436;1435;8.0e-5;0.00083;0.0;208.0;208.0;208.0;1.0;0.0;1;-30.0;30.0
1442;1441;8.0e-5;0.00083;0.0;208.0;208.0;208.0;1.0;0.0;1;-30.0;30.0
1446;1445;8.0e-5;0.00083;0.0;208.0;208.0;208.0;1.0;0.0;1;-30.0;30.0
1452;1451;8.0e-5;0.00083;0.0;208.0;208.0;208.0;1.0;0.0;1;-30.0;30.0
1456;1455;8.0e-5;0.00083;0.0;208.0;208.0;208.0;1.0;0.0;1;-30.0;30.0
1458;1457;8.0e-5;0.00083;0.0;208.0;208.0;208.0;1.0;0.0;1;-30.0;30.0
1462;1461;8.0e-5;0.00083;0.0;208.0;208.0;208.0;1.0;0.0;1;-30.0;30.0
1466;1465;8.0e-5;0.00083;0.0;208.0;208.0;208.0;1.0;0.0;1;-30.0;30.0
1468;1467;8.0e-5;0.00083;0.0;208.0;208.0;208.0;1.0;0.0;1;-30.0;30.0
1470;1469;8.0e-5;0.00083;0.0;208.0;208.0;208.0;1.0;0.0;1;-30.0;30.0
1472;1471;8.0e-5;0.00083;0.0;208.0;208.0;208.0;1.0;0.0;1;-30.0;30.0
1480;1479;8.0e-5;0.00083;0.0;208.0;208.0;208.0;1.0;0.0;1;-30.0;30.0
1482;1481;8.0e-5;0.00083;0.0;208.0;208.0;208.0;1.0;0.0;1;-30.0;30.0
1486;1485;8.0e-5;0.00083;0.0;208.0;208.0;208.0;1.0;0.0;1;-30.0;30.0
1488;1487;8.0e-5;0.00083;0.0;208.0;208.0;208.0;1.0;0.0;1;-30.0;30.0
1490;1489;8.0e-5;0.00083;0.0;208.0;208.0;208.0;1.0;0.0;1;-30.0;30.0
1492;1491;8.0e-5;0.00083;0.0;208.0;208.0;208.0;1.0;0.0;1;-30.0;30.0
1500;1499;8.0e-5;0.00083;0.0;208.0;208.0;208.0;1.0;0.0;1;-30.0;30.0
1502;1501;8.0e-5;0.00083;0.0;208.0;208.0;208.0;1.0;0.0;1;-30.0;30.0
1504;1503;8.0e-5;0.00083;0.0;208.0;208.0;208.0;1.0;0.0;1;-30.0;30.0
1508;1507;8.0e-5;0.00083;0.0;208.0;208.0;208.0;1.0;0.0;1;-30.0;30.0
1515;1514;8.0e-5;0.00083;0.0;208.0;208.0;208.0;1.0;0.0;1;-30.0;30.0
1517;1516;8.0e-5;0.00083;0.0;208.0;208.0;208.0;1.0;0.0;1;-30.0;30.0
1519;1518;8.0e-5;0.00083;0.0;208.0;208.0;208.0;1.0;0.0;1;-30.0;30.0
1521;1520;8.0e-5;0.00083;0.0;208.0;208.0;208.0;1.0;0.0;1;-30.0;30.0
1523;1522;8.0e-5;0.00083;0.0;208.0;208.0;208.0;1.0;0.0;1;-30.0;30.0
1525;1524;8.0e-5;0.00083;0.0;208.0;208.0;208.0;1.0;0.0;1;-30.0;30.0
1527;1526;8.0e-5;0.00083;0.0;208.0;208.0;208.0;1.0;0.0;1;-30.0;30.0
1529;1528;8.0e-5;0.00083;0.0;208.0;208.0;208.0;1.0;0.0;1;-30.0;30.0
1531;1530;8.0e-5;0.00083;0.0;208.0;208.0;208.0;1.0;0.0;1;-30.0;30.0
1533;1532;8.0e-5;0.00083;0.0;208.0;208.0;208.0;1.0;0.0;1;-30.0;30.0
1537;1536;8.0e-5;0.00083;0.0;208.0;208.0;208.0;1.0;0.0;1;-30.0;30.0
1539;1538;8.0e-5;0.00083;0.0;208.0;208.0;208.0;1.0;0.0;1;-30.0;30.0
1541;1540;8.0e-5;0.00083;0.0;208.0;208.0;208.0;1.0;0.0;1;-30.0;30.0
1549;1548;8.0e-5;0.00083;0.0;208.0;208.0;208.0;1.0;0.0;1;-30.0;30.0
1557;1556;8.0e-5;0.00083;0.0;208.0;208.0;208.0;1.0;0.0;1;-30.0;30.0
1559;1558;8.0e-5;0.00083;0.0;208.0;208.0;208.0;1.0;0.0;1;-30.0;30.0
1561;1560;8.0e-5;0.00083;0.0;208.0;208.0;208.0;1.0;0.0;1;-30.0;30.0
1563;1562;8.0e-5;0.00083;0.0;208.0;208.0;208.0;1.0;0.0;1;-30.0;30.0
1565;1564;8.0e-5;0.00083;0.0;208.0;208.0;208.0;1.0;0.0;1;-30.0;30.0
1570;1569;8.0e-5;0.00083;0.0;208.0;208.0;208.0;1.0;0.0;1;-30.0;30.0
1577;1576;8.0e-5;0.00083;0.0;208.0;208.0;208.0;1.0;0.0;1;-30.0;30.0
1582;1581;8.0e-5;0.00083;0.0;208.0;208.0;208.0;1.0;0.0;1;-30.0;30.0
1588;1587;8.0e-5;0.00083;0.0;208.0;208.0;208.0;1.0;0.0;1;-30.0;30.0
1592;1591;8.0e-5;0.00083;0.0;208.0;208.0;208.0;1.0;0.0;1;-30.0;30.0
1594;1593;8.0e-5;0.00083;0.0;208.0;208.0;208.0;1.0;0.0;1;-30.0;30.0
1596;1595;8.0e-5;0.00083;0.0;208.0;208.0;208.0;1.0;0.0;1;-30.0;30.0
1602;1601;8.0e-5;0.00083;0.0;208.0;208.0;208.0;1.0;0.0;1;-30.0;30.0
1605;1604;8.0e-5;0.00083;0.0;208.0;208.0;208.0;1.0;0.0;1;-30.0;30.0
1607;1606;8.0e-5;0.00083;0.0;208.0;208.0;208.0;1.0;0.0;1;-30.0;30.0
1609;1608;8.0e-5;0.00083;0.0;208.0;208.0;208.0;1.0;0.0;1;-30.0;30.0
1611;1610;8.0e-5;0.00083;0.0;208.0;208.0;208.0;1.0;0.0;1;-30.0;30.0
1613;1612;8.0e-5;0.00083;0.0;208.0;208.0;208.0;1.0;0.0;1;-30.0;30.0
1617;1616;8.0e-5;0.00083;0.0;208.0;208.0;208.0;1.0;0.0;1;-30.0;30.0
1619;1618;8.0e-5;0.00083;0.0;208.0;208.0;208.0;1.0;0.0;1;-30.0;30.0
1621;1620;8.0e-5;0.00083;0.0;208.0;208.0;208.0;1.0;0.0;1;-30.0;30.0
1623;1622;8.0e-5;0.00083;0.0;208.0;208.0;208.0;1.0;0.0;1;-30.0;30.0
1627;1626;8.0e-5;0.00083;0.0;208.0;208.0;208.0;1.0;0.0;1;-30.0;30.0
1632;1631;8.0e-5;0.00083;0.0;208.0;208.0;208.0;1.0;0.0;1;-30.0;30.0
1638;1637;8.0e-5;0.00083;0.0;208.0;208.0;208.0;1.0;0.0;1;-30.0;30.0
1640;1639;8.0e-5;0.00083;0.0;208.0;208.0;208.0;1.0;0.0;1;-30.0;30.0
1646;1645;8.0e-5;0.00083;0.0;208.0;208.0;208.0;1.0;0.0;1;-30.0;30.0
1648;1647;8.0e-5;0.00083;0.0;208.0;208.0;208.0;1.0;0.0;1;-30.0;30.0
1650;1649;8.0e-5;0.00083;0.0;208.0;208.0;208.0;1.0;0.0;1;-30.0;30.0
1652;1651;8.0e-5;0.00083;0.0;208.0;208.0;208.0;1.0;0.0;1;-30.0;30.0
1654;1653;8.0e-5;0.00083;0.0;208.0;208.0;208.0;1.0;0.0;1;-30.0;30.0
1656;1655;8.0e-5;0.00083;0.0;208.0;208.0;208.0;1.0;0.0;1;-30.0;30.0
1665;1664;8.0e-5;0.00083;0.0;208.0;208.0;208.0;1.0;0.0;1;-30.0;30.0
1667;1666;8.0e-5;0.00083;0.0;208.0;208.0;208.0;1.0;0.0;1;-30.0;30.0
1675;1674;8.0e-5;0.00083;0.0;208.0;208.0;208.0;1.0;0.0;1;-30.0;30.0
1677;1676;8.0e-5;0.00083;0.0;208.0;208.0;208.0;1.0;0.0;1;-30.0;30.0
1679;1678;8.0e-5;0.00083;0.0;208.0;208.0;208.0;1.0;0.0;1;-30.0;30.0
1681;1680;8.0e-5;0.00083;0.0;208.0;208.0;208.0;1.0;0.0;1;-30.0;30.0
1683;1682;8.0e-5;0.00083;0.0;208.0;208.0;208.0;1.0;0.0;1;-30.0;30.0
1685;1684;8.0e-5;0.00083;0.0;208.0;208.0;208.0;1.0;0.0;1;-30.0;30.0
1687;1686;8.0e-5;0.00083;0.0;208.0;208.0;208.0;1.0;0.0;1;-30.0;30.0
1689;1688;8.0e-5;0.00083;0.0;208.0;208.0;208.0;1.0;0.0;1;-30.0;30.0
1691;1690;8.0e-5;0.00083;0.0;208.0;208.0;208.0;1.0;0.0;1;-30.0;30.0
1699;1698;8.0e-5;0.00083;0.0;208.0;208.0;208.0;1.0;0.0;1;-30.0;30.0
1701;1700;8.0e-5;0.00083;0.0;208.0;208.0;208.0;1.0;0.0;1;-30.0;30.0
1703;1702;8.0e-5;0.00083;0.0;208.0;208.0;208.0;1.0;0.0;1;-30.0;30.0
1705;1704;8.0e-5;0.00083;0.0;208.0;208.0;208.0;1.0;0.0;1;-30.0;30.0
1709;1708;8.0e-5;0.00083;0.0;208.0;208.0;208.0;1.0;0.0;1;-30.0;30.0
1711;1710;8.0e-5;0.00083;0.0;208.0;208.0;208.0;1.0;0.0;1;-30.0;30.0
1715;1714;8.0e-5;0.00083;0.0;208.0;208.0;208.0;1.0;0.0;1;-30.0;30.0
1717;1716;8.0e-5;0.00083;0.0;208.0;208.0;208.0;1.0;0.0;1;-30.0;30.0
1719;1718;8.0e-5;0.00083;0.0;208.0;208.0;208.0;1.0;0.0;1;-30.0;30.0
1721;1720;8.0e-5;0.00083;0.0;208.0;208.0;208.0;1.0;0.0;1;-30.0;30.0
1723;1722;8.0e-5;0.00083;0.0;208.0;208.0;208.0;1.0;0.0;1;-30.0;30.0
1725;1724;8.0e-5;0.00083;0.0;208.0;208.0;208.0;1.0;0.0;1;-30.0;30.0
1729;1728;8.0e-5;0.00083;0.0;208.0;208.0;208.0;1.0;0.0;1;-30.0;30.0
1736;1735;8.0e-5;0.00083;0.0;208.0;208.0;208.0;1.0;0.0;1;-30.0;30.0
1740;1739;8.0e-5;0.00083;0.0;208.0;208.0;208.0;1.0;0.0;1;-30.0;30.0
1742;1741;8.0e-5;0.00083;0.0;208.0;208.0;208.0;1.0;0.0;1;-30.0;30.0
1744;1743;8.0e-5;0.00083;0.0;208.0;208.0;208.0;1.0;0.0;1;-30.0;30.0
1746;1745;8.0e-5;0.00083;0.0;208.0;208.0;208.0;1.0;0.0;1;-30.0;30.0
1748;1747;8.0e-5;0.00083;0.0;208.0;208.0;208.0;1.0;0.0;1;-30.0;30.0
1750;1749;8.0e-5;0.00083;0.0;208.0;208.0;208.0;1.0;0.0;1;-30.0;30.0
1752;1751;8.0e-5;0.00083;0.0;208.0;208.0;208.0;1.0;0.0;1;-30.0;30.0
1760;1759;8.0e-5;0.00083;0.0;208.0;208.0;208.0;1.0;0.0;1;-30.0;30.0
1766;1765;8.0e-5;0.00083;0.0;208.0;208.0;208.0;1.0;0.0;1;-30.0;30.0
1770;1769;8.0e-5;0.00083;0.0;208.0;208.0;208.0;1.0;0.0;1;-30.0;30.0
1772;1771;8.0e-5;0.00083;0.0;208.0;208.0;208.0;1.0;0.0;1;-30.0;30.0
1778;1777;8.0e-5;0.00083;0.0;208.0;208.0;208.0;1.0;0.0;1;-30.0;30.0
1780;1779;8.0e-5;0.00083;0.0;208.0;208.0;208.0;1.0;0.0;1;-30.0;30.0
1782;1781;8.0e-5;0.00083;0.0;208.0;208.0;208.0;1.0;0.0;1;-30.0;30.0
1786;1785;8.0e-5;0.00083;0.0;208.0;208.0;208.0;1.0;0.0;1;-30.0;30.0
1792;1791;8.0e-5;0.00083;0.0;208.0;208.0;208.0;1.0;0.0;1;-30.0;30.0
1794;1793;8.0e-5;0.00083;0.0;208.0;208.0;208.0;1.0;0.0;1;-30.0;30.0
1796;1795;8.0e-5;0.00083;0.0;208.0;208.0;208.0;1.0;0.0;1;-30.0;30.0
1802;1801;8.0e-5;0.00083;0.0;208.0;208.0;208.0;1.0;0.0;1;-30.0;30.0
1804;1803;8.0e-5;0.00083;0.0;208.0;208.0;208.0;1.0;0.0;1;-30.0;30.0
1808;1807;8.0e-5;0.00083;0.0;208.0;208.0;208.0;1.0;0.0;1;-30.0;30.0
1810;1809;8.0e-5;0.00083;0.0;208.0;208.0;208.0;1.0;0.0;1;-30.0;30.0
1812;1811;8.0e-5;0.00083;0.0;208.0;208.0;208.0;1.0;0.0;1;-30.0;30.0
1814;1813;8.0e-5;0.00083;0.0;208.0;208.0;208.0;1.0;0.0;1;-30.0;30.0
1816;1815;8.0e-5;0.00083;0.0;208.0;208.0;208.0;1.0;0.0;1;-30.0;30.0
1818;1817;8.0e-5;0.00083;0.0;208.0;208.0;208.0;1.0;0.0;1;-30.0;30.0
1820;1819;8.0e-5;0.00083;0.0;208.0;208.0;208.0;1.0;0.0;1;-30.0;30.0
1822;1821;8.0e-5;0.00083;0.0;208.0;208.0;208.0;1.0;0.0;1;-30.0;30.0
1826;1825;8.0e-5;0.00083;0.0;208.0;208.0;208.0;1.0;0.0;1;-30.0;30.0
1830;1829;8.0e-5;0.00083;0.0;208.0;208.0;208.0;1.0;0.0;1;-30.0;30.0
1832;1831;8.0e-5;0.00083;0.0;208.0;208.0;208.0;1.0;0.0;1;-30.0;30.0
1834;1833;8.0e-5;0.00083;0.0;208.0;208.0;208.0;1.0;0.0;1;-30.0;30.0
1836;1835;8.0e-5;0.00083;0.0;208.0;208.0;208.0;1.0;0.0;1;-30.0;30.0
1840;1839;8.0e-5;0.00083;0.0;208.0;208.0;208.0;1.0;0.0;1;-30.0;30.0
1842;1841;8.0e-5;0.00083;0.0;208.0;208.0;208.0;1.0;0.0;1;-30.0;30.0
1846;1845;8.0e-5;0.00083;0.0;208.0;208.0;208.0;1.0;0.0;1;-30.0;30.0
1848;1847;8.0e-5;0.00083;0.0;208.0;208.0;208.0;1.0;0.0;1;-30.0;30.0
1852;1851;8.0e-5;0.00083;0.0;208.0;208.0;208.0;1.0;0.0;1;-30.0;30.0
1854;1853;8.0e-5;0.00083;0.0;208.0;208.0;208.0;1.0;0.0;1;-30.0;30.0
1856;1855;8.0e-5;0.00083;0.0;208.0;208.0;208.0;1.0;0.0;1;-30.0;30.0
1858;1857;8.0e-5;0.00083;0.0;208.0;208.0;208.0;1.0;0.0;1;-30.0;30.0
1861;1860;8.0e-5;0.00083;0.0;208.0;208.0;208.0;1.0;0.0;1;-30.0;30.0
1863;1862;8.0e-5;0.00083;0.0;208.0;208.0;208.0;1.0;0.0;1;-30.0;30.0
1865;1864;8.0e-5;0.00083;0.0;208.0;208.0;208.0;1.0;0.0;1;-30.0;30.0
1873;1872;8.0e-5;0.00083;0.0;208.0;208.0;208.0;1.0;0.0;1;-30.0;30.0
1878;1877;8.0e-5;0.00083;0.0;208.0;208.0;208.0;1.0;0.0;1;-30.0;30.0
1882;1881;8.0e-5;0.00083;0.0;208.0;208.0;208.0;1.0;0.0;1;-30.0;30.0
1888;1887;8.0e-5;0.00083;0.0;208.0;208.0;208.0;1.0;0.0;1;-30.0;30.0
1891;1890;8.0e-5;0.00083;0.0;208.0;208.0;208.0;1.0;0.0;1;-30.0;30.0
1893;1892;8.0e-5;0.00083;0.0;208.0;208.0;208.0;1.0;0.0;1;-30.0;30.0
1897;1896;8.0e-5;0.00083;0.0;208.0;208.0;208.0;1.0;0.0;1;-30.0;30.0
1899;1898;8.0e-5;0.00083;0.0;208.0;208.0;208.0;1.0;0.0;1;-30.0;30.0
1904;1903;8.0e-5;0.00083;0.0;208.0;208.0;208.0;1.0;0.0;1;-30.0;30.0
1906;1905;8.0e-5;0.00083;0.0;208.0;208.0;208.0;1.0;0.0;1;-30.0;30.0
1908;1907;8.0e-5;0.00083;0.0;208.0;208.0;208.0;1.0;0.0;1;-30.0;30.0
1915;1914;8.0e-5;0.00083;0.0;208.0;208.0;208.0;1.0;0.0;1;-30.0;30.0
1921;1920;8.0e-5;0.00083;0.0;208.0;208.0;208.0;1.0;0.0;1;-30.0;30.0
1923;1922;8.0e-5;0.00083;0.0;208.0;208.0;208.0;1.0;0.0;1;-30.0;30.0
1932;1931;8.0e-5;0.00083;0.0;208.0;208.0;208.0;1.0;0.0;1;-30.0;30.0
1934;1933;8.0e-5;0.00083;0.0;208.0;208.0;208.0;1.0;0.0;1;-30.0;30.0
1940;1939;8.0e-5;0.00083;0.0;208.0;208.0;208.0;1.0;0.0;1;-30.0;30.0
1942;1941;8.0e-5;0.00083;0.0;208.0;208.0;208.0;1.0;0.0;1;-30.0;30.0
1946;1945;8.0e-5;0.00083;0.0;208.0;208.0;208.0;1.0;0.0;1;-30.0;30.0
1952;1951;8.0e-5;0.00083;0.0;208.0;208.0;208.0;1.0;0.0;1;-30.0;30.0
1954;1953;8.0e-5;0.00083;0.0;208.0;208.0;208.0;1.0;0.0;1;-30.0;30.0
1956;1955;8.0e-5;0.00083;0.0;208.0;208.0;208.0;1.0;0.0;1;-30.0;30.0
1961;1960;8.0e-5;0.00083;0.0;208.0;208.0;208.0;1.0;0.0;1;-30.0;30.0
1963;1962;8.0e-5;0.00083;0.0;208.0;208.0;208.0;1.0;0.0;1;-30.0;30.0
1965;1964;8.0e-5;0.00083;0.0;208.0;208.0;208.0;1.0;0.0;1;-30.0;30.0
1971;1970;8.0e-5;0.00083;0.0;208.0;208.0;208.0;1.0;0.0;1;-30.0;30.0
1973;1972;8.0e-5;0.00083;0.0;208.0;208.0;208.0;1.0;0.0;1;-30.0;30.0
1975;1974;8.0e-5;0.00083;0.0;208.0;208.0;208.0;1.0;0.0;1;-30.0;30.0
1977;1976;8.0e-5;0.00083;0.0;208.0;208.0;208.0;1.0;0.0;1;-30.0;30.0
1979;1978;8.0e-5;0.00083;0.0;208.0;208.0;208.0;1.0;0.0;1;-30.0;30.0
1981;1980;8.0e-5;0.00083;0.0;208.0;208.0;208.0;1.0;0.0;1;-30.0;30.0
1983;1982;8.0e-5;0.00083;0.0;208.0;208.0;208.0;1.0;0.0;1;-30.0;30.0
1987;1986;8.0e-5;0.00083;0.0;208.0;208.0;208.0;1.0;0.0;1;-30.0;30.0
1989;1988;8.0e-5;0.00083;0.0;208.0;208.0;208.0;1.0;0.0;1;-30.0;30.0
1993;1992;8.0e-5;0.00083;0.0;208.0;208.0;208.0;1.0;0.0;1;-30.0;30.0
1995;1994;8.0e-5;0.00083;0.0;208.0;208.0;208.0;1.0;0.0;1;-30.0;30.0
1997;1996;8.0e-5;0.00083;0.0;208.0;208.0;208.0;1.0;0.0;1;-30.0;30.0
1999;1998;8.0e-5;0.00083;0.0;208.0;208.0;208.0;1.0;0.0;1;-30.0;30.0
2001;2000;8.0e-5;0.00083;0.0;208.0;208.0;208.0;1.0;0.0;1;-30.0;30.0
2003;2002;8.0e-5;0.00083;0.0;208.0;208.0;208.0;1.0;0.0;1;-30.0;30.0
2005;2004;8.0e-5;0.00083;0.0;208.0;208.0;208.0;1.0;0.0;1;-30.0;30.0
2011;2010;8.0e-5;0.00083;0.0;208.0;208.0;208.0;1.0;0.0;1;-30.0;30.0
2013;2012;8.0e-5;0.00083;0.0;208.0;208.0;208.0;1.0;0.0;1;-30.0;30.0
2015;2014;8.0e-5;0.00083;0.0;208.0;208.0;208.0;1.0;0.0;1;-30.0;30.0
2019;2018;8.0e-5;0.00083;0.0;208.0;208.0;208.0;1.0;0.0;1;-30.0;30.0
2023;2022;8.0e-5;0.00083;0.0;208.0;208.0;208.0;1.0;0.0;1;-30.0;30.0
2028;2027;8.0e-5;0.00083;0.0;208.0;208.0;208.0;1.0;0.0;1;-30.0;30.0
2030;2029;8.0e-5;0.00083;0.0;208.0;208.0;208.0;1.0;0.0;1;-30.0;30.0
2032;2031;8.0e-5;0.00083;0.0;208.0;208.0;208.0;1.0;0.0;1;-30.0;30.0
2034;2033;8.0e-5;0.00083;0.0;208.0;208.0;208.0;1.0;0.0;1;-30.0;30.0
2036;2035;8.0e-5;0.00083;0.0;208.0;208.0;208.0;1.0;0.0;1;-30.0;30.0
2038;2037;8.0e-5;0.00083;0.0;208.0;208.0;208.0;1.0;0.0;1;-30.0;30.0
2046;2045;8.0e-5;0.00083;0.0;208.0;208.0;208.0;1.0;0.0;1;-30.0;30.0
2048;2047;8.0e-5;0.00083;0.0;208.0;208.0;208.0;1.0;0.0;1;-30.0;30.0
2050;2049;8.0e-5;0.00083;0.0;208.0;208.0;208.0;1.0;0.0;1;-30.0;30.0
2052;2051;8.0e-5;0.00083;0.0;208.0;208.0;208.0;1.0;0.0;1;-30.0;30.0
2057;2056;8.0e-5;0.00083;0.0;208.0;208.0;208.0;1.0;0.0;1;-30.0;30.0
2059;2058;8.0e-5;0.00083;0.0;208.0;208.0;208.0;1.0;0.0;1;-30.0;30.0
2061;2060;8.0e-5;0.00083;0.0;208.0;208.0;208.0;1.0;0.0;1;-30.0;30.0
2070;2069;8.0e-5;0.00083;0.0;208.0;208.0;208.0;1.0;0.0;1;-30.0;30.0
2072;2071;8.0e-5;0.00083;0.0;208.0;208.0;208.0;1.0;0.0;1;-30.0;30.0
2074;2073;8.0e-5;0.00083;0.0;208.0;208.0;208.0;1.0;0.0;1;-30.0;30.0
2076;2075;8.0e-5;0.00083;0.0;208.0;208.0;208.0;1.0;0.0;1;-30.0;30.0
2078;2077;8.0e-5;0.00083;0.0;208.0;208.0;208.0;1.0;0.0;1;-30.0;30.0
2080;2079;8.0e-5;0.00083;0.0;208.0;208.0;208.0;1.0;0.0;1;-30.0;30.0
2087;2086;8.0e-5;0.00083;0.0;208.0;208.0;208.0;1.0;0.0;1;-30.0;30.0
2089;2088;8.0e-5;0.00083;0.0;208.0;208.0;208.0;1.0;0.0;1;-30.0;30.0
2101;2100;8.0e-5;0.00083;0.0;208.0;208.0;208.0;1.0;0.0;1;-30.0;30.0
2103;2102;8.0e-5;0.00083;0.0;208.0;208.0;208.0;1.0;0.0;1;-30.0;30.0
2105;2104;8.0e-5;0.00083;0.0;208.0;208.0;208.0;1.0;0.0;1;-30.0;30.0
2107;2106;8.0e-5;0.00083;0.0;208.0;208.0;208.0;1.0;0.0;1;-30.0;30.0
2109;2108;8.0e-5;0.00083;0.0;208.0;208.0;208.0;1.0;0.0;1;-30.0;30.0
2113;2112;8.0e-5;0.00083;0.0;208.0;208.0;208.0;1.0;0.0;1;-30.0;30.0
2115;2114;8.0e-5;0.00083;0.0;208.0;208.0;208.0;1.0;0.0;1;-30.0;30.0
2117;2116;8.0e-5;0.00083;0.0;208.0;208.0;208.0;1.0;0.0;1;-30.0;30.0
2119;2118;8.0e-5;0.00083;0.0;208.0;208.0;208.0;1.0;0.0;1;-30.0;30.0
2121;2120;8.0e-5;0.00083;0.0;208.0;208.0;208.0;1.0;0.0;1;-30.0;30.0
2123;2122;8.0e-5;0.00083;0.0;208.0;208.0;208.0;1.0;0.0;1;-30.0;30.0
2125;2124;8.0e-5;0.00083;0.0;208.0;208.0;208.0;1.0;0.0;1;-30.0;30.0
2127;2126;8.0e-5;0.00083;0.0;208.0;208.0;208.0;1.0;0.0;1;-30.0;30.0
2129;2128;8.0e-5;0.00083;0.0;208.0;208.0;208.0;1.0;0.0;1;-30.0;30.0
2131;2130;8.0e-5;0.00083;0.0;208.0;208.0;208.0;1.0;0.0;1;-30.0;30.0
2138;2137;8.0e-5;0.00083;0.0;208.0;208.0;208.0;1.0;0.0;1;-30.0;30.0
2140;2139;8.0e-5;0.00083;0.0;208.0;208.0;208.0;1.0;0.0;1;-30.0;30.0
2142;2141;8.0e-5;0.00083;0.0;208.0;208.0;208.0;1.0;0.0;1;-30.0;30.0
2146;2145;8.0e-5;0.00083;0.0;208.0;208.0;208.0;1.0;0.0;1;-30.0;30.0
2148;2147;8.0e-5;0.00083;0.0;208.0;208.0;208.0;1.0;0.0;1;-30.0;30.0
2153;2152;8.0e-5;0.00083;0.0;208.0;208.0;208.0;1.0;0.0;1;-30.0;30.0
2160;2159;8.0e-5;0.00083;0.0;208.0;208.0;208.0;1.0;0.0;1;-30.0;30.0
2165;2164;8.0e-5;0.00083;0.0;208.0;208.0;208.0;1.0;0.0;1;-30.0;30.0
2168;2167;8.0e-5;0.00083;0.0;208.0;208.0;208.0;1.0;0.0;1;-30.0;30.0
2171;2170;8.0e-5;0.00083;0.0;208.0;208.0;208.0;1.0;0.0;1;-30.0;30.0
2188;2187;8.0e-5;0.00083;0.0;208.0;208.0;208.0;1.0;0.0;1;-30.0;30.0
2200;2199;8.0e-5;0.00083;0.0;208.0;208.0;208.0;1.0;0.0;1;-30.0;30.0
2208;2207;8.0e-5;0.00083;0.0;208.0;208.0;208.0;1.0;0.0;1;-30.0;30.0
2217;2216;8.0e-5;0.00083;0.0;208.0;208.0;208.0;1.0;0.0;1;-30.0;30.0
2219;2218;8.0e-5;0.00083;0.0;208.0;208.0;208.0;1.0;0.0;1;-30.0;30.0
2223;2222;8.0e-5;0.00083;0.0;208.0;208.0;208.0;1.0;0.0;1;-30.0;30.0
2234;2233;8.0e-5;0.00083;0.0;208.0;208.0;208.0;1.0;0.0;1;-30.0;30.0
2237;2236;8.0e-5;0.00083;0.0;208.0;208.0;208.0;1.0;0.0;1;-30.0;30.0
2243;2242;8.0e-5;0.00083;0.0;208.0;208.0;208.0;1.0;0.0;1;-30.0;30.0
2249;2248;8.0e-5;0.00083;0.0;208.0;208.0;208.0;1.0;0.0;1;-30.0;30.0
2251;2250;8.0e-5;0.00083;0.0;208.0;208.0;208.0;1.0;0.0;1;-30.0;30.0
2259;2258;8.0e-5;0.00083;0.0;208.0;208.0;208.0;1.0;0.0;1;-30.0;30.0
2268;2267;8.0e-5;0.00083;0.0;208.0;208.0;208.0;1.0;0.0;1;-30.0;30.0
2273;2272;8.0e-5;0.00083;0.0;208.0;208.0;208.0;1.0;0.0;1;-30.0;30.0
2277;2276;8.0e-5;0.00083;0.0;208.0;208.0;208.0;1.0;0.0;1;-30.0;30.0
2299;2298;8.0e-5;0.00083;0.0;208.0;208.0;208.0;1.0;0.0;1;-30.0;30.0
2314;2313;8.0e-5;0.00083;0.0;208.0;208.0;208.0;1.0;0.0;1;-30.0;30.0
2331;2330;8.0e-5;0.00083;0.0;208.0;208.0;208.0;1.0;0.0;1;-30.0;30.0
2335;2334;8.0e-5;0.00083;0.0;208.0;208.0;208.0;1.0;0.0;1;-30.0;30.0
2340;2339;8.0e-5;0.00083;0.0;208.0;208.0;208.0;1.0;0.0;1;-30.0;30.0
2346;2345;8.0e-5;0.00083;0.0;208.0;208.0;208.0;1.0;0.0;1;-30.0;30.0
2352;2351;8.0e-5;0.00083;0.0;208.0;208.0;208.0;1.0;0.0;1;-30.0;30.0
2360;2359;8.0e-5;0.00083;0.0;208.0;208.0;208.0;1.0;0.0;1;-30.0;30.0
2367;2366;8.0e-5;0.00083;0.0;208.0;208.0;208.0;1.0;0.0;1;-30.0;30.0
2376;2375;8.0e-5;0.00083;0.0;208.0;208.0;208.0;1.0;0.0;1;-30.0;30.0
2378;2377;8.0e-5;0.00083;0.0;208.0;208.0;208.0;1.0;0.0;1;-30.0;30.0
2432;2431;8.0e-5;0.00083;0.0;208.0;208.0;208.0;1.0;0.0;1;-30.0;30.0
2444;2443;8.0e-5;0.00083;0.0;208.0;208.0;208.0;1.0;0.0;1;-30.0;30.0
2452;2451;8.0e-5;0.00083;0.0;208.0;208.0;208.0;1.0;0.0;1;-30.0;30.0
2457;2456;8.0e-5;0.00083;0.0;208.0;208.0;208.0;1.0;0.0;1;-30.0;30.0
2460;2459;8.0e-5;0.00083;0.0;208.0;208.0;208.0;1.0;0.0;1;-30.0;30.0
2465;2464;8.0e-5;0.00083;0.0;208.0;208.0;208.0;1.0;0.0;1;-30.0;30.0
2471;2470;8.0e-5;0.00083;0.0;208.0;208.0;208.0;1.0;0.0;1;-30.0;30.0
2482;2481;8.0e-5;0.00083;0.0;208.0;208.0;208.0;1.0;0.0;1;-30.0;30.0
2489;2488;8.0e-5;0.00083;0.0;208.0;208.0;208.0;1.0;0.0;1;-30.0;30.0
2493;2492;8.0e-5;0.00083;0.0;208.0;208.0;208.0;1.0;0.0;1;-30.0;30.0
2498;2497;8.0e-5;0.00083;0.0;208.0;208.0;208.0;1.0;0.0;1;-30.0;30.0
2509;2508;8.0e-5;0.00083;0.0;208.0;208.0;208.0;1.0;0.0;1;-30.0;30.0
2513;2512;8.0e-5;0.00083;0.0;208.0;208.0;208.0;1.0;0.0;1;-30.0;30.0
2516;2515;8.0e-5;0.00083;0.0;208.0;208.0;208.0;1.0;0.0;1;-30.0;30.0
2524;2523;8.0e-5;0.00083;0.0;208.0;208.0;208.0;1.0;0.0;1;-30.0;30.0
2526;2525;8.0e-5;0.00083;0.0;208.0;208.0;208.0;1.0;0.0;1;-30.0;30.0
2550;2549;8.0e-5;0.00083;0.0;208.0;208.0;208.0;1.0;0.0;1;-30.0;30.0
2579;2578;8.0e-5;0.00083;0.0;208.0;208.0;208.0;1.0;0.0;1;-30.0;30.0
2581;2580;8.0e-5;0.00083;0.0;208.0;208.0;208.0;1.0;0.0;1;-30.0;30.0
2586;2585;8.0e-5;0.00083;0.0;208.0;208.0;208.0;1.0;0.0;1;-30.0;30.0
2589;2588;8.0e-5;0.00083;0.0;208.0;208.0;208.0;1.0;0.0;1;-30.0;30.0
2597;2596;8.0e-5;0.00083;0.0;208.0;208.0;208.0;1.0;0.0;1;-30.0;30.0
2605;2604;8.0e-5;0.00083;0.0;208.0;208.0;208.0;1.0;0.0;1;-30.0;30.0
2609;2608;8.0e-5;0.00083;0.0;208.0;208.0;208.0;1.0;0.0;1;-30.0;30.0
2619;2618;8.0e-5;0.00083;0.0;208.0;208.0;208.0;1.0;0.0;1;-30.0;30.0
2629;2628;8.0e-5;0.00083;0.0;208.0;208.0;208.0;1.0;0.0;1;-30.0;30.0
2667;2666;8.0e-5;0.00083;0.0;208.0;208.0;208.0;1.0;0.0;1;-30.0;30.0
2669;2668;8.0e-5;0.00083;0.0;208.0;208.0;208.0;1.0;0.0;1;-30.0;30.0
2671;2670;8.0e-5;0.00083;0.0;208.0;208.0;208.0;1.0;0.0;1;-30.0;30.0
2687;2686;8.0e-5;0.00083;0.0;208.0;208.0;208.0;1.0;0.0;1;-30.0;30.0
2701;2700;8.0e-5;0.00083;0.0;208.0;208.0;208.0;1.0;0.0;1;-30.0;30.0
2713;2712;8.0e-5;0.00083;0.0;208.0;208.0;208.0;1.0;0.0;1;-30.0;30.0
2718;2717;8.0e-5;0.00083;0.0;208.0;208.0;208.0;1.0;0.0;1;-30.0;30.0
2738;2737;8.0e-5;0.00083;0.0;208.0;208.0;208.0;1.0;0.0;1;-30.0;30.0
2740;2739;8.0e-5;0.00083;0.0;208.0;208.0;208.0;1.0;0.0;1;-30.0;30.0
2755;2754;8.0e-5;0.00083;0.0;208.0;208.0;208.0;1.0;0.0;1;-30.0;30.0
2770;2769;8.0e-5;0.00083;0.0;208.0;208.0;208.0;1.0;0.0;1;-30.0;30.0
2771;2770;8.0e-5;0.00083;0.0;208.0;208.0;208.0;1.0;0.0;1;-30.0;30.0
2780;2779;8.0e-5;0.00083;0.0;208.0;208.0;208.0;1.0;0.0;1;-30.0;30.0
2787;2786;8.0e-5;0.00083;0.0;208.0;208.0;208.0;1.0;0.0;1;-30.0;30.0
2807;2806;8.0e-5;0.00083;0.0;208.0;208.0;208.0;1.0;0.0;1;-30.0;30.0
2812;2810;8.0e-5;0.00083;0.0;208.0;208.0;208.0;1.0;0.0;1;-30.0;30.0
2810;2811;8.0e-5;0.00083;0.0;208.0;208.0;208.0;1.0;0.0;1;-30.0;30.0
2831;2830;8.0e-5;0.00083;0.0;208.0;208.0;208.0;1.0;0.0;1;-30.0;30.0
2855;2854;8.0e-5;0.00083;0.0;208.0;208.0;208.0;1.0;0.0;1;-30.0;30.0
2858;2857;8.0e-5;0.00083;0.0;208.0;208.0;208.0;1.0;0.0;1;-30.0;30.0
2873;2872;8.0e-5;0.00083;0.0;208.0;208.0;208.0;1.0;0.0;1;-30.0;30.0
2879;2878;8.0e-5;0.00083;0.0;208.0;208.0;208.0;1.0;0.0;1;-30.0;30.0
3000;2999;8.0e-5;0.00083;0.0;208.0;208.0;208.0;1.0;0.0;1;-30.0;30.0
2928;2927;8.0e-5;0.00083;0.0;208.0;208.0;208.0;1.0;0.0;1;-30.0;30.0
2930;2929;8.0e-5;0.00083;0.0;208.0;208.0;208.0;1.0;0.0;1;-30.0;30.0
2948;2947;8.0e-5;0.00083;0.0;208.0;208.0;208.0;1.0;0.0;1;-30.0;30.0
2969;2968;8.0e-5;0.00083;0.0;208.0;208.0;208.0;1.0;0.0;1;-30.0;30.0
2973;2972;8.0e-5;0.00083;0.0;208.0;208.0;208.0;1.0;0.0;1;-30.0;30.0
2985;2984;8.0e-5;0.00083;0.0;208.0;208.0;208.0;1.0;0.0;1;-30.0;30.0
2990;2989;8.0e-5;0.00083;0.0;208.0;208.0;208.0;1.0;0.0;1;-30.0;30.0
2995;2994;8.0e-5;0.00083;0.0;208.0;208.0;208.0;1.0;0.0;1;-30.0;30.0
2698;2697;8.0e-5;0.00083;0.0;208.0;208.0;208.0;1.0;0.0;1;-30.0;30.0
2915;2914;8.0e-5;0.00083;0.0;208.0;208.0;208.0;1.0;0.0;1;-30.0;30.0
2912;2911;8.0e-5;0.00083;0.0;208.0;208.0;208.0;1.0;0.0;1;-30.0;30.0
2778;2777;8.0e-5;0.00083;0.0;208.0;208.0;208.0;1.0;0.0;1;-30.0;30.0
2980;2979;8.0e-5;0.00083;0.0;208.0;208.0;208.0;1.0;0.0;1;-30.0;30.0
2953;2952;8.0e-5;0.00083;0.0;208.0;208.0;208.0;1.0;0.0;1;-30.0;30.0
2992;2991;8.0e-5;0.00083;0.0;208.0;208.0;208.0;1.0;0.0;1;-30.0;30.0
2935;2934;8.0e-5;0.00083;0.0;208.0;208.0;208.0;1.0;0.0;1;-30.0;30.0
2826;2825;8.0e-5;0.00083;0.0;208.0;208.0;208.0;1.0;0.0;1;-30.0;30.0
2721;2720;8.0e-5;0.00083;0.0;208.0;208.0;208.0;1.0;0.0;1;-30.0;30.0
2888;2887;8.0e-5;0.00083;0.0;208.0;208.0;208.0;1.0;0.0;1;-30.0;30.0
2835;2834;8.0e-5;0.00083;0.0;208.0;208.0;208.0;1.0;0.0;1;-30.0;30.0
223;222;1.0e-5;6.0e-5;0.0;581.0;581.0;581.0;1.0;0.0;1;-30.0;30.0
2179;2178;8.0e-5;0.00083;0.0;208.0;208.0;208.0;1.0;0.0;1;-30.0;30.0
